_seed_probe.hello.greet	src/_seed_probe/hello/greet.s
_seed_probe.main	src/_seed_probe/main.s
backend	src/cmd/compile/internal/backend/assembler.s
backend	src/cmd/compile/internal/backend/assembly_generator.s
backend	src/cmd/compile/internal/backend/backend_native.s
backend	src/cmd/compile/internal/backend/codegen_core.s
backend	src/cmd/compile/internal/backend/codegen_demos.s
backend	src/cmd/compile/internal/backend/codegen_x86_64.s
backend	src/cmd/compile/internal/backend/compilation_driver.s
backend	src/cmd/compile/internal/backend/compiler_pipeline.s
backend	src/cmd/compile/internal/backend/direct_codegen.s
backend	src/cmd/compile/internal/backend/elf64_gen.s
backend	src/cmd/compile/internal/backend/end_to_end.s
backend	src/cmd/compile/internal/backend/instr_select.s
backend	src/cmd/compile/internal/backend/instruction_select.s
backend	src/cmd/compile/internal/backend/instruction_selector.s
backend	src/cmd/compile/internal/backend/linker.s
backend	src/cmd/compile/internal/backend/live_range.s
backend	src/cmd/compile/internal/backend/machine_prog.s
backend	src/cmd/compile/internal/backend/native_compiler.s
backend	src/cmd/compile/internal/backend/optimizer.s
backend	src/cmd/compile/internal/backend/register_allocator.s
backend	src/cmd/compile/internal/backend/ssa_lower.s
backend	src/cmd/compile/internal/backend/stack_frame.s
bootstrap	src/cmd/compile/bootstrap/bootstrap.s
borrow_checker_guide	src/borrow_checker.s
cmd	src/cmd/ast_dump/main.s
cmd	src/cmd/compile/main.s
cmd	src/cmd/compile/modular_build_main.s
cmd	src/cmd/compile/selfhost/elf_gen.s
cmd	src/cmd/compile/selfhost/ir_codegen.s
cmd	src/cmd/compile/selfhost/x86_64_codegen.s
cmd	src/cmd/lex_dump/main.s
cmd	src/cmd/s/main.s
cmd	src/cmd/test_compiler/main.s
cmd.compile.internal.ssa	src/cmd/compile/internal/ssa/rules_generic.s
codegen.test	src/cmd/compile/seed/codegen/test_native.s
compile	src/cmd/compile/internal/compile_optimization_pipeline.s
compile	src/cmd/compile/test_complete_system.s
compile.compiler	src/cmd/compile/compiler.s
compile.internal.abi	src/cmd/compile/internal/abi/abiutils.s
compile.internal.abt	src/cmd/compile/internal/abt/avlint32.s
compile.internal.amd64	src/cmd/compile/internal/amd64/amd64.s
compile.internal.amd64	src/cmd/compile/internal/amd64/galign.s
compile.internal.amd64	src/cmd/compile/internal/amd64/ggen.s
compile.internal.amd64	src/cmd/compile/internal/amd64/simdssa.s
compile.internal.amd64	src/cmd/compile/internal/amd64/ssa.s
compile.internal.amd64p32	src/cmd/compile/internal/amd64p32/amd64p32.s
compile.internal.arch	src/cmd/compile/internal/arch/arch.s
compile.internal.arm	src/cmd/compile/internal/arm/galign.s
compile.internal.arm	src/cmd/compile/internal/arm/ggen.s
compile.internal.arm	src/cmd/compile/internal/arm/ssa.s
compile.internal.arm64	src/cmd/compile/internal/arm64/arm64.s
compile.internal.arm64	src/cmd/compile/internal/arm64/galign.s
compile.internal.arm64	src/cmd/compile/internal/arm64/ggen.s
compile.internal.arm64	src/cmd/compile/internal/arm64/ssa.s
compile.internal.backend	src/cmd/compile/internal/backend/backend.s
compile.internal.backend_elf64	src/cmd/compile/internal/backend_elf64.s
compile.internal.base	src/cmd/compile/internal/base/base.s
compile.internal.base	src/cmd/compile/internal/base/bootstrap_false.s
compile.internal.base	src/cmd/compile/internal/base/bootstrap_true.s
compile.internal.base	src/cmd/compile/internal/base/debug.s
compile.internal.base	src/cmd/compile/internal/base/flag.s
compile.internal.base	src/cmd/compile/internal/base/hashdebug.s
compile.internal.base	src/cmd/compile/internal/base/link.s
compile.internal.base	src/cmd/compile/internal/base/mapfile_mmap.s
compile.internal.base	src/cmd/compile/internal/base/mapfile_read.s
compile.internal.base	src/cmd/compile/internal/base/print.s
compile.internal.base	src/cmd/compile/internal/base/startheap.s
compile.internal.base	src/cmd/compile/internal/base/timings.s
compile.internal.bitvec	src/cmd/compile/internal/bitvec/bv.s
compile.internal.bloop	src/cmd/compile/internal/bloop/bloop.s
compile.internal.borrow	src/cmd/compile/internal/borrow.s
compile.internal.bounds	src/cmd/compile/internal/bounds/bounds.s
compile.internal.build	src/cmd/compile/internal/build/build.s
compile.internal.build.backend	src/cmd/compile/internal/build/backend/backend.s
compile.internal.build.cache	src/cmd/compile/internal/build/cache/cache.s
compile.internal.build.emit	src/cmd/compile/internal/build/emit/emit.s
compile.internal.build.exec	src/cmd/compile/internal/build/exec/exec.s
compile.internal.build.frontend	src/cmd/compile/internal/build/frontend/frontend.s
compile.internal.build.parse	src/cmd/compile/internal/build/parse/parse.s
compile.internal.build.report	src/cmd/compile/internal/build/report/report.s
compile.internal.build.utils	src/cmd/compile/internal/build/utils.s
compile.internal.check	src/cmd/compile/internal/check/check.s
compile.internal.codegen	src/cmd/compile/bootstrap_demo.s
compile.internal.codegen	src/cmd/compile/internal/codegen/bootstrap_integration.s
compile.internal.codegen	src/cmd/compile/internal/codegen/codegen.s
compile.internal.codegen	src/cmd/compile/internal/codegen/compiler_integration.s
compile.internal.codegen	src/cmd/compile/internal/codegen/direct_amd64_gen.s
compile.internal.codegen	src/cmd/compile/internal/codegen/encoding.s
compile.internal.codegen	src/cmd/compile/internal/codegen/examples.s
compile.internal.codegen	src/cmd/compile/internal/codegen/go_style_codegen.s
compile.internal.codegen	src/cmd/compile/internal/codegen/machine.s
compile.internal.codegen	src/cmd/compile/internal/codegen/relocation.s
compile.internal.compare	src/cmd/compile/internal/compare/compare.s
compile.internal.compiler	src/cmd/compile/internal/compiler/compiler.s
compile.internal.compiler.hosted_compiler	src/cmd/compile/internal/compiler/hosted_compiler/hosted_compiler.s
compile.internal.deadlocals	src/cmd/compile/internal/deadlocals/deadlocals.s
compile.internal.devirtualize	src/cmd/compile/internal/devirtualize/devirtualize.s
compile.internal.devirtualize	src/cmd/compile/internal/devirtualize/pgo.s
compile.internal.dispatch	src/cmd/compile/internal/dispatch/dispatch.s
compile.internal.dispatch.devirtualize	src/cmd/compile/internal/dispatch/devirtualize.s
compile.internal.drop_flag	src/cmd/compile/internal/drop_flag.s
compile.internal.drop_state_v2	src/cmd/compile/internal/drop_state_v2.s
compile.internal.drop_system	src/cmd/compile/internal/drop_system.s
compile.internal.dwarfgen	src/cmd/compile/internal/dwarfgen/dwarf.s
compile.internal.dwarfgen	src/cmd/compile/internal/dwarfgen/dwinl.s
compile.internal.dwarfgen	src/cmd/compile/internal/dwarfgen/marker.s
compile.internal.dwarfgen	src/cmd/compile/internal/dwarfgen/scope.s
compile.internal.field_level_drop_flag	src/cmd/compile/internal/field_level_drop_flag.s
compile.internal.field_virtualization	src/cmd/compile/internal/field_virtualization.s
compile.internal.frontend	src/cmd/compile/internal/frontend/ast.s
compile.internal.frontend	src/cmd/compile/internal/frontend/lexer.s
compile.internal.frontend	src/cmd/compile/internal/frontend/parser.s
compile.internal.frontend	src/cmd/compile/internal/frontend/semantic.s
compile.internal.gc	src/cmd/compile/internal/gc/compile.s
compile.internal.gc	src/cmd/compile/internal/gc/export.s
compile.internal.gc	src/cmd/compile/internal/gc/gc.s
compile.internal.gc	src/cmd/compile/internal/gc/main.s
compile.internal.gc	src/cmd/compile/internal/gc/obj.s
compile.internal.gc	src/cmd/compile/internal/gc/util.s
compile.internal.golden	src/cmd/compile/internal/golden.s
compile.internal.importer	src/cmd/compile/internal/importer/gcimporter.s
compile.internal.importer	src/cmd/compile/internal/importer/support.s
compile.internal.importer	src/cmd/compile/internal/importer/ureader.s
compile.internal.importer.testdata	src/cmd/compile/internal/importer/testdata/a.s
compile.internal.importer.testdata	src/cmd/compile/internal/importer/testdata/b.s
compile.internal.importer.testdata	src/cmd/compile/internal/importer/testdata/exports.s
compile.internal.importer.testdata	src/cmd/compile/internal/importer/testdata/generics.s
compile.internal.importer.testdata	src/cmd/compile/internal/importer/testdata/genmeth.s
compile.internal.importer.testdata	src/cmd/compile/internal/importer/testdata/issue15920.s
compile.internal.importer.testdata	src/cmd/compile/internal/importer/testdata/issue20046.s
compile.internal.importer.testdata	src/cmd/compile/internal/importer/testdata/issue25301.s
compile.internal.importer.testdata	src/cmd/compile/internal/importer/testdata/issue25596.s
compile.internal.importer.testdata	src/cmd/compile/internal/importer/testdata/issue63285.s
compile.internal.importer.testdata	src/cmd/compile/internal/importer/testdata/issue69912.s
compile.internal.importer.testdata	src/cmd/compile/internal/importer/testdata/p.s
compile.internal.importer.testdata.versions	src/cmd/compile/internal/importer/testdata/versions/test.s
compile.internal.inline	src/cmd/compile/internal/inline/inl.s
compile.internal.inline	src/cmd/compile/internal/inline/inline.s
compile.internal.inline.inlheur	src/cmd/compile/internal/inline/inlheur/actualexprpropbits_string.s
compile.internal.inline.inlheur	src/cmd/compile/internal/inline/inlheur/analyze.s
compile.internal.inline.inlheur	src/cmd/compile/internal/inline/inlheur/analyze_func_callsites.s
compile.internal.inline.inlheur	src/cmd/compile/internal/inline/inlheur/analyze_func_flags.s
compile.internal.inline.inlheur	src/cmd/compile/internal/inline/inlheur/analyze_func_params.s
compile.internal.inline.inlheur	src/cmd/compile/internal/inline/inlheur/analyze_func_returns.s
compile.internal.inline.inlheur	src/cmd/compile/internal/inline/inlheur/callsite.s
compile.internal.inline.inlheur	src/cmd/compile/internal/inline/inlheur/cspropbits_string.s
compile.internal.inline.inlheur	src/cmd/compile/internal/inline/inlheur/eclassify.s
compile.internal.inline.inlheur	src/cmd/compile/internal/inline/inlheur/funcprop_string.s
compile.internal.inline.inlheur	src/cmd/compile/internal/inline/inlheur/funcpropbits_string.s
compile.internal.inline.inlheur	src/cmd/compile/internal/inline/inlheur/function_properties.s
compile.internal.inline.inlheur	src/cmd/compile/internal/inline/inlheur/names.s
compile.internal.inline.inlheur	src/cmd/compile/internal/inline/inlheur/parampropbits_string.s
compile.internal.inline.inlheur	src/cmd/compile/internal/inline/inlheur/pstate_string.s
compile.internal.inline.inlheur	src/cmd/compile/internal/inline/inlheur/resultpropbits_string.s
compile.internal.inline.inlheur	src/cmd/compile/internal/inline/inlheur/score_callresult_uses.s
compile.internal.inline.inlheur	src/cmd/compile/internal/inline/inlheur/scoreadjusttyp_string.s
compile.internal.inline.inlheur	src/cmd/compile/internal/inline/inlheur/scoring.s
compile.internal.inline.inlheur	src/cmd/compile/internal/inline/inlheur/serialize.s
compile.internal.inline.inlheur	src/cmd/compile/internal/inline/inlheur/trace_off.s
compile.internal.inline.inlheur	src/cmd/compile/internal/inline/inlheur/trace_on.s
compile.internal.inline.inlheur.testdata	src/cmd/compile/internal/inline/inlheur/testdata/dumpscores.s
compile.internal.inline.inlheur.testdata.props	src/cmd/compile/internal/inline/inlheur/testdata/props/acrosscall.s
compile.internal.inline.inlheur.testdata.props	src/cmd/compile/internal/inline/inlheur/testdata/props/calls.s
compile.internal.inline.inlheur.testdata.props	src/cmd/compile/internal/inline/inlheur/testdata/props/funcflags.s
compile.internal.inline.inlheur.testdata.props	src/cmd/compile/internal/inline/inlheur/testdata/props/params.s
compile.internal.inline.inlheur.testdata.props	src/cmd/compile/internal/inline/inlheur/testdata/props/returns.s
compile.internal.inline.inlheur.testdata.props	src/cmd/compile/internal/inline/inlheur/testdata/props/returns2.s
compile.internal.inline.interleaved	src/cmd/compile/internal/inline/interleaved/interleaved.s
compile.internal.ir	src/cmd/compile/internal/ir/abi.s
compile.internal.ir	src/cmd/compile/internal/ir/bitset.s
compile.internal.ir	src/cmd/compile/internal/ir/check_reassign_no.s
compile.internal.ir	src/cmd/compile/internal/ir/check_reassign_yes.s
compile.internal.ir	src/cmd/compile/internal/ir/class_string.s
compile.internal.ir	src/cmd/compile/internal/ir/const.s
compile.internal.ir	src/cmd/compile/internal/ir/copy.s
compile.internal.ir	src/cmd/compile/internal/ir/dump.s
compile.internal.ir	src/cmd/compile/internal/ir/expr.s
compile.internal.ir	src/cmd/compile/internal/ir/fmt.s
compile.internal.ir	src/cmd/compile/internal/ir/func.s
compile.internal.ir	src/cmd/compile/internal/ir/html.s
compile.internal.ir	src/cmd/compile/internal/ir/ir.s
compile.internal.ir	src/cmd/compile/internal/ir/mini.s
compile.internal.ir	src/cmd/compile/internal/ir/mknode.s
compile.internal.ir	src/cmd/compile/internal/ir/name.s
compile.internal.ir	src/cmd/compile/internal/ir/node.s
compile.internal.ir	src/cmd/compile/internal/ir/node_gen.s
compile.internal.ir	src/cmd/compile/internal/ir/op_string.s
compile.internal.ir	src/cmd/compile/internal/ir/package.s
compile.internal.ir	src/cmd/compile/internal/ir/reassign_consistency_check.s
compile.internal.ir	src/cmd/compile/internal/ir/reassignment.s
compile.internal.ir	src/cmd/compile/internal/ir/scc.s
compile.internal.ir	src/cmd/compile/internal/ir/stmt.s
compile.internal.ir	src/cmd/compile/internal/ir/symtab.s
compile.internal.ir	src/cmd/compile/internal/ir/type.s
compile.internal.ir	src/cmd/compile/internal/ir/val.s
compile.internal.ir	src/cmd/compile/internal/ir/visit.s
compile.internal.ir.alias	src/cmd/compile/internal/ir/alias.s
compile.internal.ir.ast	src/cmd/compile/internal/ir/ast.s
compile.internal.ir.builder	src/cmd/compile/internal/ir/ir_builder.s
compile.internal.ir.cfg	src/cmd/compile/internal/ir/cfg.s
compile.internal.ir.debug_loc	src/cmd/compile/internal/ir/debug_loc.s
compile.internal.ir.debug_loc_complete	src/cmd/compile/internal/ir/debug_loc_complete.s
compile.internal.ir.dominance	src/cmd/compile/internal/ir/dominance.s
compile.internal.ir.escape	src/cmd/compile/internal/ir/escape.s
compile.internal.ir.examples	src/cmd/compile/internal/ir/examples.s
compile.internal.ir.liveness	src/cmd/compile/internal/ir/liveness.s
compile.internal.ir.liveness_complete	src/cmd/compile/internal/ir/liveness_complete.s
compile.internal.ir.lower	src/cmd/compile/internal/ir/lower.s
compile.internal.ir.mir	src/cmd/compile/internal/ir/mir.s
compile.internal.ir.optimization_framework	src/cmd/compile/internal/ir/optimization_pipeline.s
compile.internal.ir.ssa	src/cmd/compile/internal/ir/ssa.s
compile.internal.ir.ssa	src/cmd/compile/internal/ir/ssa_complete.s
compile.internal.ir.types	src/cmd/compile/internal/ir/types.s
compile.internal.ir.writebarrier	src/cmd/compile/internal/ir/writebarrier.s
compile.internal.ir.writebarrier	src/cmd/compile/internal/ir/writebarrier_complete.s
compile.internal.lifetime_check	src/cmd/compile/internal/lifetime_check.s
compile.internal.link	src/cmd/compile/internal/link/addr.s
compile.internal.link	src/cmd/compile/internal/link/link.s
compile.internal.liveness	src/cmd/compile/internal/liveness/arg.s
compile.internal.liveness	src/cmd/compile/internal/liveness/bvset.s
compile.internal.liveness	src/cmd/compile/internal/liveness/intervals.s
compile.internal.liveness	src/cmd/compile/internal/liveness/mergelocals.s
compile.internal.liveness	src/cmd/compile/internal/liveness/plive.s
compile.internal.logopt	src/cmd/compile/internal/logopt/log_opts.s
compile.internal.loong64	src/cmd/compile/internal/loong64/galign.s
compile.internal.loong64	src/cmd/compile/internal/loong64/ggen.s
compile.internal.loong64	src/cmd/compile/internal/loong64/ssa.s
compile.internal.loopvar	src/cmd/compile/internal/loopvar/loopvar.s
compile.internal.loopvar.testdata	src/cmd/compile/internal/loopvar/testdata/for_complicated_esc_address.s
compile.internal.loopvar.testdata	src/cmd/compile/internal/loopvar/testdata/for_esc_address.s
compile.internal.loopvar.testdata	src/cmd/compile/internal/loopvar/testdata/for_esc_closure.s
compile.internal.loopvar.testdata	src/cmd/compile/internal/loopvar/testdata/for_esc_method.s
compile.internal.loopvar.testdata	src/cmd/compile/internal/loopvar/testdata/for_esc_minimal_closure.s
compile.internal.loopvar.testdata	src/cmd/compile/internal/loopvar/testdata/for_nested.s
compile.internal.loopvar.testdata	src/cmd/compile/internal/loopvar/testdata/opt-121.s
compile.internal.loopvar.testdata	src/cmd/compile/internal/loopvar/testdata/opt-122.s
compile.internal.loopvar.testdata	src/cmd/compile/internal/loopvar/testdata/opt.s
compile.internal.loopvar.testdata	src/cmd/compile/internal/loopvar/testdata/range_esc_address.s
compile.internal.loopvar.testdata	src/cmd/compile/internal/loopvar/testdata/range_esc_closure.s
compile.internal.loopvar.testdata	src/cmd/compile/internal/loopvar/testdata/range_esc_closure_linedir.s
compile.internal.loopvar.testdata	src/cmd/compile/internal/loopvar/testdata/range_esc_method.s
compile.internal.loopvar.testdata	src/cmd/compile/internal/loopvar/testdata/range_esc_minimal_closure.s
compile.internal.loopvar.testdata.inlines	src/cmd/compile/internal/loopvar/testdata/inlines/main.s
compile.internal.loopvar.testdata.inlines.a	src/cmd/compile/internal/loopvar/testdata/inlines/a/a.s
compile.internal.loopvar.testdata.inlines.b	src/cmd/compile/internal/loopvar/testdata/inlines/b/b.s
compile.internal.loopvar.testdata.inlines.c	src/cmd/compile/internal/loopvar/testdata/inlines/c/c.s
compile.internal.main	src/cmd/compile/internal/main.s
compile.internal.mips	src/cmd/compile/internal/mips/galign.s
compile.internal.mips	src/cmd/compile/internal/mips/ggen.s
compile.internal.mips	src/cmd/compile/internal/mips/ssa.s
compile.internal.mips64	src/cmd/compile/internal/mips64/galign.s
compile.internal.mips64	src/cmd/compile/internal/mips64/ggen.s
compile.internal.mips64	src/cmd/compile/internal/mips64/ssa.s
compile.internal.mir	src/cmd/compile/internal/mir.s
compile.internal.mono	src/cmd/compile/internal/mono/monomorphization.s
compile.internal.no_gc_memory	src/cmd/compile/internal/no_gc_memory.s
compile.internal.noder	src/cmd/compile/internal/noder/codes.s
compile.internal.noder	src/cmd/compile/internal/noder/doc.s
compile.internal.noder	src/cmd/compile/internal/noder/export.s
compile.internal.noder	src/cmd/compile/internal/noder/helpers.s
compile.internal.noder	src/cmd/compile/internal/noder/import.s
compile.internal.noder	src/cmd/compile/internal/noder/irgen.s
compile.internal.noder	src/cmd/compile/internal/noder/lex.s
compile.internal.noder	src/cmd/compile/internal/noder/linker.s
compile.internal.noder	src/cmd/compile/internal/noder/noder.s
compile.internal.noder	src/cmd/compile/internal/noder/posmap.s
compile.internal.noder	src/cmd/compile/internal/noder/quirks.s
compile.internal.noder	src/cmd/compile/internal/noder/reader.s
compile.internal.noder	src/cmd/compile/internal/noder/types.s
compile.internal.noder	src/cmd/compile/internal/noder/unified.s
compile.internal.noder	src/cmd/compile/internal/noder/writer.s
compile.internal.obj	src/cmd/compile/internal/obj/elf64.s
compile.internal.obj	src/cmd/compile/internal/obj/go_style_elf_generator.s
compile.internal.obj	src/cmd/compile/internal/obj/output.s
compile.internal.obj	src/cmd/compile/internal/obj/symbol.s
compile.internal.objw	src/cmd/compile/internal/objw/objw.s
compile.internal.objw	src/cmd/compile/internal/objw/prog.s
compile.internal.ownership	src/cmd/compile/internal/ownership.s
compile.internal.ownership	src/cmd/compile/internal/ownership/borrow_checker.s
compile.internal.ownership	src/cmd/compile/internal/ownership/drop_elaboration.s
compile.internal.ownership	src/cmd/compile/internal/ownership/move_checker.s
compile.internal.ownership	src/cmd/compile/internal/ownership/ownership_analysis.s
compile.internal.ownership	src/cmd/compile/internal/ownership/ownership_state.s
compile.internal.ownership_system	src/cmd/compile/internal/ownership_system.s
compile.internal.ownership_with_fields	src/cmd/compile/internal/ownership_with_fields.s
compile.internal.path	src/cmd/compile/internal/path.s
compile.internal.pgoir	src/cmd/compile/internal/pgoir/irgraph.s
compile.internal.pkginit	src/cmd/compile/internal/pkginit/init.s
compile.internal.pkginit	src/cmd/compile/internal/pkginit/initAsanGlobals.s
compile.internal.ppc64	src/cmd/compile/internal/ppc64/galign.s
compile.internal.ppc64	src/cmd/compile/internal/ppc64/ggen.s
compile.internal.ppc64	src/cmd/compile/internal/ppc64/opt.s
compile.internal.ppc64	src/cmd/compile/internal/ppc64/ssa.s
compile.internal.prelude	src/cmd/compile/internal/prelude.s
compile.internal.rangefunc	src/cmd/compile/internal/rangefunc/rewrite.s
compile.internal.reflectdata	src/cmd/compile/internal/reflectdata/alg.s
compile.internal.reflectdata	src/cmd/compile/internal/reflectdata/helpers.s
compile.internal.reflectdata	src/cmd/compile/internal/reflectdata/map.s
compile.internal.reflectdata	src/cmd/compile/internal/reflectdata/reflect.s
compile.internal.riscv64	src/cmd/compile/internal/riscv64/galign.s
compile.internal.riscv64	src/cmd/compile/internal/riscv64/ggen.s
compile.internal.riscv64	src/cmd/compile/internal/riscv64/gsubr.s
compile.internal.riscv64	src/cmd/compile/internal/riscv64/riscv64.s
compile.internal.riscv64	src/cmd/compile/internal/riscv64/ssa.s
compile.internal.rttype	src/cmd/compile/internal/rttype/rttype.s
compile.internal.s390x	src/cmd/compile/internal/s390x/galign.s
compile.internal.s390x	src/cmd/compile/internal/s390x/ggen.s
compile.internal.s390x	src/cmd/compile/internal/s390x/s390x.s
compile.internal.s390x	src/cmd/compile/internal/s390x/ssa.s
compile.internal.safety	src/cmd/compile/internal/safety/proof.s
compile.internal.semantic	src/cmd/compile/internal/semantic.s
compile.internal.slice	src/cmd/compile/internal/slice/slice.s
compile.internal.ssa	src/cmd/compile/internal/ssa/addressingmodes.s
compile.internal.ssa	src/cmd/compile/internal/ssa/allocators.s
compile.internal.ssa	src/cmd/compile/internal/ssa/biasedsparsemap.s
compile.internal.ssa	src/cmd/compile/internal/ssa/block.s
compile.internal.ssa	src/cmd/compile/internal/ssa/branchelim.s
compile.internal.ssa	src/cmd/compile/internal/ssa/cache.s
compile.internal.ssa	src/cmd/compile/internal/ssa/check.s
compile.internal.ssa	src/cmd/compile/internal/ssa/checkbce.s
compile.internal.ssa	src/cmd/compile/internal/ssa/compile.s
compile.internal.ssa	src/cmd/compile/internal/ssa/config.s
compile.internal.ssa	src/cmd/compile/internal/ssa/copyelim.s
compile.internal.ssa	src/cmd/compile/internal/ssa/cpufeatures.s
compile.internal.ssa	src/cmd/compile/internal/ssa/critical.s
compile.internal.ssa	src/cmd/compile/internal/ssa/cse.s
compile.internal.ssa	src/cmd/compile/internal/ssa/deadcode.s
compile.internal.ssa	src/cmd/compile/internal/ssa/deadstore.s
compile.internal.ssa	src/cmd/compile/internal/ssa/debug.s
compile.internal.ssa	src/cmd/compile/internal/ssa/decompose.s
compile.internal.ssa	src/cmd/compile/internal/ssa/dom.s
compile.internal.ssa	src/cmd/compile/internal/ssa/downward_counting_loop.s
compile.internal.ssa	src/cmd/compile/internal/ssa/expand_calls.s
compile.internal.ssa	src/cmd/compile/internal/ssa/flagalloc.s
compile.internal.ssa	src/cmd/compile/internal/ssa/func.s
compile.internal.ssa	src/cmd/compile/internal/ssa/fuse.s
compile.internal.ssa	src/cmd/compile/internal/ssa/fuse_branchredirect.s
compile.internal.ssa	src/cmd/compile/internal/ssa/fuse_comparisons.s
compile.internal.ssa	src/cmd/compile/internal/ssa/generate.s
compile.internal.ssa	src/cmd/compile/internal/ssa/html.s
compile.internal.ssa	src/cmd/compile/internal/ssa/id.s
compile.internal.ssa	src/cmd/compile/internal/ssa/known_bits.s
compile.internal.ssa	src/cmd/compile/internal/ssa/layout.s
compile.internal.ssa	src/cmd/compile/internal/ssa/lca.s
compile.internal.ssa	src/cmd/compile/internal/ssa/licm.s
compile.internal.ssa	src/cmd/compile/internal/ssa/likelyadjust.s
compile.internal.ssa	src/cmd/compile/internal/ssa/location.s
compile.internal.ssa	src/cmd/compile/internal/ssa/loopbce.s
compile.internal.ssa	src/cmd/compile/internal/ssa/loopreschedchecks.s
compile.internal.ssa	src/cmd/compile/internal/ssa/looprotate.s
compile.internal.ssa	src/cmd/compile/internal/ssa/lower.s
compile.internal.ssa	src/cmd/compile/internal/ssa/magic.s
compile.internal.ssa	src/cmd/compile/internal/ssa/memcombine.s
compile.internal.ssa	src/cmd/compile/internal/ssa/merge_conditional_branches.s
compile.internal.ssa	src/cmd/compile/internal/ssa/nilcheck.s
compile.internal.ssa	src/cmd/compile/internal/ssa/numberlines.s
compile.internal.ssa	src/cmd/compile/internal/ssa/op.s
compile.internal.ssa	src/cmd/compile/internal/ssa/opGen.s
compile.internal.ssa	src/cmd/compile/internal/ssa/opt.s
compile.internal.ssa	src/cmd/compile/internal/ssa/pair.s
compile.internal.ssa	src/cmd/compile/internal/ssa/phiopt.s
compile.internal.ssa	src/cmd/compile/internal/ssa/poset.s
compile.internal.ssa	src/cmd/compile/internal/ssa/print.s
compile.internal.ssa	src/cmd/compile/internal/ssa/prove.s
compile.internal.ssa	src/cmd/compile/internal/ssa/regalloc.s
compile.internal.ssa	src/cmd/compile/internal/ssa/rewrite.s
compile.internal.ssa	src/cmd/compile/internal/ssa/rewrite386.s
compile.internal.ssa	src/cmd/compile/internal/ssa/rewrite386splitload.s
compile.internal.ssa	src/cmd/compile/internal/ssa/rewriteAMD64.s
compile.internal.ssa	src/cmd/compile/internal/ssa/rewriteAMD64latelower.s
compile.internal.ssa	src/cmd/compile/internal/ssa/rewriteAMD64splitload.s
compile.internal.ssa	src/cmd/compile/internal/ssa/rewriteARM.s
compile.internal.ssa	src/cmd/compile/internal/ssa/rewriteARM64.s
compile.internal.ssa	src/cmd/compile/internal/ssa/rewriteARM64latelower.s
compile.internal.ssa	src/cmd/compile/internal/ssa/rewriteLOONG64.s
compile.internal.ssa	src/cmd/compile/internal/ssa/rewriteLOONG64latelower.s
compile.internal.ssa	src/cmd/compile/internal/ssa/rewriteMIPS.s
compile.internal.ssa	src/cmd/compile/internal/ssa/rewriteMIPS64.s
compile.internal.ssa	src/cmd/compile/internal/ssa/rewriteMIPS64latelower.s
compile.internal.ssa	src/cmd/compile/internal/ssa/rewritePPC64.s
compile.internal.ssa	src/cmd/compile/internal/ssa/rewritePPC64latelower.s
compile.internal.ssa	src/cmd/compile/internal/ssa/rewriteRISCV64.s
compile.internal.ssa	src/cmd/compile/internal/ssa/rewriteRISCV64latelower.s
compile.internal.ssa	src/cmd/compile/internal/ssa/rewriteS390X.s
compile.internal.ssa	src/cmd/compile/internal/ssa/rewriteWasm.s
compile.internal.ssa	src/cmd/compile/internal/ssa/rewritedec.s
compile.internal.ssa	src/cmd/compile/internal/ssa/rewritedec64.s
compile.internal.ssa	src/cmd/compile/internal/ssa/rewritedivisible.s
compile.internal.ssa	src/cmd/compile/internal/ssa/rewritedivmod.s
compile.internal.ssa	src/cmd/compile/internal/ssa/rewritegeneric.s
compile.internal.ssa	src/cmd/compile/internal/ssa/rewritetern.s
compile.internal.ssa	src/cmd/compile/internal/ssa/sccp.s
compile.internal.ssa	src/cmd/compile/internal/ssa/schedule.s
compile.internal.ssa	src/cmd/compile/internal/ssa/shortcircuit.s
compile.internal.ssa	src/cmd/compile/internal/ssa/softfloat.s
compile.internal.ssa	src/cmd/compile/internal/ssa/sparsemap.s
compile.internal.ssa	src/cmd/compile/internal/ssa/sparsemappos.s
compile.internal.ssa	src/cmd/compile/internal/ssa/sparseset.s
compile.internal.ssa	src/cmd/compile/internal/ssa/sparsetree.s
compile.internal.ssa	src/cmd/compile/internal/ssa/ssa.s
compile.internal.ssa	src/cmd/compile/internal/ssa/stackalloc.s
compile.internal.ssa	src/cmd/compile/internal/ssa/tern_helpers.s
compile.internal.ssa	src/cmd/compile/internal/ssa/tighten.s
compile.internal.ssa	src/cmd/compile/internal/ssa/trim.s
compile.internal.ssa	src/cmd/compile/internal/ssa/tuple.s
compile.internal.ssa	src/cmd/compile/internal/ssa/uses.s
compile.internal.ssa	src/cmd/compile/internal/ssa/value.s
compile.internal.ssa	src/cmd/compile/internal/ssa/writebarrier.s
compile.internal.ssa	src/cmd/compile/internal/ssa/xposmap.s
compile.internal.ssa	src/cmd/compile/internal/ssa/zcse.s
compile.internal.ssa._gen	src/cmd/compile/internal/ssa/_gen/386Ops.s
compile.internal.ssa._gen	src/cmd/compile/internal/ssa/_gen/AMD64Ops.s
compile.internal.ssa._gen	src/cmd/compile/internal/ssa/_gen/ARM64Ops.s
compile.internal.ssa._gen	src/cmd/compile/internal/ssa/_gen/ARMOps.s
compile.internal.ssa._gen	src/cmd/compile/internal/ssa/_gen/LOONG64Ops.s
compile.internal.ssa._gen	src/cmd/compile/internal/ssa/_gen/MIPS64Ops.s
compile.internal.ssa._gen	src/cmd/compile/internal/ssa/_gen/MIPSOps.s
compile.internal.ssa._gen	src/cmd/compile/internal/ssa/_gen/PPC64Ops.s
compile.internal.ssa._gen	src/cmd/compile/internal/ssa/_gen/RISCV64Ops.s
compile.internal.ssa._gen	src/cmd/compile/internal/ssa/_gen/S390XOps.s
compile.internal.ssa._gen	src/cmd/compile/internal/ssa/_gen/WasmOps.s
compile.internal.ssa._gen	src/cmd/compile/internal/ssa/_gen/allocators.s
compile.internal.ssa._gen	src/cmd/compile/internal/ssa/_gen/dec64Ops.s
compile.internal.ssa._gen	src/cmd/compile/internal/ssa/_gen/decOps.s
compile.internal.ssa._gen	src/cmd/compile/internal/ssa/_gen/divisibleOps.s
compile.internal.ssa._gen	src/cmd/compile/internal/ssa/_gen/divmodOps.s
compile.internal.ssa._gen	src/cmd/compile/internal/ssa/_gen/genericOps.s
compile.internal.ssa._gen	src/cmd/compile/internal/ssa/_gen/main.s
compile.internal.ssa._gen	src/cmd/compile/internal/ssa/_gen/multiscanner.s
compile.internal.ssa._gen	src/cmd/compile/internal/ssa/_gen/rulegen.s
compile.internal.ssa._gen	src/cmd/compile/internal/ssa/_gen/simdAMD64ops.s
compile.internal.ssa._gen	src/cmd/compile/internal/ssa/_gen/simdgenericOps.s
compile.internal.ssa._gen.vendor.golang.org.x.tools.go.ast.astutil	src/cmd/compile/internal/ssa/_gen/vendor/golang.org/x/tools/go/ast/astutil/enclosing.s
compile.internal.ssa._gen.vendor.golang.org.x.tools.go.ast.astutil	src/cmd/compile/internal/ssa/_gen/vendor/golang.org/x/tools/go/ast/astutil/imports.s
compile.internal.ssa._gen.vendor.golang.org.x.tools.go.ast.astutil	src/cmd/compile/internal/ssa/_gen/vendor/golang.org/x/tools/go/ast/astutil/rewrite.s
compile.internal.ssa._gen.vendor.golang.org.x.tools.go.ast.astutil	src/cmd/compile/internal/ssa/_gen/vendor/golang.org/x/tools/go/ast/astutil/util.s
compile.internal.ssa.testdata	src/cmd/compile/internal/ssa/testdata/b53456.s
compile.internal.ssa.testdata	src/cmd/compile/internal/ssa/testdata/convertline.s
compile.internal.ssa.testdata	src/cmd/compile/internal/ssa/testdata/fma.s
compile.internal.ssa.testdata	src/cmd/compile/internal/ssa/testdata/hist.s
compile.internal.ssa.testdata	src/cmd/compile/internal/ssa/testdata/i22558.s
compile.internal.ssa.testdata	src/cmd/compile/internal/ssa/testdata/i22600.s
compile.internal.ssa.testdata	src/cmd/compile/internal/ssa/testdata/i74576a.s
compile.internal.ssa.testdata	src/cmd/compile/internal/ssa/testdata/i74576b.s
compile.internal.ssa.testdata	src/cmd/compile/internal/ssa/testdata/i74576c.s
compile.internal.ssa.testdata	src/cmd/compile/internal/ssa/testdata/infloop.s
compile.internal.ssa.testdata	src/cmd/compile/internal/ssa/testdata/inline-dump.s
compile.internal.ssa.testdata	src/cmd/compile/internal/ssa/testdata/pushback.s
compile.internal.ssa.testdata	src/cmd/compile/internal/ssa/testdata/sayhi.s
compile.internal.ssa.testdata	src/cmd/compile/internal/ssa/testdata/scopes.s
compile.internal.ssa_core	src/cmd/compile/internal/ssa_core.s
compile.internal.ssagen	src/cmd/compile/internal/ssagen/abi.s
compile.internal.ssagen	src/cmd/compile/internal/ssagen/arch.s
compile.internal.ssagen	src/cmd/compile/internal/ssagen/intrinsics.s
compile.internal.ssagen	src/cmd/compile/internal/ssagen/nowb.s
compile.internal.ssagen	src/cmd/compile/internal/ssagen/pgen.s
compile.internal.ssagen	src/cmd/compile/internal/ssagen/phi.s
compile.internal.ssagen	src/cmd/compile/internal/ssagen/simdintrinsics.s
compile.internal.ssagen	src/cmd/compile/internal/ssagen/ssa.s
compile.internal.staticdata	src/cmd/compile/internal/staticdata/data.s
compile.internal.staticdata	src/cmd/compile/internal/staticdata/embed.s
compile.internal.staticinit	src/cmd/compile/internal/staticinit/sched.s
compile.internal.syntax	src/cmd/compile/internal/syntax/branches.s
compile.internal.syntax	src/cmd/compile/internal/syntax/dumper.s
compile.internal.syntax	src/cmd/compile/internal/syntax/lexer.s
compile.internal.syntax	src/cmd/compile/internal/syntax/nodes.s
compile.internal.syntax	src/cmd/compile/internal/syntax/operator_string.s
compile.internal.syntax	src/cmd/compile/internal/syntax/parser.s
compile.internal.syntax	src/cmd/compile/internal/syntax/pos.s
compile.internal.syntax	src/cmd/compile/internal/syntax/positions.s
compile.internal.syntax	src/cmd/compile/internal/syntax/printer.s
compile.internal.syntax	src/cmd/compile/internal/syntax/scanner.s
compile.internal.syntax	src/cmd/compile/internal/syntax/source.s
compile.internal.syntax	src/cmd/compile/internal/syntax/syntax.s
compile.internal.syntax	src/cmd/compile/internal/syntax/testing.s
compile.internal.syntax	src/cmd/compile/internal/syntax/token_string.s
compile.internal.syntax	src/cmd/compile/internal/syntax/tokens.s
compile.internal.syntax	src/cmd/compile/internal/syntax/type.s
compile.internal.syntax	src/cmd/compile/internal/syntax/typecheck.s
compile.internal.syntax	src/cmd/compile/internal/syntax/walk.s
compile.internal.syntax.testdata	src/cmd/compile/internal/syntax/testdata/chans.s
compile.internal.syntax.testdata	src/cmd/compile/internal/syntax/testdata/fallthrough.s
compile.internal.syntax.testdata	src/cmd/compile/internal/syntax/testdata/interface.s
compile.internal.syntax.testdata	src/cmd/compile/internal/syntax/testdata/issue20789.s
compile.internal.syntax.testdata	src/cmd/compile/internal/syntax/testdata/issue23385.s
compile.internal.syntax.testdata	src/cmd/compile/internal/syntax/testdata/issue23434.s
compile.internal.syntax.testdata	src/cmd/compile/internal/syntax/testdata/issue31092.s
compile.internal.syntax.testdata	src/cmd/compile/internal/syntax/testdata/issue43527.s
compile.internal.syntax.testdata	src/cmd/compile/internal/syntax/testdata/issue43674.s
compile.internal.syntax.testdata	src/cmd/compile/internal/syntax/testdata/issue46558.s
compile.internal.syntax.testdata	src/cmd/compile/internal/syntax/testdata/issue47704.s
compile.internal.syntax.testdata	src/cmd/compile/internal/syntax/testdata/issue48382.s
compile.internal.syntax.testdata	src/cmd/compile/internal/syntax/testdata/issue49205.s
compile.internal.syntax.testdata	src/cmd/compile/internal/syntax/testdata/issue49482.s
compile.internal.syntax.testdata	src/cmd/compile/internal/syntax/testdata/issue52391.s
compile.internal.syntax.testdata	src/cmd/compile/internal/syntax/testdata/issue56022.s
compile.internal.syntax.testdata	src/cmd/compile/internal/syntax/testdata/issue60599.s
compile.internal.syntax.testdata	src/cmd/compile/internal/syntax/testdata/issue63835.s
compile.internal.syntax.testdata	src/cmd/compile/internal/syntax/testdata/issue65790.s
compile.internal.syntax.testdata	src/cmd/compile/internal/syntax/testdata/issue68589.s
compile.internal.syntax.testdata	src/cmd/compile/internal/syntax/testdata/issue69506.s
compile.internal.syntax.testdata	src/cmd/compile/internal/syntax/testdata/issue70957.s
compile.internal.syntax.testdata	src/cmd/compile/internal/syntax/testdata/issue70974.s
compile.internal.syntax.testdata	src/cmd/compile/internal/syntax/testdata/linalg.s
compile.internal.syntax.testdata	src/cmd/compile/internal/syntax/testdata/map.s
compile.internal.syntax.testdata	src/cmd/compile/internal/syntax/testdata/map2.s
compile.internal.syntax.testdata	src/cmd/compile/internal/syntax/testdata/sample.s
compile.internal.syntax.testdata	src/cmd/compile/internal/syntax/testdata/slices.s
compile.internal.syntax.testdata	src/cmd/compile/internal/syntax/testdata/smoketest.s
compile.internal.syntax.testdata	src/cmd/compile/internal/syntax/testdata/tparams.s
compile.internal.syntax.testdata	src/cmd/compile/internal/syntax/testdata/typeset.s
compile.internal.test	src/cmd/compile/internal/test/race.s
compile.internal.test	src/cmd/compile/internal/test/test.s
compile.internal.test.testdata	src/cmd/compile/internal/test/testdata/flowgraph_generator1.s
compile.internal.test.testdata	src/cmd/compile/internal/test/testdata/ptrsort.s
compile.internal.test.testdata.gen	src/cmd/compile/internal/test/testdata/gen/arithBoundaryGen.s
compile.internal.test.testdata.gen	src/cmd/compile/internal/test/testdata/gen/arithConstGen.s
compile.internal.test.testdata.gen	src/cmd/compile/internal/test/testdata/gen/cmpConstGen.s
compile.internal.test.testdata.gen	src/cmd/compile/internal/test/testdata/gen/conditionalCmpConstGen.s
compile.internal.test.testdata.gen	src/cmd/compile/internal/test/testdata/gen/constFoldGen.s
compile.internal.test.testdata.gen	src/cmd/compile/internal/test/testdata/gen/copyGen.s
compile.internal.test.testdata.gen	src/cmd/compile/internal/test/testdata/gen/zeroGen.s
compile.internal.test.testdata.mergelocals	src/cmd/compile/internal/test/testdata/mergelocals/integration.s
compile.internal.test.testdata.mysort	src/cmd/compile/internal/test/testdata/mysort/mysort.s
compile.internal.test.testdata.pgo.devirtualize	src/cmd/compile/internal/test/testdata/pgo/devirtualize/devirt.s
compile.internal.test.testdata.pgo.devirtualize.mult.pkg	src/cmd/compile/internal/test/testdata/pgo/devirtualize/mult.pkg/mult.s
compile.internal.test.testdata.pgo.inline	src/cmd/compile/internal/test/testdata/pgo/inline/inline_hot.s
compile.internal.test.testdata.reproducible	src/cmd/compile/internal/test/testdata/reproducible/issue20272.s
compile.internal.test.testdata.reproducible	src/cmd/compile/internal/test/testdata/reproducible/issue27013.s
compile.internal.test.testdata.reproducible	src/cmd/compile/internal/test/testdata/reproducible/issue30202.s
compile.internal.test.testdata.reproducible	src/cmd/compile/internal/test/testdata/reproducible/issue38068.s
compile.internal.tests.test_abt	src/cmd/compile/internal/tests/test_abt.s
compile.internal.tests.test_backend_abi	src/cmd/compile/internal/tests/test_backend_abi.s
compile.internal.tests.test_golden	src/cmd/compile/internal/tests/test_golden.s
compile.internal.tests.test_mir	src/cmd/compile/internal/tests/test_mir.s
compile.internal.tests.test_pipeline_regression	src/cmd/compile/internal/tests/test_pipeline_regression.s
compile.internal.tests.test_semantic	src/cmd/compile/internal/tests/test_semantic.s
compile.internal.tests.test_ssa	src/cmd/compile/internal/tests/test_ssa.s
compile.internal.tests.test_typesys	src/cmd/compile/internal/tests/test_typesys.s
compile.internal.typebits	src/cmd/compile/internal/typebits/typebits.s
compile.internal.typecheck	src/cmd/compile/internal/typecheck/bexport.s
compile.internal.typecheck	src/cmd/compile/internal/typecheck/builtin.s
compile.internal.typecheck	src/cmd/compile/internal/typecheck/const.s
compile.internal.typecheck	src/cmd/compile/internal/typecheck/dcl.s
compile.internal.typecheck	src/cmd/compile/internal/typecheck/export.s
compile.internal.typecheck	src/cmd/compile/internal/typecheck/expr.s
compile.internal.typecheck	src/cmd/compile/internal/typecheck/func.s
compile.internal.typecheck	src/cmd/compile/internal/typecheck/iexport.s
compile.internal.typecheck	src/cmd/compile/internal/typecheck/iimport.s
compile.internal.typecheck	src/cmd/compile/internal/typecheck/mkbuiltin.s
compile.internal.typecheck	src/cmd/compile/internal/typecheck/stmt.s
compile.internal.typecheck	src/cmd/compile/internal/typecheck/subr.s
compile.internal.typecheck	src/cmd/compile/internal/typecheck/syms.s
compile.internal.typecheck	src/cmd/compile/internal/typecheck/target.s
compile.internal.typecheck	src/cmd/compile/internal/typecheck/type.s
compile.internal.typecheck	src/cmd/compile/internal/typecheck/typecheck.s
compile.internal.typecheck	src/cmd/compile/internal/typecheck/universe.s
compile.internal.typecheck._builtin	src/cmd/compile/internal/typecheck/_builtin/coverage.s
compile.internal.typecheck._builtin	src/cmd/compile/internal/typecheck/_builtin/runtime.s
compile.internal.types	src/cmd/compile/internal/types/alg.s
compile.internal.types	src/cmd/compile/internal/types/algkind_string.s
compile.internal.types	src/cmd/compile/internal/types/fmt.s
compile.internal.types	src/cmd/compile/internal/types/goversion.s
compile.internal.types	src/cmd/compile/internal/types/identity.s
compile.internal.types	src/cmd/compile/internal/types/kind_string.s
compile.internal.types	src/cmd/compile/internal/types/pkg.s
compile.internal.types	src/cmd/compile/internal/types/size.s
compile.internal.types	src/cmd/compile/internal/types/sym.s
compile.internal.types	src/cmd/compile/internal/types/type.s
compile.internal.types	src/cmd/compile/internal/types/universe.s
compile.internal.types	src/cmd/compile/internal/types/utils.s
compile.internal.types2	src/cmd/compile/internal/types2/alias.s
compile.internal.types2	src/cmd/compile/internal/types2/api.s
compile.internal.types2	src/cmd/compile/internal/types2/api_predicates.s
compile.internal.types2	src/cmd/compile/internal/types2/array.s
compile.internal.types2	src/cmd/compile/internal/types2/assignments.s
compile.internal.types2	src/cmd/compile/internal/types2/basic.s
compile.internal.types2	src/cmd/compile/internal/types2/builtins.s
compile.internal.types2	src/cmd/compile/internal/types2/call.s
compile.internal.types2	src/cmd/compile/internal/types2/chan.s
compile.internal.types2	src/cmd/compile/internal/types2/check.s
compile.internal.types2	src/cmd/compile/internal/types2/compiler_internal.s
compile.internal.types2	src/cmd/compile/internal/types2/compilersupport.s
compile.internal.types2	src/cmd/compile/internal/types2/const.s
compile.internal.types2	src/cmd/compile/internal/types2/context.s
compile.internal.types2	src/cmd/compile/internal/types2/conversions.s
compile.internal.types2	src/cmd/compile/internal/types2/cycles.s
compile.internal.types2	src/cmd/compile/internal/types2/decl.s
compile.internal.types2	src/cmd/compile/internal/types2/errors.s
compile.internal.types2	src/cmd/compile/internal/types2/errsupport.s
compile.internal.types2	src/cmd/compile/internal/types2/expr.s
compile.internal.types2	src/cmd/compile/internal/types2/format.s
compile.internal.types2	src/cmd/compile/internal/types2/gccgosizes.s
compile.internal.types2	src/cmd/compile/internal/types2/gcsizes.s
compile.internal.types2	src/cmd/compile/internal/types2/index.s
compile.internal.types2	src/cmd/compile/internal/types2/infer.s
compile.internal.types2	src/cmd/compile/internal/types2/initorder.s
compile.internal.types2	src/cmd/compile/internal/types2/instantiate.s
compile.internal.types2	src/cmd/compile/internal/types2/interface.s
compile.internal.types2	src/cmd/compile/internal/types2/labels.s
compile.internal.types2	src/cmd/compile/internal/types2/literals.s
compile.internal.types2	src/cmd/compile/internal/types2/lookup.s
compile.internal.types2	src/cmd/compile/internal/types2/map.s
compile.internal.types2	src/cmd/compile/internal/types2/mono.s
compile.internal.types2	src/cmd/compile/internal/types2/named.s
compile.internal.types2	src/cmd/compile/internal/types2/object.s
compile.internal.types2	src/cmd/compile/internal/types2/objset.s
compile.internal.types2	src/cmd/compile/internal/types2/operand.s
compile.internal.types2	src/cmd/compile/internal/types2/package.s
compile.internal.types2	src/cmd/compile/internal/types2/pointer.s
compile.internal.types2	src/cmd/compile/internal/types2/predicates.s
compile.internal.types2	src/cmd/compile/internal/types2/range.s
compile.internal.types2	src/cmd/compile/internal/types2/recording.s
compile.internal.types2	src/cmd/compile/internal/types2/resolver.s
compile.internal.types2	src/cmd/compile/internal/types2/return.s
compile.internal.types2	src/cmd/compile/internal/types2/scope.s
compile.internal.types2	src/cmd/compile/internal/types2/selection.s
compile.internal.types2	src/cmd/compile/internal/types2/signature.s
compile.internal.types2	src/cmd/compile/internal/types2/sizes.s
compile.internal.types2	src/cmd/compile/internal/types2/slice.s
compile.internal.types2	src/cmd/compile/internal/types2/stmt.s
compile.internal.types2	src/cmd/compile/internal/types2/struct.s
compile.internal.types2	src/cmd/compile/internal/types2/subst.s
compile.internal.types2	src/cmd/compile/internal/types2/termlist.s
compile.internal.types2	src/cmd/compile/internal/types2/trie.s
compile.internal.types2	src/cmd/compile/internal/types2/tuple.s
compile.internal.types2	src/cmd/compile/internal/types2/type.s
compile.internal.types2	src/cmd/compile/internal/types2/typelists.s
compile.internal.types2	src/cmd/compile/internal/types2/typeparam.s
compile.internal.types2	src/cmd/compile/internal/types2/typeset.s
compile.internal.types2	src/cmd/compile/internal/types2/typestring.s
compile.internal.types2	src/cmd/compile/internal/types2/typeterm.s
compile.internal.types2	src/cmd/compile/internal/types2/typexpr.s
compile.internal.types2	src/cmd/compile/internal/types2/under.s
compile.internal.types2	src/cmd/compile/internal/types2/unify.s
compile.internal.types2	src/cmd/compile/internal/types2/union.s
compile.internal.types2	src/cmd/compile/internal/types2/universe.s
compile.internal.types2	src/cmd/compile/internal/types2/util.s
compile.internal.types2	src/cmd/compile/internal/types2/validtype.s
compile.internal.types2	src/cmd/compile/internal/types2/version.s
compile.internal.types2.testdata	src/cmd/compile/internal/types2/testdata/manual.s
compile.internal.types2.testdata.local	src/cmd/compile/internal/types2/testdata/local/issue47996.s
compile.internal.types2.testdata.local	src/cmd/compile/internal/types2/testdata/local/issue68183.s
compile.internal.types2.testdata.local	src/cmd/compile/internal/types2/testdata/local/issue71254.s
compile.internal.typesys	src/cmd/compile/internal/typesys.s
compile.internal.walk	src/cmd/compile/internal/walk/assign.s
compile.internal.walk	src/cmd/compile/internal/walk/builtin.s
compile.internal.walk	src/cmd/compile/internal/walk/closure.s
compile.internal.walk	src/cmd/compile/internal/walk/compare.s
compile.internal.walk	src/cmd/compile/internal/walk/complit.s
compile.internal.walk	src/cmd/compile/internal/walk/convert.s
compile.internal.walk	src/cmd/compile/internal/walk/expr.s
compile.internal.walk	src/cmd/compile/internal/walk/order.s
compile.internal.walk	src/cmd/compile/internal/walk/range.s
compile.internal.walk	src/cmd/compile/internal/walk/select.s
compile.internal.walk	src/cmd/compile/internal/walk/stmt.s
compile.internal.walk	src/cmd/compile/internal/walk/switch.s
compile.internal.walk	src/cmd/compile/internal/walk/temp.s
compile.internal.walk	src/cmd/compile/internal/walk/walk.s
compile.internal.wasm	src/cmd/compile/internal/wasm/ssa.s
compile.internal.wasm	src/cmd/compile/internal/wasm/wasm.s
compile.internal.x86	src/cmd/compile/internal/x86/galign.s
compile.internal.x86	src/cmd/compile/internal/x86/ggen.s
compile.internal.x86	src/cmd/compile/internal/x86/ssa.s
compile.selfhost.compiler	src/cmd/compile/selfhost/compiler.s
compile.selfhost.lexer	src/cmd/compile/selfhost/lexer.s
demo	src/cmd/compile/selfhost/asm_generation_examples.s
demo.binary	src/cmd/compile/internal/tests/fixtures/binary_sample.s
demo.borrow	src/cmd/compile/internal/tests/fixtures/borrow_fail.s
demo.branch	src/cmd/compile/internal/tests/fixtures/branch_move_fail.s
demo.builtin_field	src/cmd/compile/internal/tests/fixtures/builtin_field_ok.s
demo.check	src/cmd/compile/internal/tests/fixtures/check_ok.s
demo.conflict	src/cmd/compile/internal/tests/fixtures/method_conflict_fail.s
demo.core	src/cmd/compile/internal/tests/fixtures/sample.s
demo.fail	src/cmd/compile/internal/tests/fixtures/check_fail.s
demo.flow	src/cmd/compile/internal/tests/fixtures/control_flow_sample.s
demo.generic	src/cmd/compile/internal/tests/fixtures/generic_bound_fail.s
demo.matching	src/cmd/compile/internal/tests/fixtures/match_sample.s
demo.member	src/cmd/compile/internal/tests/fixtures/member_method_sample.s
demo.prelude	src/cmd/compile/internal/tests/fixtures/prelude_methods_ok.s
demo.receiver	src/cmd/compile/internal/tests/fixtures/receiver_auto_borrow_ok.s
desugaring	src/cmd/compile/internal/middleend/desugaring.s
inline	src/cmd/compile/internal/inline/inline_analysis.s
internal.buildcfg	src/internal/buildcfg/buildcfg.s
internal.ssa	src/cmd/compile/internal/ssa/ssa_algebraic_rules.s
internal.ssa	src/cmd/compile/internal/ssa/ssa_optimization_integration.s
internal.ssa	src/cmd/compile/internal/ssa/ssa_optimizer.s
internal.ssa	src/cmd/compile/internal/ssa/ssa_rules_comprehensive.s
internal.ssa	src/cmd/compile/internal/ssa/ssa_value.s
ir	src/cmd/compile/selfhost/ir_parser.s
linker	src/cmd/compile/internal/linker/elf64.s
linker	src/cmd/compile/internal/linker/linker.s
linker	src/cmd/compile/internal/linker/relocation.s
liveness_analysis	src/cmd/compile/internal/backend/liveness_analysis.s
lsp	src/cmd/lsp/document_manager.s
lsp	src/cmd/lsp/jsonrpc.s
lsp	src/cmd/lsp/lsp_handler.s
lsp	src/cmd/lsp/lsp_protocol.s
macho_backend	src/cmd/compile/platforms/macos/macho_backend.s
macos_driver	src/cmd/compile/platforms/macos/macos_driver.s
macos_example	src/cmd/compile/platforms/macos/macos_example.s
main	src/QUICK_REFERENCE.s
main	src/cmd/compile/internal/tests/fixtures/cfor_sample.s
main	src/cmd/compile/main_demo.s
main	src/cmd/compile/platforms/macos/macos_demo.s
main	src/cmd/compile/selfhost/bootstrap_pure_s.s
main	src/cmd/compile/selfhost/ir_to_binary.s
main	src/cmd/lsp/server.s
main	src/cmd/main.s
middleend	src/cmd/compile/internal/middleend/cfg.s
middleend	src/cmd/compile/internal/middleend/dfa.s
middleend	src/cmd/compile/internal/middleend/ir.s
middleend	src/cmd/compile/internal/middleend/ir_builder.s
middleend	src/cmd/compile/internal/middleend/optimizations.s
optimization_pipeline	src/cmd/compile/optimization_pipeline.s
optimizations_advanced	src/cmd/compile/internal/middleend/optimizations_advanced.s
ownership_examples	src/ownership_examples.s
ownership_system	src/ownership_system.s
register_allocator	src/cmd/compile/internal/backend/graph_coloring_allocator.s
runtime	src/runtime/s_selfhost_compiler_bootstrap.s
runtime.runner	src/runtime/runner.s
s	src/s/ast.s
s	src/s/lexer.s
s	src/s/parser.s
s	src/s/tokens.s
s_compiler_pure	src/cmd/compile/s_compiler_pure.s
s_runtime	src/s_runtime/runtime.s
seed	src/cmd/compile/seed/compile_native.s
seed.codegen	src/cmd/compile/seed/codegen/codegen.s
seed.codegen	src/cmd/compile/seed/codegen/instruction_select.s
seed.codegen	src/cmd/compile/seed/codegen/linker.s
seed.codegen	src/cmd/compile/seed/codegen/register.s
seed.codegen	src/cmd/compile/seed/codegen/stackframe.s
src.archive.tar	src/archive/tar/common.s
src.archive.tar	src/archive/tar/format.s
src.archive.tar	src/archive/tar/reader.s
src.archive.tar	src/archive/tar/stat_actime1.s
src.archive.tar	src/archive/tar/stat_actime2.s
src.archive.tar	src/archive/tar/stat_unix.s
src.archive.tar	src/archive/tar/strconv.s
src.archive.tar	src/archive/tar/writer.s
src.archive.zip	src/archive/zip/reader.s
src.archive.zip	src/archive/zip/register.s
src.archive.zip	src/archive/zip/struct.s
src.archive.zip	src/archive/zip/writer.s
src.arena	src/arena/arena.s
src.bufio	src/bufio/bufio.s
src.bufio	src/bufio/scan.s
src.builtin	src/builtin/builtin.s
src.bytes	src/bytes/buffer.s
src.bytes	src/bytes/bytes.s
src.bytes	src/bytes/iter.s
src.bytes	src/bytes/reader.s
src.cmd.addr2line	src/cmd/addr2line/main.s
src.cmd.api.testdata.src.issue21181.dep	src/cmd/api/testdata/src/issue21181/dep/p.s
src.cmd.api.testdata.src.issue21181.dep	src/cmd/api/testdata/src/issue21181/dep/p_amd64.s
src.cmd.api.testdata.src.issue21181.indirect	src/cmd/api/testdata/src/issue21181/indirect/p.s
src.cmd.api.testdata.src.issue21181.p	src/cmd/api/testdata/src/issue21181/p/p.s
src.cmd.api.testdata.src.issue21181.p	src/cmd/api/testdata/src/issue21181/p/p_amd64.s
src.cmd.api.testdata.src.issue21181.p	src/cmd/api/testdata/src/issue21181/p/p_generic.s
src.cmd.api.testdata.src.issue64958.p	src/cmd/api/testdata/src/issue64958/p/p.s
src.cmd.api.testdata.src.pkg.p1	src/cmd/api/testdata/src/pkg/p1/p1.s
src.cmd.api.testdata.src.pkg.p2	src/cmd/api/testdata/src/pkg/p2/p2.s
src.cmd.api.testdata.src.pkg.p3	src/cmd/api/testdata/src/pkg/p3/p3.s
src.cmd.api.testdata.src.pkg.p4	src/cmd/api/testdata/src/pkg/p4/p4.s
src.cmd.asm	src/cmd/asm/doc.s
src.cmd.asm	src/cmd/asm/main.s
src.cmd.asm.internal.arch	src/cmd/asm/internal/arch/arch.s
src.cmd.asm.internal.arch	src/cmd/asm/internal/arch/arm.s
src.cmd.asm.internal.arch	src/cmd/asm/internal/arch/arm64.s
src.cmd.asm.internal.arch	src/cmd/asm/internal/arch/loong64.s
src.cmd.asm.internal.arch	src/cmd/asm/internal/arch/mips.s
src.cmd.asm.internal.arch	src/cmd/asm/internal/arch/ppc64.s
src.cmd.asm.internal.arch	src/cmd/asm/internal/arch/riscv64.s
src.cmd.asm.internal.arch	src/cmd/asm/internal/arch/s390x.s
src.cmd.asm.internal.asm	src/cmd/asm/internal/asm/asm.s
src.cmd.asm.internal.asm	src/cmd/asm/internal/asm/parse.s
src.cmd.asm.internal.flags	src/cmd/asm/internal/flags/flags.s
src.cmd.asm.internal.lex	src/cmd/asm/internal/lex/input.s
src.cmd.asm.internal.lex	src/cmd/asm/internal/lex/lex.s
src.cmd.asm.internal.lex	src/cmd/asm/internal/lex/slice.s
src.cmd.asm.internal.lex	src/cmd/asm/internal/lex/stack.s
src.cmd.asm.internal.lex	src/cmd/asm/internal/lex/tokenizer.s
src.cmd.buildid	src/cmd/buildid/buildid.s
src.cmd.buildid	src/cmd/buildid/doc.s
src.cmd.cgo	src/cmd/cgo/ast.s
src.cmd.cgo	src/cmd/cgo/doc.s
src.cmd.cgo	src/cmd/cgo/gcc.s
src.cmd.cgo	src/cmd/cgo/godefs.s
src.cmd.cgo	src/cmd/cgo/main.s
src.cmd.cgo	src/cmd/cgo/out.s
src.cmd.cgo	src/cmd/cgo/util.s
src.cmd.cgo.internal.cgotest	src/cmd/cgo/internal/cgotest/overlaydir.s
src.cmd.cgo.internal.swig.testdata.callback	src/cmd/cgo/internal/swig/testdata/callback/main.s
src.cmd.cgo.internal.swig.testdata.stdio	src/cmd/cgo/internal/swig/testdata/stdio/main.s
src.cmd.cgo.internal.test	src/cmd/cgo/internal/test/backdoor.s
src.cmd.cgo.internal.test	src/cmd/cgo/internal/test/buildid_linux.s
src.cmd.cgo.internal.test	src/cmd/cgo/internal/test/callback.s
src.cmd.cgo.internal.test	src/cmd/cgo/internal/test/callback_windows.s
src.cmd.cgo.internal.test	src/cmd/cgo/internal/test/callstub_linux_ppc64le.s
src.cmd.cgo.internal.test	src/cmd/cgo/internal/test/cgo_thread_lock.s
src.cmd.cgo.internal.test	src/cmd/cgo/internal/test/gcc68255.s
src.cmd.cgo.internal.test	src/cmd/cgo/internal/test/issue1435.s
src.cmd.cgo.internal.test	src/cmd/cgo/internal/test/issue18146.s
src.cmd.cgo.internal.test	src/cmd/cgo/internal/test/issue20266.s
src.cmd.cgo.internal.test	src/cmd/cgo/internal/test/issue21897.s
src.cmd.cgo.internal.test	src/cmd/cgo/internal/test/issue21897b.s
src.cmd.cgo.internal.test	src/cmd/cgo/internal/test/issue23555.s
src.cmd.cgo.internal.test	src/cmd/cgo/internal/test/issue26430.s
src.cmd.cgo.internal.test	src/cmd/cgo/internal/test/issue26743.s
src.cmd.cgo.internal.test	src/cmd/cgo/internal/test/issue27340.s
src.cmd.cgo.internal.test	src/cmd/cgo/internal/test/issue29563.s
src.cmd.cgo.internal.test	src/cmd/cgo/internal/test/issue30527.s
src.cmd.cgo.internal.test	src/cmd/cgo/internal/test/issue4029.s
src.cmd.cgo.internal.test	src/cmd/cgo/internal/test/issue4029w.s
src.cmd.cgo.internal.test	src/cmd/cgo/internal/test/issue41761.s
src.cmd.cgo.internal.test	src/cmd/cgo/internal/test/issue42018.s
src.cmd.cgo.internal.test	src/cmd/cgo/internal/test/issue42018_windows.s
src.cmd.cgo.internal.test	src/cmd/cgo/internal/test/issue42495.s
src.cmd.cgo.internal.test	src/cmd/cgo/internal/test/issue43639.s
src.cmd.cgo.internal.test	src/cmd/cgo/internal/test/issue52611.s
src.cmd.cgo.internal.test	src/cmd/cgo/internal/test/issue6997_linux.s
src.cmd.cgo.internal.test	src/cmd/cgo/internal/test/issue76023.s
src.cmd.cgo.internal.test	src/cmd/cgo/internal/test/issue76861.s
src.cmd.cgo.internal.test	src/cmd/cgo/internal/test/issue8148.s
src.cmd.cgo.internal.test	src/cmd/cgo/internal/test/issue8517.s
src.cmd.cgo.internal.test	src/cmd/cgo/internal/test/issue8517_windows.s
src.cmd.cgo.internal.test	src/cmd/cgo/internal/test/issue8694.s
src.cmd.cgo.internal.test	src/cmd/cgo/internal/test/issue8756.s
src.cmd.cgo.internal.test	src/cmd/cgo/internal/test/issue8828.s
src.cmd.cgo.internal.test	src/cmd/cgo/internal/test/issue9026.s
src.cmd.cgo.internal.test	src/cmd/cgo/internal/test/issue9400_linux.s
src.cmd.cgo.internal.test	src/cmd/cgo/internal/test/issue9510.s
src.cmd.cgo.internal.test	src/cmd/cgo/internal/test/setgid2_linux.s
src.cmd.cgo.internal.test	src/cmd/cgo/internal/test/setgid_linux.s
src.cmd.cgo.internal.test	src/cmd/cgo/internal/test/sigaltstack.s
src.cmd.cgo.internal.test	src/cmd/cgo/internal/test/sigprocmask.s
src.cmd.cgo.internal.test	src/cmd/cgo/internal/test/test.s
src.cmd.cgo.internal.test	src/cmd/cgo/internal/test/test26213.s
src.cmd.cgo.internal.test	src/cmd/cgo/internal/test/test_unix.s
src.cmd.cgo.internal.test	src/cmd/cgo/internal/test/test_windows.s
src.cmd.cgo.internal.test	src/cmd/cgo/internal/test/testx.s
src.cmd.cgo.internal.test	src/cmd/cgo/internal/test/typeparam.s
src.cmd.cgo.internal.test	src/cmd/cgo/internal/test/unsigned_reloc_darwin.s
src.cmd.cgo.internal.test.gcc68255	src/cmd/cgo/internal/test/gcc68255/a.s
src.cmd.cgo.internal.test.issue23555a	src/cmd/cgo/internal/test/issue23555a/a.s
src.cmd.cgo.internal.test.issue23555b	src/cmd/cgo/internal/test/issue23555b/a.s
src.cmd.cgo.internal.test.issue24161arg	src/cmd/cgo/internal/test/issue24161arg/def.s
src.cmd.cgo.internal.test.issue24161arg	src/cmd/cgo/internal/test/issue24161arg/use.s
src.cmd.cgo.internal.test.issue24161e0	src/cmd/cgo/internal/test/issue24161e0/main.s
src.cmd.cgo.internal.test.issue24161e1	src/cmd/cgo/internal/test/issue24161e1/main.s
src.cmd.cgo.internal.test.issue24161e2	src/cmd/cgo/internal/test/issue24161e2/main.s
src.cmd.cgo.internal.test.issue24161res	src/cmd/cgo/internal/test/issue24161res/restype.s
src.cmd.cgo.internal.test.issue26213	src/cmd/cgo/internal/test/issue26213/test26213.s
src.cmd.cgo.internal.test.issue26430	src/cmd/cgo/internal/test/issue26430/a.s
src.cmd.cgo.internal.test.issue26430	src/cmd/cgo/internal/test/issue26430/b.s
src.cmd.cgo.internal.test.issue26743	src/cmd/cgo/internal/test/issue26743/a.s
src.cmd.cgo.internal.test.issue26743	src/cmd/cgo/internal/test/issue26743/b.s
src.cmd.cgo.internal.test.issue27054	src/cmd/cgo/internal/test/issue27054/test27054.s
src.cmd.cgo.internal.test.issue27340	src/cmd/cgo/internal/test/issue27340/a.s
src.cmd.cgo.internal.test.issue29563	src/cmd/cgo/internal/test/issue29563/weak.s
src.cmd.cgo.internal.test.issue30527	src/cmd/cgo/internal/test/issue30527/a.s
src.cmd.cgo.internal.test.issue30527	src/cmd/cgo/internal/test/issue30527/b.s
src.cmd.cgo.internal.test.issue41761a	src/cmd/cgo/internal/test/issue41761a/a.s
src.cmd.cgo.internal.test.issue43639	src/cmd/cgo/internal/test/issue43639/a.s
src.cmd.cgo.internal.test.issue52611a	src/cmd/cgo/internal/test/issue52611a/a.s
src.cmd.cgo.internal.test.issue52611a	src/cmd/cgo/internal/test/issue52611a/b.s
src.cmd.cgo.internal.test.issue52611b	src/cmd/cgo/internal/test/issue52611b/a.s
src.cmd.cgo.internal.test.issue52611b	src/cmd/cgo/internal/test/issue52611b/b.s
src.cmd.cgo.internal.test.issue76861	src/cmd/cgo/internal/test/issue76861/a.s
src.cmd.cgo.internal.test.issue8756	src/cmd/cgo/internal/test/issue8756/issue8756.s
src.cmd.cgo.internal.test.issue8828	src/cmd/cgo/internal/test/issue8828/trivial.s
src.cmd.cgo.internal.test.issue9026	src/cmd/cgo/internal/test/issue9026/issue9026.s
src.cmd.cgo.internal.test.issue9400	src/cmd/cgo/internal/test/issue9400/gccgo.s
src.cmd.cgo.internal.test.issue9400	src/cmd/cgo/internal/test/issue9400/stubs.s
src.cmd.cgo.internal.test.issue9510a	src/cmd/cgo/internal/test/issue9510a/a.s
src.cmd.cgo.internal.test.issue9510b	src/cmd/cgo/internal/test/issue9510b/b.s
src.cmd.cgo.internal.testcarchive.testdata.libgo	src/cmd/cgo/internal/testcarchive/testdata/libgo/libgo.s
src.cmd.cgo.internal.testcarchive.testdata.libgo10	src/cmd/cgo/internal/testcarchive/testdata/libgo10/a.s
src.cmd.cgo.internal.testcarchive.testdata.libgo2	src/cmd/cgo/internal/testcarchive/testdata/libgo2/libgo2.s
src.cmd.cgo.internal.testcarchive.testdata.libgo3	src/cmd/cgo/internal/testcarchive/testdata/libgo3/libgo3.s
src.cmd.cgo.internal.testcarchive.testdata.libgo4	src/cmd/cgo/internal/testcarchive/testdata/libgo4/libgo4.s
src.cmd.cgo.internal.testcarchive.testdata.libgo6	src/cmd/cgo/internal/testcarchive/testdata/libgo6/sigprof.s
src.cmd.cgo.internal.testcarchive.testdata.libgo7	src/cmd/cgo/internal/testcarchive/testdata/libgo7/sink.s
src.cmd.cgo.internal.testcarchive.testdata.libgo8	src/cmd/cgo/internal/testcarchive/testdata/libgo8/a.s
src.cmd.cgo.internal.testcarchive.testdata.libgo9	src/cmd/cgo/internal/testcarchive/testdata/libgo9/a.s
src.cmd.cgo.internal.testcarchive.testdata.p	src/cmd/cgo/internal/testcarchive/testdata/p/p.s
src.cmd.cgo.internal.testcshared.testdata.go2c2go.go	src/cmd/cgo/internal/testcshared/testdata/go2c2go/go/shlib.s
src.cmd.cgo.internal.testcshared.testdata.go2c2go.m1	src/cmd/cgo/internal/testcshared/testdata/go2c2go/m1/main.s
src.cmd.cgo.internal.testcshared.testdata.go2c2go.m2	src/cmd/cgo/internal/testcshared/testdata/go2c2go/m2/main.s
src.cmd.cgo.internal.testcshared.testdata.issue36233	src/cmd/cgo/internal/testcshared/testdata/issue36233/issue36233.s
src.cmd.cgo.internal.testcshared.testdata.issue68411	src/cmd/cgo/internal/testcshared/testdata/issue68411/issue68411.s
src.cmd.cgo.internal.testcshared.testdata.libgo	src/cmd/cgo/internal/testcshared/testdata/libgo/libgo.s
src.cmd.cgo.internal.testcshared.testdata.libgo2	src/cmd/cgo/internal/testcshared/testdata/libgo2/dup2.s
src.cmd.cgo.internal.testcshared.testdata.libgo2	src/cmd/cgo/internal/testcshared/testdata/libgo2/dup3.s
src.cmd.cgo.internal.testcshared.testdata.libgo2	src/cmd/cgo/internal/testcshared/testdata/libgo2/libgo2.s
src.cmd.cgo.internal.testcshared.testdata.libgo4	src/cmd/cgo/internal/testcshared/testdata/libgo4/libgo4.s
src.cmd.cgo.internal.testcshared.testdata.libgo5	src/cmd/cgo/internal/testcshared/testdata/libgo5/libgo5.s
src.cmd.cgo.internal.testcshared.testdata.p	src/cmd/cgo/internal/testcshared/testdata/p/p.s
src.cmd.cgo.internal.testerrors.testdata	src/cmd/cgo/internal/testerrors/testdata/err1.s
src.cmd.cgo.internal.testerrors.testdata	src/cmd/cgo/internal/testerrors/testdata/err2.s
src.cmd.cgo.internal.testerrors.testdata	src/cmd/cgo/internal/testerrors/testdata/err4.s
src.cmd.cgo.internal.testerrors.testdata	src/cmd/cgo/internal/testerrors/testdata/err5.s
src.cmd.cgo.internal.testerrors.testdata	src/cmd/cgo/internal/testerrors/testdata/issue11097a.s
src.cmd.cgo.internal.testerrors.testdata	src/cmd/cgo/internal/testerrors/testdata/issue11097b.s
src.cmd.cgo.internal.testerrors.testdata	src/cmd/cgo/internal/testerrors/testdata/issue14669.s
src.cmd.cgo.internal.testerrors.testdata	src/cmd/cgo/internal/testerrors/testdata/issue18452.s
src.cmd.cgo.internal.testerrors.testdata	src/cmd/cgo/internal/testerrors/testdata/issue18889.s
src.cmd.cgo.internal.testerrors.testdata	src/cmd/cgo/internal/testerrors/testdata/issue28069.s
src.cmd.cgo.internal.testerrors.testdata	src/cmd/cgo/internal/testerrors/testdata/issue28721.s
src.cmd.cgo.internal.testerrors.testdata	src/cmd/cgo/internal/testerrors/testdata/issue33061.s
src.cmd.cgo.internal.testerrors.testdata	src/cmd/cgo/internal/testerrors/testdata/issue42580.s
src.cmd.cgo.internal.testerrors.testdata	src/cmd/cgo/internal/testerrors/testdata/issue50710.s
src.cmd.cgo.internal.testerrors.testdata	src/cmd/cgo/internal/testerrors/testdata/issue67517.s
src.cmd.cgo.internal.testerrors.testdata	src/cmd/cgo/internal/testerrors/testdata/issue67699a.s
src.cmd.cgo.internal.testerrors.testdata	src/cmd/cgo/internal/testerrors/testdata/issue67699b.s
src.cmd.cgo.internal.testerrors.testdata	src/cmd/cgo/internal/testerrors/testdata/issue67707.s
src.cmd.cgo.internal.testerrors.testdata	src/cmd/cgo/internal/testerrors/testdata/issue69176.s
src.cmd.cgo.internal.testerrors.testdata	src/cmd/cgo/internal/testerrors/testdata/long_double_size.s
src.cmd.cgo.internal.testerrors.testdata	src/cmd/cgo/internal/testerrors/testdata/malloc.s
src.cmd.cgo.internal.testerrors.testdata	src/cmd/cgo/internal/testerrors/testdata/notmatchedcfunction.s
src.cmd.cgo.internal.testfortran.testdata.testprog	src/cmd/cgo/internal/testfortran/testdata/testprog/fortran.s
src.cmd.cgo.internal.testgodefs.testdata	src/cmd/cgo/internal/testgodefs/testdata/anonunion.s
src.cmd.cgo.internal.testgodefs.testdata	src/cmd/cgo/internal/testgodefs/testdata/bitfields.s
src.cmd.cgo.internal.testgodefs.testdata	src/cmd/cgo/internal/testgodefs/testdata/fieldtypedef.s
src.cmd.cgo.internal.testgodefs.testdata	src/cmd/cgo/internal/testgodefs/testdata/issue37479.s
src.cmd.cgo.internal.testgodefs.testdata	src/cmd/cgo/internal/testgodefs/testdata/issue37621.s
src.cmd.cgo.internal.testgodefs.testdata	src/cmd/cgo/internal/testgodefs/testdata/issue38649.s
src.cmd.cgo.internal.testgodefs.testdata	src/cmd/cgo/internal/testgodefs/testdata/issue39534.s
src.cmd.cgo.internal.testgodefs.testdata	src/cmd/cgo/internal/testgodefs/testdata/issue48396.s
src.cmd.cgo.internal.testgodefs.testdata	src/cmd/cgo/internal/testgodefs/testdata/issue8478.s
src.cmd.cgo.internal.testgodefs.testdata	src/cmd/cgo/internal/testgodefs/testdata/main.s
src.cmd.cgo.internal.testlife.testdata	src/cmd/cgo/internal/testlife/testdata/life.s
src.cmd.cgo.internal.testlife.testdata	src/cmd/cgo/internal/testlife/testdata/main.s
src.cmd.cgo.internal.testnocgo	src/cmd/cgo/internal/testnocgo/nocgo.s
src.cmd.cgo.internal.testout.testdata	src/cmd/cgo/internal/testout/testdata/aligned.s
src.cmd.cgo.internal.testout.testdata	src/cmd/cgo/internal/testout/testdata/comments.s
src.cmd.cgo.internal.testplugin.altpath.testdata.common	src/cmd/cgo/internal/testplugin/altpath/testdata/common/common.s
src.cmd.cgo.internal.testplugin.altpath.testdata.plugin_mismatch	src/cmd/cgo/internal/testplugin/altpath/testdata/plugin-mismatch/main.s
src.cmd.cgo.internal.testplugin.testdata.checkdwarf	src/cmd/cgo/internal/testplugin/testdata/checkdwarf/main.s
src.cmd.cgo.internal.testplugin.testdata.common	src/cmd/cgo/internal/testplugin/testdata/common/common.s
src.cmd.cgo.internal.testplugin.testdata.forkexec	src/cmd/cgo/internal/testplugin/testdata/forkexec/main.s
src.cmd.cgo.internal.testplugin.testdata.host	src/cmd/cgo/internal/testplugin/testdata/host/host.s
src.cmd.cgo.internal.testplugin.testdata.iface	src/cmd/cgo/internal/testplugin/testdata/iface/main.s
src.cmd.cgo.internal.testplugin.testdata.iface_a	src/cmd/cgo/internal/testplugin/testdata/iface_a/a.s
src.cmd.cgo.internal.testplugin.testdata.iface_b	src/cmd/cgo/internal/testplugin/testdata/iface_b/b.s
src.cmd.cgo.internal.testplugin.testdata.iface_i	src/cmd/cgo/internal/testplugin/testdata/iface_i/i.s
src.cmd.cgo.internal.testplugin.testdata.issue18584	src/cmd/cgo/internal/testplugin/testdata/issue18584/main.s
src.cmd.cgo.internal.testplugin.testdata.issue18584	src/cmd/cgo/internal/testplugin/testdata/issue18584/plugin.s
src.cmd.cgo.internal.testplugin.testdata.issue18676	src/cmd/cgo/internal/testplugin/testdata/issue18676/main.s
src.cmd.cgo.internal.testplugin.testdata.issue18676	src/cmd/cgo/internal/testplugin/testdata/issue18676/plugin.s
src.cmd.cgo.internal.testplugin.testdata.issue18676.dynamodbstreamsevt	src/cmd/cgo/internal/testplugin/testdata/issue18676/dynamodbstreamsevt/definition.s
src.cmd.cgo.internal.testplugin.testdata.issue19418	src/cmd/cgo/internal/testplugin/testdata/issue19418/main.s
src.cmd.cgo.internal.testplugin.testdata.issue19418	src/cmd/cgo/internal/testplugin/testdata/issue19418/plugin.s
src.cmd.cgo.internal.testplugin.testdata.issue19529	src/cmd/cgo/internal/testplugin/testdata/issue19529/plugin.s
src.cmd.cgo.internal.testplugin.testdata.issue19534	src/cmd/cgo/internal/testplugin/testdata/issue19534/main.s
src.cmd.cgo.internal.testplugin.testdata.issue19534	src/cmd/cgo/internal/testplugin/testdata/issue19534/plugin.s
src.cmd.cgo.internal.testplugin.testdata.issue22175	src/cmd/cgo/internal/testplugin/testdata/issue22175/main.s
src.cmd.cgo.internal.testplugin.testdata.issue22175	src/cmd/cgo/internal/testplugin/testdata/issue22175/plugin1.s
src.cmd.cgo.internal.testplugin.testdata.issue22175	src/cmd/cgo/internal/testplugin/testdata/issue22175/plugin2.s
src.cmd.cgo.internal.testplugin.testdata.issue22295.pkg	src/cmd/cgo/internal/testplugin/testdata/issue22295.pkg/main.s
src.cmd.cgo.internal.testplugin.testdata.issue22295.pkg	src/cmd/cgo/internal/testplugin/testdata/issue22295.pkg/plugin.s
src.cmd.cgo.internal.testplugin.testdata.issue24351	src/cmd/cgo/internal/testplugin/testdata/issue24351/main.s
src.cmd.cgo.internal.testplugin.testdata.issue24351	src/cmd/cgo/internal/testplugin/testdata/issue24351/plugin.s
src.cmd.cgo.internal.testplugin.testdata.issue25756	src/cmd/cgo/internal/testplugin/testdata/issue25756/main.s
src.cmd.cgo.internal.testplugin.testdata.issue25756.plugin	src/cmd/cgo/internal/testplugin/testdata/issue25756/plugin/life.s
src.cmd.cgo.internal.testplugin.testdata.issue44956	src/cmd/cgo/internal/testplugin/testdata/issue44956/main.s
src.cmd.cgo.internal.testplugin.testdata.issue44956	src/cmd/cgo/internal/testplugin/testdata/issue44956/plugin1.s
src.cmd.cgo.internal.testplugin.testdata.issue44956	src/cmd/cgo/internal/testplugin/testdata/issue44956/plugin2.s
src.cmd.cgo.internal.testplugin.testdata.issue44956.base	src/cmd/cgo/internal/testplugin/testdata/issue44956/base/base.s
src.cmd.cgo.internal.testplugin.testdata.issue52937	src/cmd/cgo/internal/testplugin/testdata/issue52937/main.s
src.cmd.cgo.internal.testplugin.testdata.issue53989	src/cmd/cgo/internal/testplugin/testdata/issue53989/main.s
src.cmd.cgo.internal.testplugin.testdata.issue53989	src/cmd/cgo/internal/testplugin/testdata/issue53989/plugin.s
src.cmd.cgo.internal.testplugin.testdata.issue53989.p	src/cmd/cgo/internal/testplugin/testdata/issue53989/p/p.s
src.cmd.cgo.internal.testplugin.testdata.issue62430	src/cmd/cgo/internal/testplugin/testdata/issue62430/main.s
src.cmd.cgo.internal.testplugin.testdata.issue62430	src/cmd/cgo/internal/testplugin/testdata/issue62430/plugin.s
src.cmd.cgo.internal.testplugin.testdata.issue67976	src/cmd/cgo/internal/testplugin/testdata/issue67976/plugin.s
src.cmd.cgo.internal.testplugin.testdata.issue75102	src/cmd/cgo/internal/testplugin/testdata/issue75102/main.s
src.cmd.cgo.internal.testplugin.testdata.issue75102	src/cmd/cgo/internal/testplugin/testdata/issue75102/plugin.s
src.cmd.cgo.internal.testplugin.testdata.mangle	src/cmd/cgo/internal/testplugin/testdata/mangle/plugin.s
src.cmd.cgo.internal.testplugin.testdata.method	src/cmd/cgo/internal/testplugin/testdata/method/main.s
src.cmd.cgo.internal.testplugin.testdata.method	src/cmd/cgo/internal/testplugin/testdata/method/plugin.s
src.cmd.cgo.internal.testplugin.testdata.method2	src/cmd/cgo/internal/testplugin/testdata/method2/main.s
src.cmd.cgo.internal.testplugin.testdata.method2	src/cmd/cgo/internal/testplugin/testdata/method2/plugin.s
src.cmd.cgo.internal.testplugin.testdata.method2.p	src/cmd/cgo/internal/testplugin/testdata/method2/p/p.s
src.cmd.cgo.internal.testplugin.testdata.method3	src/cmd/cgo/internal/testplugin/testdata/method3/main.s
src.cmd.cgo.internal.testplugin.testdata.method3	src/cmd/cgo/internal/testplugin/testdata/method3/plugin.s
src.cmd.cgo.internal.testplugin.testdata.method3.p	src/cmd/cgo/internal/testplugin/testdata/method3/p/p.s
src.cmd.cgo.internal.testplugin.testdata.plugin1	src/cmd/cgo/internal/testplugin/testdata/plugin1/plugin1.s
src.cmd.cgo.internal.testplugin.testdata.plugin2	src/cmd/cgo/internal/testplugin/testdata/plugin2/plugin2.s
src.cmd.cgo.internal.testplugin.testdata.sub.plugin1	src/cmd/cgo/internal/testplugin/testdata/sub/plugin1/plugin1.s
src.cmd.cgo.internal.testplugin.testdata.unnamed1	src/cmd/cgo/internal/testplugin/testdata/unnamed1/main.s
src.cmd.cgo.internal.testplugin.testdata.unnamed2	src/cmd/cgo/internal/testplugin/testdata/unnamed2/main.s
src.cmd.cgo.internal.testsanitizers.testdata	src/cmd/cgo/internal/testsanitizers/testdata/arena_fail.s
src.cmd.cgo.internal.testsanitizers.testdata	src/cmd/cgo/internal/testsanitizers/testdata/asan1_fail.s
src.cmd.cgo.internal.testsanitizers.testdata	src/cmd/cgo/internal/testsanitizers/testdata/asan2_fail.s
src.cmd.cgo.internal.testsanitizers.testdata	src/cmd/cgo/internal/testsanitizers/testdata/asan3_fail.s
src.cmd.cgo.internal.testsanitizers.testdata	src/cmd/cgo/internal/testsanitizers/testdata/asan4_fail.s
src.cmd.cgo.internal.testsanitizers.testdata	src/cmd/cgo/internal/testsanitizers/testdata/asan5_fail.s
src.cmd.cgo.internal.testsanitizers.testdata	src/cmd/cgo/internal/testsanitizers/testdata/asan_global1_fail.s
src.cmd.cgo.internal.testsanitizers.testdata	src/cmd/cgo/internal/testsanitizers/testdata/asan_global2_fail.s
src.cmd.cgo.internal.testsanitizers.testdata	src/cmd/cgo/internal/testsanitizers/testdata/asan_global3_fail.s
src.cmd.cgo.internal.testsanitizers.testdata	src/cmd/cgo/internal/testsanitizers/testdata/asan_global4_fail.s
src.cmd.cgo.internal.testsanitizers.testdata	src/cmd/cgo/internal/testsanitizers/testdata/asan_global5.s
src.cmd.cgo.internal.testsanitizers.testdata	src/cmd/cgo/internal/testsanitizers/testdata/asan_unsafe_fail1.s
src.cmd.cgo.internal.testsanitizers.testdata	src/cmd/cgo/internal/testsanitizers/testdata/asan_unsafe_fail2.s
src.cmd.cgo.internal.testsanitizers.testdata	src/cmd/cgo/internal/testsanitizers/testdata/asan_unsafe_fail3.s
src.cmd.cgo.internal.testsanitizers.testdata	src/cmd/cgo/internal/testsanitizers/testdata/asan_useAfterReturn.s
src.cmd.cgo.internal.testsanitizers.testdata	src/cmd/cgo/internal/testsanitizers/testdata/libfuzzer1.s
src.cmd.cgo.internal.testsanitizers.testdata	src/cmd/cgo/internal/testsanitizers/testdata/libfuzzer2.s
src.cmd.cgo.internal.testsanitizers.testdata	src/cmd/cgo/internal/testsanitizers/testdata/lsan1.s
src.cmd.cgo.internal.testsanitizers.testdata	src/cmd/cgo/internal/testsanitizers/testdata/lsan2.s
src.cmd.cgo.internal.testsanitizers.testdata	src/cmd/cgo/internal/testsanitizers/testdata/lsan3.s
src.cmd.cgo.internal.testsanitizers.testdata	src/cmd/cgo/internal/testsanitizers/testdata/msan.s
src.cmd.cgo.internal.testsanitizers.testdata	src/cmd/cgo/internal/testsanitizers/testdata/msan2.s
src.cmd.cgo.internal.testsanitizers.testdata	src/cmd/cgo/internal/testsanitizers/testdata/msan2_cmsan.s
src.cmd.cgo.internal.testsanitizers.testdata	src/cmd/cgo/internal/testsanitizers/testdata/msan3.s
src.cmd.cgo.internal.testsanitizers.testdata	src/cmd/cgo/internal/testsanitizers/testdata/msan4.s
src.cmd.cgo.internal.testsanitizers.testdata	src/cmd/cgo/internal/testsanitizers/testdata/msan5.s
src.cmd.cgo.internal.testsanitizers.testdata	src/cmd/cgo/internal/testsanitizers/testdata/msan6.s
src.cmd.cgo.internal.testsanitizers.testdata	src/cmd/cgo/internal/testsanitizers/testdata/msan7.s
src.cmd.cgo.internal.testsanitizers.testdata	src/cmd/cgo/internal/testsanitizers/testdata/msan8.s
src.cmd.cgo.internal.testsanitizers.testdata	src/cmd/cgo/internal/testsanitizers/testdata/msan_fail.s
src.cmd.cgo.internal.testsanitizers.testdata	src/cmd/cgo/internal/testsanitizers/testdata/msan_shared.s
src.cmd.cgo.internal.testsanitizers.testdata	src/cmd/cgo/internal/testsanitizers/testdata/tsan.s
src.cmd.cgo.internal.testsanitizers.testdata	src/cmd/cgo/internal/testsanitizers/testdata/tsan10.s
src.cmd.cgo.internal.testsanitizers.testdata	src/cmd/cgo/internal/testsanitizers/testdata/tsan11.s
src.cmd.cgo.internal.testsanitizers.testdata	src/cmd/cgo/internal/testsanitizers/testdata/tsan12.s
src.cmd.cgo.internal.testsanitizers.testdata	src/cmd/cgo/internal/testsanitizers/testdata/tsan13.s
src.cmd.cgo.internal.testsanitizers.testdata	src/cmd/cgo/internal/testsanitizers/testdata/tsan14.s
src.cmd.cgo.internal.testsanitizers.testdata	src/cmd/cgo/internal/testsanitizers/testdata/tsan15.s
src.cmd.cgo.internal.testsanitizers.testdata	src/cmd/cgo/internal/testsanitizers/testdata/tsan2.s
src.cmd.cgo.internal.testsanitizers.testdata	src/cmd/cgo/internal/testsanitizers/testdata/tsan3.s
src.cmd.cgo.internal.testsanitizers.testdata	src/cmd/cgo/internal/testsanitizers/testdata/tsan4.s
src.cmd.cgo.internal.testsanitizers.testdata	src/cmd/cgo/internal/testsanitizers/testdata/tsan5.s
src.cmd.cgo.internal.testsanitizers.testdata	src/cmd/cgo/internal/testsanitizers/testdata/tsan6.s
src.cmd.cgo.internal.testsanitizers.testdata	src/cmd/cgo/internal/testsanitizers/testdata/tsan7.s
src.cmd.cgo.internal.testsanitizers.testdata	src/cmd/cgo/internal/testsanitizers/testdata/tsan8.s
src.cmd.cgo.internal.testsanitizers.testdata	src/cmd/cgo/internal/testsanitizers/testdata/tsan9.s
src.cmd.cgo.internal.testsanitizers.testdata	src/cmd/cgo/internal/testsanitizers/testdata/tsan_shared.s
src.cmd.cgo.internal.testsanitizers.testdata.asan_global_asm	src/cmd/cgo/internal/testsanitizers/testdata/asan_global_asm/main.s
src.cmd.cgo.internal.testsanitizers.testdata.asan_global_asm2_fail	src/cmd/cgo/internal/testsanitizers/testdata/asan_global_asm2_fail/main.s
src.cmd.cgo.internal.testsanitizers.testdata.asan_linkerx	src/cmd/cgo/internal/testsanitizers/testdata/asan_linkerx/main.s
src.cmd.cgo.internal.testsanitizers.testdata.asan_linkerx.p	src/cmd/cgo/internal/testsanitizers/testdata/asan_linkerx/p/p.s
src.cmd.cgo.internal.testsanitizers.testdata.tsan_tracebackctxt	src/cmd/cgo/internal/testsanitizers/testdata/tsan_tracebackctxt/main.s
src.cmd.cgo.internal.testshared.testdata.dep2	src/cmd/cgo/internal/testshared/testdata/dep2/dep2.s
src.cmd.cgo.internal.testshared.testdata.dep3	src/cmd/cgo/internal/testshared/testdata/dep3/dep3.s
src.cmd.cgo.internal.testshared.testdata.dep_base	src/cmd/cgo/internal/testshared/testdata/depBase/dep.s
src.cmd.cgo.internal.testshared.testdata.dep_base	src/cmd/cgo/internal/testshared/testdata/depBase/gccgo.s
src.cmd.cgo.internal.testshared.testdata.dep_base	src/cmd/cgo/internal/testshared/testdata/depBase/stubs.s
src.cmd.cgo.internal.testshared.testdata.dep_base_internal	src/cmd/cgo/internal/testshared/testdata/depBaseInternal/dep.s
src.cmd.cgo.internal.testshared.testdata.division	src/cmd/cgo/internal/testshared/testdata/division/division.s
src.cmd.cgo.internal.testshared.testdata.exe	src/cmd/cgo/internal/testshared/testdata/exe/exe.s
src.cmd.cgo.internal.testshared.testdata.exe2	src/cmd/cgo/internal/testshared/testdata/exe2/exe2.s
src.cmd.cgo.internal.testshared.testdata.exe3	src/cmd/cgo/internal/testshared/testdata/exe3/exe3.s
src.cmd.cgo.internal.testshared.testdata.execgo	src/cmd/cgo/internal/testshared/testdata/execgo/exe.s
src.cmd.cgo.internal.testshared.testdata.explicit	src/cmd/cgo/internal/testshared/testdata/explicit/explicit.s
src.cmd.cgo.internal.testshared.testdata.gcdata.main	src/cmd/cgo/internal/testshared/testdata/gcdata/main/main.s
src.cmd.cgo.internal.testshared.testdata.gcdata.p	src/cmd/cgo/internal/testshared/testdata/gcdata/p/p.s
src.cmd.cgo.internal.testshared.testdata.global	src/cmd/cgo/internal/testshared/testdata/global/main.s
src.cmd.cgo.internal.testshared.testdata.globallib	src/cmd/cgo/internal/testshared/testdata/globallib/global.s
src.cmd.cgo.internal.testshared.testdata.iface	src/cmd/cgo/internal/testshared/testdata/iface/main.s
src.cmd.cgo.internal.testshared.testdata.iface_a	src/cmd/cgo/internal/testshared/testdata/iface_a/a.s
src.cmd.cgo.internal.testshared.testdata.iface_b	src/cmd/cgo/internal/testshared/testdata/iface_b/b.s
src.cmd.cgo.internal.testshared.testdata.iface_i	src/cmd/cgo/internal/testshared/testdata/iface_i/i.s
src.cmd.cgo.internal.testshared.testdata.implicit	src/cmd/cgo/internal/testshared/testdata/implicit/implicit.s
src.cmd.cgo.internal.testshared.testdata.implicitcmd	src/cmd/cgo/internal/testshared/testdata/implicitcmd/implicitcmd.s
src.cmd.cgo.internal.testshared.testdata.issue25065	src/cmd/cgo/internal/testshared/testdata/issue25065/a.s
src.cmd.cgo.internal.testshared.testdata.issue30768.issue30768lib	src/cmd/cgo/internal/testshared/testdata/issue30768/issue30768lib/lib.s
src.cmd.cgo.internal.testshared.testdata.issue39777.a	src/cmd/cgo/internal/testshared/testdata/issue39777/a/a.s
src.cmd.cgo.internal.testshared.testdata.issue39777.b	src/cmd/cgo/internal/testshared/testdata/issue39777/b/b.s
src.cmd.cgo.internal.testshared.testdata.issue44031.a	src/cmd/cgo/internal/testshared/testdata/issue44031/a/a.s
src.cmd.cgo.internal.testshared.testdata.issue44031.b	src/cmd/cgo/internal/testshared/testdata/issue44031/b/b.s
src.cmd.cgo.internal.testshared.testdata.issue44031.main	src/cmd/cgo/internal/testshared/testdata/issue44031/main/main.s
src.cmd.cgo.internal.testshared.testdata.issue47837.a	src/cmd/cgo/internal/testshared/testdata/issue47837/a/a.s
src.cmd.cgo.internal.testshared.testdata.issue47837.main	src/cmd/cgo/internal/testshared/testdata/issue47837/main/main.s
src.cmd.cgo.internal.testshared.testdata.issue58966	src/cmd/cgo/internal/testshared/testdata/issue58966/main.s
src.cmd.cgo.internal.testshared.testdata.issue62277.p	src/cmd/cgo/internal/testshared/testdata/issue62277/p/p.s
src.cmd.cgo.internal.testshared.testdata.trivial	src/cmd/cgo/internal/testshared/testdata/trivial/trivial.s
src.cmd.cgo.internal.testso.testdata.so	src/cmd/cgo/internal/testso/testdata/so/cgoso.s
src.cmd.cgo.internal.testso.testdata.so	src/cmd/cgo/internal/testso/testdata/so/cgoso_unix.s
src.cmd.cgo.internal.testso.testdata.so	src/cmd/cgo/internal/testso/testdata/so/main.s
src.cmd.cgo.internal.testso.testdata.sovar	src/cmd/cgo/internal/testso/testdata/sovar/cgoso.s
src.cmd.cgo.internal.testso.testdata.sovar	src/cmd/cgo/internal/testso/testdata/sovar/main.s
src.cmd.cgo.internal.teststdio.testdata	src/cmd/cgo/internal/teststdio/testdata/chain.s
src.cmd.cgo.internal.teststdio.testdata	src/cmd/cgo/internal/teststdio/testdata/fib.s
src.cmd.cgo.internal.teststdio.testdata	src/cmd/cgo/internal/teststdio/testdata/hello.s
src.cmd.cgo.internal.teststdio.testdata.stdio	src/cmd/cgo/internal/teststdio/testdata/stdio/file.s
src.cmd.cgo.internal.teststdio.testdata.stdio	src/cmd/cgo/internal/teststdio/testdata/stdio/stdio.s
src.cmd.cgo.internal.testtls	src/cmd/cgo/internal/testtls/tls.s
src.cmd.cgo.internal.testtls	src/cmd/cgo/internal/testtls/tls_none.s
src.cmd.compile	src/cmd/compile/doc.s
src.cmd.covdata	src/cmd/covdata/argsmerge.s
src.cmd.covdata	src/cmd/covdata/covdata.s
src.cmd.covdata	src/cmd/covdata/doc.s
src.cmd.covdata	src/cmd/covdata/dump.s
src.cmd.covdata	src/cmd/covdata/merge.s
src.cmd.covdata	src/cmd/covdata/metamerge.s
src.cmd.covdata	src/cmd/covdata/subtractintersect.s
src.cmd.covdata.testdata	src/cmd/covdata/testdata/dep.s
src.cmd.covdata.testdata	src/cmd/covdata/testdata/prog1.s
src.cmd.covdata.testdata	src/cmd/covdata/testdata/prog2.s
src.cmd.cover	src/cmd/cover/cover.s
src.cmd.cover	src/cmd/cover/doc.s
src.cmd.cover	src/cmd/cover/func.s
src.cmd.cover	src/cmd/cover/html.s
src.cmd.cover.testdata	src/cmd/cover/testdata/align.s
src.cmd.cover.testdata	src/cmd/cover/testdata/directives.s
src.cmd.cover.testdata	src/cmd/cover/testdata/main.s
src.cmd.cover.testdata	src/cmd/cover/testdata/p.s
src.cmd.cover.testdata	src/cmd/cover/testdata/test.s
src.cmd.cover.testdata.html	src/cmd/cover/testdata/html/html.s
src.cmd.cover.testdata.pkgcfg.a	src/cmd/cover/testdata/pkgcfg/a/a.s
src.cmd.cover.testdata.pkgcfg.a	src/cmd/cover/testdata/pkgcfg/a/a2.s
src.cmd.cover.testdata.pkgcfg.no_funcs_no_tests	src/cmd/cover/testdata/pkgcfg/noFuncsNoTests/nfnt.s
src.cmd.cover.testdata.pkgcfg.yes_funcs_no_tests	src/cmd/cover/testdata/pkgcfg/yesFuncsNoTests/yfnt.s
src.cmd.cover.testdata.ranges	src/cmd/cover/testdata/ranges/ranges.s
src.cmd.distpack	src/cmd/distpack/archive.s
src.cmd.distpack	src/cmd/distpack/pack.s
src.cmd.distpack	src/cmd/distpack/test.s
src.cmd.fix	src/cmd/fix/main.s
src.cmd.go	src/cmd/go/alldocs.s
src.cmd.go	src/cmd/go/go11.s
src.cmd.go	src/cmd/go/main.s
src.cmd.go.internal.auth	src/cmd/go/internal/auth/auth.s
src.cmd.go.internal.auth	src/cmd/go/internal/auth/gitauth.s
src.cmd.go.internal.auth	src/cmd/go/internal/auth/httputils.s
src.cmd.go.internal.auth	src/cmd/go/internal/auth/netrc.s
src.cmd.go.internal.auth	src/cmd/go/internal/auth/userauth.s
src.cmd.go.internal.base	src/cmd/go/internal/base/base.s
src.cmd.go.internal.base	src/cmd/go/internal/base/env.s
src.cmd.go.internal.base	src/cmd/go/internal/base/error_notunix.s
src.cmd.go.internal.base	src/cmd/go/internal/base/error_unix.s
src.cmd.go.internal.base	src/cmd/go/internal/base/flag.s
src.cmd.go.internal.base	src/cmd/go/internal/base/goflags.s
src.cmd.go.internal.base	src/cmd/go/internal/base/limit.s
src.cmd.go.internal.base	src/cmd/go/internal/base/path.s
src.cmd.go.internal.base	src/cmd/go/internal/base/signal.s
src.cmd.go.internal.base	src/cmd/go/internal/base/signal_notunix.s
src.cmd.go.internal.base	src/cmd/go/internal/base/signal_unix.s
src.cmd.go.internal.base	src/cmd/go/internal/base/tool.s
src.cmd.go.internal.bug	src/cmd/go/internal/bug/bug.s
src.cmd.go.internal.cache	src/cmd/go/internal/cache/cache.s
src.cmd.go.internal.cache	src/cmd/go/internal/cache/default.s
src.cmd.go.internal.cache	src/cmd/go/internal/cache/hash.s
src.cmd.go.internal.cache	src/cmd/go/internal/cache/prog.s
src.cmd.go.internal.cacheprog	src/cmd/go/internal/cacheprog/cacheprog.s
src.cmd.go.internal.cfg	src/cmd/go/internal/cfg/cfg.s
src.cmd.go.internal.clean	src/cmd/go/internal/clean/clean.s
src.cmd.go.internal.cmdflag	src/cmd/go/internal/cmdflag/flag.s
src.cmd.go.internal.doc	src/cmd/go/internal/doc/dirs.s
src.cmd.go.internal.doc	src/cmd/go/internal/doc/doc.s
src.cmd.go.internal.doc	src/cmd/go/internal/doc/mod.s
src.cmd.go.internal.doc	src/cmd/go/internal/doc/pkg.s
src.cmd.go.internal.doc	src/cmd/go/internal/doc/pkgsite.s
src.cmd.go.internal.doc	src/cmd/go/internal/doc/pkgsite_bootstrap.s
src.cmd.go.internal.doc	src/cmd/go/internal/doc/signal_notunix.s
src.cmd.go.internal.doc	src/cmd/go/internal/doc/signal_unix.s
src.cmd.go.internal.doc.testdata	src/cmd/go/internal/doc/testdata/pkg.s
src.cmd.go.internal.doc.testdata.merge	src/cmd/go/internal/doc/testdata/merge/aa.s
src.cmd.go.internal.doc.testdata.merge	src/cmd/go/internal/doc/testdata/merge/bb.s
src.cmd.go.internal.doc.testdata.nested	src/cmd/go/internal/doc/testdata/nested/ignore.s
src.cmd.go.internal.doc.testdata.nested.empty	src/cmd/go/internal/doc/testdata/nested/empty/empty.s
src.cmd.go.internal.doc.testdata.nested.nested	src/cmd/go/internal/doc/testdata/nested/nested/real.s
src.cmd.go.internal.envcmd	src/cmd/go/internal/envcmd/env.s
src.cmd.go.internal.fips140	src/cmd/go/internal/fips140/fips140.s
src.cmd.go.internal.fips140	src/cmd/go/internal/fips140/mkzip.s
src.cmd.go.internal.fmtcmd	src/cmd/go/internal/fmtcmd/fmt.s
src.cmd.go.internal.fsys	src/cmd/go/internal/fsys/fsys.s
src.cmd.go.internal.fsys	src/cmd/go/internal/fsys/glob.s
src.cmd.go.internal.fsys	src/cmd/go/internal/fsys/walk.s
src.cmd.go.internal.generate	src/cmd/go/internal/generate/generate.s
src.cmd.go.internal.gover	src/cmd/go/internal/gover/gomod.s
src.cmd.go.internal.gover	src/cmd/go/internal/gover/gover.s
src.cmd.go.internal.gover	src/cmd/go/internal/gover/local.s
src.cmd.go.internal.gover	src/cmd/go/internal/gover/mod.s
src.cmd.go.internal.gover	src/cmd/go/internal/gover/toolchain.s
src.cmd.go.internal.gover	src/cmd/go/internal/gover/version.s
src.cmd.go.internal.help	src/cmd/go/internal/help/help.s
src.cmd.go.internal.help	src/cmd/go/internal/help/helpdoc.s
src.cmd.go.internal.imports	src/cmd/go/internal/imports/build.s
src.cmd.go.internal.imports	src/cmd/go/internal/imports/read.s
src.cmd.go.internal.imports	src/cmd/go/internal/imports/scan.s
src.cmd.go.internal.imports	src/cmd/go/internal/imports/tags.s
src.cmd.go.internal.imports.testdata.android	src/cmd/go/internal/imports/testdata/android/.h.s
src.cmd.go.internal.imports.testdata.android	src/cmd/go/internal/imports/testdata/android/a_android.s
src.cmd.go.internal.imports.testdata.android	src/cmd/go/internal/imports/testdata/android/b_android_arm64.s
src.cmd.go.internal.imports.testdata.android	src/cmd/go/internal/imports/testdata/android/c_linux.s
src.cmd.go.internal.imports.testdata.android	src/cmd/go/internal/imports/testdata/android/d_linux_arm64.s
src.cmd.go.internal.imports.testdata.android	src/cmd/go/internal/imports/testdata/android/e.s
src.cmd.go.internal.imports.testdata.android	src/cmd/go/internal/imports/testdata/android/f.s
src.cmd.go.internal.imports.testdata.android	src/cmd/go/internal/imports/testdata/android/g.s
src.cmd.go.internal.imports.testdata.illumos	src/cmd/go/internal/imports/testdata/illumos/.h.s
src.cmd.go.internal.imports.testdata.illumos	src/cmd/go/internal/imports/testdata/illumos/a_illumos.s
src.cmd.go.internal.imports.testdata.illumos	src/cmd/go/internal/imports/testdata/illumos/b_illumos_amd64.s
src.cmd.go.internal.imports.testdata.illumos	src/cmd/go/internal/imports/testdata/illumos/c_solaris.s
src.cmd.go.internal.imports.testdata.illumos	src/cmd/go/internal/imports/testdata/illumos/d_solaris_amd64.s
src.cmd.go.internal.imports.testdata.illumos	src/cmd/go/internal/imports/testdata/illumos/e.s
src.cmd.go.internal.imports.testdata.illumos	src/cmd/go/internal/imports/testdata/illumos/f.s
src.cmd.go.internal.imports.testdata.illumos	src/cmd/go/internal/imports/testdata/illumos/g.s
src.cmd.go.internal.imports.testdata.star	src/cmd/go/internal/imports/testdata/star/x.s
src.cmd.go.internal.imports.testdata.star	src/cmd/go/internal/imports/testdata/star/x1.s
src.cmd.go.internal.imports.testdata.star	src/cmd/go/internal/imports/testdata/star/x_darwin.s
src.cmd.go.internal.imports.testdata.star	src/cmd/go/internal/imports/testdata/star/x_windows.s
src.cmd.go.internal.imports.testdata.test	src/cmd/go/internal/imports/testdata/test/test.s
src.cmd.go.internal.imports.testdata.test.child	src/cmd/go/internal/imports/testdata/test/child/child.s
src.cmd.go.internal.list	src/cmd/go/internal/list/context.s
src.cmd.go.internal.list	src/cmd/go/internal/list/list.s
src.cmd.go.internal.load	src/cmd/go/internal/load/flag.s
src.cmd.go.internal.load	src/cmd/go/internal/load/godebug.s
src.cmd.go.internal.load	src/cmd/go/internal/load/path.s
src.cmd.go.internal.load	src/cmd/go/internal/load/pkg.s
src.cmd.go.internal.load	src/cmd/go/internal/load/printer.s
src.cmd.go.internal.load	src/cmd/go/internal/load/search.s
src.cmd.go.internal.load	src/cmd/go/internal/load/test.s
src.cmd.go.internal.lockedfile	src/cmd/go/internal/lockedfile/lockedfile.s
src.cmd.go.internal.lockedfile	src/cmd/go/internal/lockedfile/lockedfile_filelock.s
src.cmd.go.internal.lockedfile	src/cmd/go/internal/lockedfile/lockedfile_plan9.s
src.cmd.go.internal.lockedfile	src/cmd/go/internal/lockedfile/mutex.s
src.cmd.go.internal.lockedfile.internal.filelock	src/cmd/go/internal/lockedfile/internal/filelock/filelock.s
src.cmd.go.internal.lockedfile.internal.filelock	src/cmd/go/internal/lockedfile/internal/filelock/filelock_fcntl.s
src.cmd.go.internal.lockedfile.internal.filelock	src/cmd/go/internal/lockedfile/internal/filelock/filelock_other.s
src.cmd.go.internal.lockedfile.internal.filelock	src/cmd/go/internal/lockedfile/internal/filelock/filelock_unix.s
src.cmd.go.internal.lockedfile.internal.filelock	src/cmd/go/internal/lockedfile/internal/filelock/filelock_windows.s
src.cmd.go.internal.mmap	src/cmd/go/internal/mmap/mmap.s
src.cmd.go.internal.mmap	src/cmd/go/internal/mmap/mmap_other.s
src.cmd.go.internal.mmap	src/cmd/go/internal/mmap/mmap_unix.s
src.cmd.go.internal.mmap	src/cmd/go/internal/mmap/mmap_windows.s
src.cmd.go.internal.modcmd	src/cmd/go/internal/modcmd/download.s
src.cmd.go.internal.modcmd	src/cmd/go/internal/modcmd/edit.s
src.cmd.go.internal.modcmd	src/cmd/go/internal/modcmd/graph.s
src.cmd.go.internal.modcmd	src/cmd/go/internal/modcmd/init.s
src.cmd.go.internal.modcmd	src/cmd/go/internal/modcmd/mod.s
src.cmd.go.internal.modcmd	src/cmd/go/internal/modcmd/tidy.s
src.cmd.go.internal.modcmd	src/cmd/go/internal/modcmd/vendor.s
src.cmd.go.internal.modcmd	src/cmd/go/internal/modcmd/verify.s
src.cmd.go.internal.modcmd	src/cmd/go/internal/modcmd/why.s
src.cmd.go.internal.modfetch	src/cmd/go/internal/modfetch/bootstrap.s
src.cmd.go.internal.modfetch	src/cmd/go/internal/modfetch/cache.s
src.cmd.go.internal.modfetch	src/cmd/go/internal/modfetch/coderepo.s
src.cmd.go.internal.modfetch	src/cmd/go/internal/modfetch/fetch.s
src.cmd.go.internal.modfetch	src/cmd/go/internal/modfetch/key.s
src.cmd.go.internal.modfetch	src/cmd/go/internal/modfetch/proxy.s
src.cmd.go.internal.modfetch	src/cmd/go/internal/modfetch/repo.s
src.cmd.go.internal.modfetch	src/cmd/go/internal/modfetch/sumdb.s
src.cmd.go.internal.modfetch	src/cmd/go/internal/modfetch/toolchain.s
src.cmd.go.internal.modfetch.codehost	src/cmd/go/internal/modfetch/codehost/codehost.s
src.cmd.go.internal.modfetch.codehost	src/cmd/go/internal/modfetch/codehost/git.s
src.cmd.go.internal.modfetch.codehost	src/cmd/go/internal/modfetch/codehost/shell.s
src.cmd.go.internal.modfetch.codehost	src/cmd/go/internal/modfetch/codehost/svn.s
src.cmd.go.internal.modfetch.codehost	src/cmd/go/internal/modfetch/codehost/vcs.s
src.cmd.go.internal.modget	src/cmd/go/internal/modget/get.s
src.cmd.go.internal.modget	src/cmd/go/internal/modget/query.s
src.cmd.go.internal.modindex	src/cmd/go/internal/modindex/build.s
src.cmd.go.internal.modindex	src/cmd/go/internal/modindex/build_read.s
src.cmd.go.internal.modindex	src/cmd/go/internal/modindex/read.s
src.cmd.go.internal.modindex	src/cmd/go/internal/modindex/scan.s
src.cmd.go.internal.modindex	src/cmd/go/internal/modindex/write.s
src.cmd.go.internal.modindex.testdata.ignore_non_source	src/cmd/go/internal/modindex/testdata/ignore_non_source/b.s
src.cmd.go.internal.modinfo	src/cmd/go/internal/modinfo/info.s
src.cmd.go.internal.modload	src/cmd/go/internal/modload/build.s
src.cmd.go.internal.modload	src/cmd/go/internal/modload/buildlist.s
src.cmd.go.internal.modload	src/cmd/go/internal/modload/edit.s
src.cmd.go.internal.modload	src/cmd/go/internal/modload/help.s
src.cmd.go.internal.modload	src/cmd/go/internal/modload/import.s
src.cmd.go.internal.modload	src/cmd/go/internal/modload/init.s
src.cmd.go.internal.modload	src/cmd/go/internal/modload/list.s
src.cmd.go.internal.modload	src/cmd/go/internal/modload/load.s
src.cmd.go.internal.modload	src/cmd/go/internal/modload/modfile.s
src.cmd.go.internal.modload	src/cmd/go/internal/modload/mvs.s
src.cmd.go.internal.modload	src/cmd/go/internal/modload/query.s
src.cmd.go.internal.modload	src/cmd/go/internal/modload/search.s
src.cmd.go.internal.modload	src/cmd/go/internal/modload/vendor.s
src.cmd.go.internal.mvs	src/cmd/go/internal/mvs/errors.s
src.cmd.go.internal.mvs	src/cmd/go/internal/mvs/graph.s
src.cmd.go.internal.mvs	src/cmd/go/internal/mvs/mvs.s
src.cmd.go.internal.run	src/cmd/go/internal/run/run.s
src.cmd.go.internal.search	src/cmd/go/internal/search/search.s
src.cmd.go.internal.str	src/cmd/go/internal/str/path.s
src.cmd.go.internal.str	src/cmd/go/internal/str/str.s
src.cmd.go.internal.telemetrycmd	src/cmd/go/internal/telemetrycmd/telemetry.s
src.cmd.go.internal.telemetrystats	src/cmd/go/internal/telemetrystats/telemetrystats.s
src.cmd.go.internal.telemetrystats	src/cmd/go/internal/telemetrystats/telemetrystats_bootstrap.s
src.cmd.go.internal.telemetrystats	src/cmd/go/internal/telemetrystats/version_other.s
src.cmd.go.internal.telemetrystats	src/cmd/go/internal/telemetrystats/version_unix.s
src.cmd.go.internal.telemetrystats	src/cmd/go/internal/telemetrystats/version_windows.s
src.cmd.go.internal.test	src/cmd/go/internal/test/cover.s
src.cmd.go.internal.test	src/cmd/go/internal/test/flagdefs.s
src.cmd.go.internal.test	src/cmd/go/internal/test/genflags.s
src.cmd.go.internal.test	src/cmd/go/internal/test/test.s
src.cmd.go.internal.test	src/cmd/go/internal/test/testflag.s
src.cmd.go.internal.test.internal.genflags	src/cmd/go/internal/test/internal/genflags/testflag.s
src.cmd.go.internal.test.internal.genflags	src/cmd/go/internal/test/internal/genflags/vetflag.s
src.cmd.go.internal.tool	src/cmd/go/internal/tool/signal.s
src.cmd.go.internal.tool	src/cmd/go/internal/tool/signal_js.s
src.cmd.go.internal.tool	src/cmd/go/internal/tool/signal_plan9.s
src.cmd.go.internal.tool	src/cmd/go/internal/tool/tool.s
src.cmd.go.internal.toolchain	src/cmd/go/internal/toolchain/exec.s
src.cmd.go.internal.toolchain	src/cmd/go/internal/toolchain/exec_stub.s
src.cmd.go.internal.toolchain	src/cmd/go/internal/toolchain/path_none.s
src.cmd.go.internal.toolchain	src/cmd/go/internal/toolchain/path_plan9.s
src.cmd.go.internal.toolchain	src/cmd/go/internal/toolchain/path_unix.s
src.cmd.go.internal.toolchain	src/cmd/go/internal/toolchain/path_windows.s
src.cmd.go.internal.toolchain	src/cmd/go/internal/toolchain/select.s
src.cmd.go.internal.toolchain	src/cmd/go/internal/toolchain/switch.s
src.cmd.go.internal.toolchain	src/cmd/go/internal/toolchain/umask_none.s
src.cmd.go.internal.toolchain	src/cmd/go/internal/toolchain/umask_unix.s
src.cmd.go.internal.trace	src/cmd/go/internal/trace/trace.s
src.cmd.go.internal.vcs	src/cmd/go/internal/vcs/discovery.s
src.cmd.go.internal.vcs	src/cmd/go/internal/vcs/vcs.s
src.cmd.go.internal.vcweb	src/cmd/go/internal/vcweb/auth.s
src.cmd.go.internal.vcweb	src/cmd/go/internal/vcweb/dir.s
src.cmd.go.internal.vcweb	src/cmd/go/internal/vcweb/fossil.s
src.cmd.go.internal.vcweb	src/cmd/go/internal/vcweb/git.s
src.cmd.go.internal.vcweb	src/cmd/go/internal/vcweb/hg.s
src.cmd.go.internal.vcweb	src/cmd/go/internal/vcweb/insecure.s
src.cmd.go.internal.vcweb	src/cmd/go/internal/vcweb/script.s
src.cmd.go.internal.vcweb	src/cmd/go/internal/vcweb/svn.s
src.cmd.go.internal.vcweb	src/cmd/go/internal/vcweb/vcweb.s
src.cmd.go.internal.vcweb.vcstest	src/cmd/go/internal/vcweb/vcstest/vcstest.s
src.cmd.go.internal.version	src/cmd/go/internal/version/version.s
src.cmd.go.internal.vet	src/cmd/go/internal/vet/vet.s
src.cmd.go.internal.vet	src/cmd/go/internal/vet/vetflag.s
src.cmd.go.internal.web	src/cmd/go/internal/web/api.s
src.cmd.go.internal.web	src/cmd/go/internal/web/bootstrap.s
src.cmd.go.internal.web	src/cmd/go/internal/web/http.s
src.cmd.go.internal.web	src/cmd/go/internal/web/url.s
src.cmd.go.internal.web	src/cmd/go/internal/web/url_other.s
src.cmd.go.internal.web	src/cmd/go/internal/web/url_windows.s
src.cmd.go.internal.web.intercept	src/cmd/go/internal/web/intercept/intercept.s
src.cmd.go.internal.work	src/cmd/go/internal/work/action.s
src.cmd.go.internal.work	src/cmd/go/internal/work/build.s
src.cmd.go.internal.work	src/cmd/go/internal/work/buildid.s
src.cmd.go.internal.work	src/cmd/go/internal/work/cover.s
src.cmd.go.internal.work	src/cmd/go/internal/work/exec.s
src.cmd.go.internal.work	src/cmd/go/internal/work/gc.s
src.cmd.go.internal.work	src/cmd/go/internal/work/gccgo.s
src.cmd.go.internal.work	src/cmd/go/internal/work/init.s
src.cmd.go.internal.work	src/cmd/go/internal/work/security.s
src.cmd.go.internal.work	src/cmd/go/internal/work/shell.s
src.cmd.go.internal.workcmd	src/cmd/go/internal/workcmd/edit.s
src.cmd.go.internal.workcmd	src/cmd/go/internal/workcmd/init.s
src.cmd.go.internal.workcmd	src/cmd/go/internal/workcmd/sync.s
src.cmd.go.internal.workcmd	src/cmd/go/internal/workcmd/use.s
src.cmd.go.internal.workcmd	src/cmd/go/internal/workcmd/vendor.s
src.cmd.go.internal.workcmd	src/cmd/go/internal/workcmd/work.s
src.cmd.go.testdata	src/cmd/go/testdata/addmod.s
src.cmd.go.testdata	src/cmd/go/testdata/savedir.s
src.cmd.gofmt	src/cmd/gofmt/doc.s
src.cmd.gofmt	src/cmd/gofmt/gofmt.s
src.cmd.gofmt	src/cmd/gofmt/internal.s
src.cmd.gofmt	src/cmd/gofmt/rewrite.s
src.cmd.gofmt	src/cmd/gofmt/simplify.s
src.cmd.internal.archive	src/cmd/internal/archive/archive.s
src.cmd.internal.archive.testdata	src/cmd/internal/archive/testdata/go1.s
src.cmd.internal.archive.testdata	src/cmd/internal/archive/testdata/go2.s
src.cmd.internal.archive.testdata.mycgo	src/cmd/internal/archive/testdata/mycgo/go.s
src.cmd.internal.archive.testdata.mycgo	src/cmd/internal/archive/testdata/mycgo/go1.s
src.cmd.internal.archive.testdata.mycgo	src/cmd/internal/archive/testdata/mycgo/go2.s
src.cmd.internal.bio	src/cmd/internal/bio/buf.s
src.cmd.internal.bio	src/cmd/internal/bio/buf_mmap.s
src.cmd.internal.bio	src/cmd/internal/bio/buf_nommap.s
src.cmd.internal.browser	src/cmd/internal/browser/browser.s
src.cmd.internal.buildid	src/cmd/internal/buildid/buildid.s
src.cmd.internal.buildid	src/cmd/internal/buildid/note.s
src.cmd.internal.buildid	src/cmd/internal/buildid/rewrite.s
src.cmd.internal.codesign	src/cmd/internal/codesign/codesign.s
src.cmd.internal.cov	src/cmd/internal/cov/mreader.s
src.cmd.internal.cov	src/cmd/internal/cov/readcovdata.s
src.cmd.internal.cov.covcmd	src/cmd/internal/cov/covcmd/cmddefs.s
src.cmd.internal.cov.testdata	src/cmd/internal/cov/testdata/small.s
src.cmd.internal.disasm	src/cmd/internal/disasm/disasm.s
src.cmd.internal.dwarf	src/cmd/internal/dwarf/dwarf.s
src.cmd.internal.dwarf	src/cmd/internal/dwarf/dwarf_defs.s
src.cmd.internal.dwarf	src/cmd/internal/dwarf/putvarabbrevgen.s
src.cmd.internal.edit	src/cmd/internal/edit/edit.s
src.cmd.internal.gcprog	src/cmd/internal/gcprog/gcprog.s
src.cmd.internal.goobj	src/cmd/internal/goobj/builtin.s
src.cmd.internal.goobj	src/cmd/internal/goobj/builtinlist.s
src.cmd.internal.goobj	src/cmd/internal/goobj/funcinfo.s
src.cmd.internal.goobj	src/cmd/internal/goobj/mkbuiltin.s
src.cmd.internal.goobj	src/cmd/internal/goobj/objfile.s
src.cmd.internal.hash	src/cmd/internal/hash/hash.s
src.cmd.internal.macho	src/cmd/internal/macho/macho.s
src.cmd.internal.metadata	src/cmd/internal/metadata/main.s
src.cmd.internal.obj	src/cmd/internal/obj/abi_string.s
src.cmd.internal.obj	src/cmd/internal/obj/addrtype_string.s
src.cmd.internal.obj	src/cmd/internal/obj/data.s
src.cmd.internal.obj	src/cmd/internal/obj/dwarf.s
src.cmd.internal.obj	src/cmd/internal/obj/fips140.s
src.cmd.internal.obj	src/cmd/internal/obj/go.s
src.cmd.internal.obj	src/cmd/internal/obj/inl.s
src.cmd.internal.obj	src/cmd/internal/obj/ld.s
src.cmd.internal.obj	src/cmd/internal/obj/line.s
src.cmd.internal.obj	src/cmd/internal/obj/link.s
src.cmd.internal.obj	src/cmd/internal/obj/mkcnames.s
src.cmd.internal.obj	src/cmd/internal/obj/objfile.s
src.cmd.internal.obj	src/cmd/internal/obj/pass.s
src.cmd.internal.obj	src/cmd/internal/obj/pcln.s
src.cmd.internal.obj	src/cmd/internal/obj/plist.s
src.cmd.internal.obj	src/cmd/internal/obj/stringer.s
src.cmd.internal.obj	src/cmd/internal/obj/sym.s
src.cmd.internal.obj	src/cmd/internal/obj/textflag.s
src.cmd.internal.obj	src/cmd/internal/obj/util.s
src.cmd.internal.obj.arm	src/cmd/internal/obj/arm/a.out.s
src.cmd.internal.obj.arm	src/cmd/internal/obj/arm/anames.s
src.cmd.internal.obj.arm	src/cmd/internal/obj/arm/anames5.s
src.cmd.internal.obj.arm	src/cmd/internal/obj/arm/asm5.s
src.cmd.internal.obj.arm	src/cmd/internal/obj/arm/list5.s
src.cmd.internal.obj.arm	src/cmd/internal/obj/arm/obj5.s
src.cmd.internal.obj.arm64	src/cmd/internal/obj/arm64/a.out.s
src.cmd.internal.obj.arm64	src/cmd/internal/obj/arm64/anames.s
src.cmd.internal.obj.arm64	src/cmd/internal/obj/arm64/anames7.s
src.cmd.internal.obj.arm64	src/cmd/internal/obj/arm64/anames_gen.s
src.cmd.internal.obj.arm64	src/cmd/internal/obj/arm64/asm7.s
src.cmd.internal.obj.arm64	src/cmd/internal/obj/arm64/doc.s
src.cmd.internal.obj.arm64	src/cmd/internal/obj/arm64/encoding_gen.s
src.cmd.internal.obj.arm64	src/cmd/internal/obj/arm64/goops_gen.s
src.cmd.internal.obj.arm64	src/cmd/internal/obj/arm64/inst.s
src.cmd.internal.obj.arm64	src/cmd/internal/obj/arm64/inst_gen.s
src.cmd.internal.obj.arm64	src/cmd/internal/obj/arm64/list7.s
src.cmd.internal.obj.arm64	src/cmd/internal/obj/arm64/obj7.s
src.cmd.internal.obj.arm64	src/cmd/internal/obj/arm64/specialoperand_string.s
src.cmd.internal.obj.arm64	src/cmd/internal/obj/arm64/sysRegEnc.s
src.cmd.internal.obj.loong64	src/cmd/internal/obj/loong64/anames.s
src.cmd.internal.obj.loong64	src/cmd/internal/obj/loong64/asm.s
src.cmd.internal.obj.loong64	src/cmd/internal/obj/loong64/cnames.s
src.cmd.internal.obj.loong64	src/cmd/internal/obj/loong64/cpu.s
src.cmd.internal.obj.loong64	src/cmd/internal/obj/loong64/doc.s
src.cmd.internal.obj.loong64	src/cmd/internal/obj/loong64/inst.s
src.cmd.internal.obj.loong64	src/cmd/internal/obj/loong64/instOp.s
src.cmd.internal.obj.loong64	src/cmd/internal/obj/loong64/list.s
src.cmd.internal.obj.loong64	src/cmd/internal/obj/loong64/obj.s
src.cmd.internal.obj.mips	src/cmd/internal/obj/mips/a.out.s
src.cmd.internal.obj.mips	src/cmd/internal/obj/mips/anames.s
src.cmd.internal.obj.mips	src/cmd/internal/obj/mips/anames0.s
src.cmd.internal.obj.mips	src/cmd/internal/obj/mips/asm0.s
src.cmd.internal.obj.mips	src/cmd/internal/obj/mips/list0.s
src.cmd.internal.obj.mips	src/cmd/internal/obj/mips/obj0.s
src.cmd.internal.obj.ppc64	src/cmd/internal/obj/ppc64/a.out.s
src.cmd.internal.obj.ppc64	src/cmd/internal/obj/ppc64/anames.s
src.cmd.internal.obj.ppc64	src/cmd/internal/obj/ppc64/anames9.s
src.cmd.internal.obj.ppc64	src/cmd/internal/obj/ppc64/asm9.s
src.cmd.internal.obj.ppc64	src/cmd/internal/obj/ppc64/asm9_gtables.s
src.cmd.internal.obj.ppc64	src/cmd/internal/obj/ppc64/doc.s
src.cmd.internal.obj.ppc64	src/cmd/internal/obj/ppc64/list9.s
src.cmd.internal.obj.ppc64	src/cmd/internal/obj/ppc64/obj9.s
src.cmd.internal.obj.riscv	src/cmd/internal/obj/riscv/anames.s
src.cmd.internal.obj.riscv	src/cmd/internal/obj/riscv/cpu.s
src.cmd.internal.obj.riscv	src/cmd/internal/obj/riscv/doc.s
src.cmd.internal.obj.riscv	src/cmd/internal/obj/riscv/inst.s
src.cmd.internal.obj.riscv	src/cmd/internal/obj/riscv/list.s
src.cmd.internal.obj.riscv	src/cmd/internal/obj/riscv/obj.s
src.cmd.internal.obj.s390x	src/cmd/internal/obj/s390x/a.out.s
src.cmd.internal.obj.s390x	src/cmd/internal/obj/s390x/anames.s
src.cmd.internal.obj.s390x	src/cmd/internal/obj/s390x/anamesz.s
src.cmd.internal.obj.s390x	src/cmd/internal/obj/s390x/asmz.s
src.cmd.internal.obj.s390x	src/cmd/internal/obj/s390x/condition_code.s
src.cmd.internal.obj.s390x	src/cmd/internal/obj/s390x/listz.s
src.cmd.internal.obj.s390x	src/cmd/internal/obj/s390x/objz.s
src.cmd.internal.obj.s390x	src/cmd/internal/obj/s390x/rotate.s
src.cmd.internal.obj.s390x	src/cmd/internal/obj/s390x/vector.s
src.cmd.internal.obj.wasm	src/cmd/internal/obj/wasm/a.out.s
src.cmd.internal.obj.wasm	src/cmd/internal/obj/wasm/anames.s
src.cmd.internal.obj.wasm	src/cmd/internal/obj/wasm/wasmobj.s
src.cmd.internal.obj.x86	src/cmd/internal/obj/x86/a.out.s
src.cmd.internal.obj.x86	src/cmd/internal/obj/x86/aenum.s
src.cmd.internal.obj.x86	src/cmd/internal/obj/x86/anames.s
src.cmd.internal.obj.x86	src/cmd/internal/obj/x86/asm6.s
src.cmd.internal.obj.x86	src/cmd/internal/obj/x86/avx_optabs.s
src.cmd.internal.obj.x86	src/cmd/internal/obj/x86/evex.s
src.cmd.internal.obj.x86	src/cmd/internal/obj/x86/list6.s
src.cmd.internal.obj.x86	src/cmd/internal/obj/x86/obj6.s
src.cmd.internal.obj.x86	src/cmd/internal/obj/x86/seh.s
src.cmd.internal.obj.x86	src/cmd/internal/obj/x86/ytab.s
src.cmd.internal.objabi	src/cmd/internal/objabi/autotype.s
src.cmd.internal.objabi	src/cmd/internal/objabi/flag.s
src.cmd.internal.objabi	src/cmd/internal/objabi/funcid.s
src.cmd.internal.objabi	src/cmd/internal/objabi/head.s
src.cmd.internal.objabi	src/cmd/internal/objabi/line.s
src.cmd.internal.objabi	src/cmd/internal/objabi/path.s
src.cmd.internal.objabi	src/cmd/internal/objabi/pkgspecial.s
src.cmd.internal.objabi	src/cmd/internal/objabi/reloctype.s
src.cmd.internal.objabi	src/cmd/internal/objabi/reloctype_string.s
src.cmd.internal.objabi	src/cmd/internal/objabi/stack.s
src.cmd.internal.objabi	src/cmd/internal/objabi/symkind.s
src.cmd.internal.objabi	src/cmd/internal/objabi/symkind_string.s
src.cmd.internal.objabi	src/cmd/internal/objabi/util.s
src.cmd.internal.objfile	src/cmd/internal/objfile/elf.s
src.cmd.internal.objfile	src/cmd/internal/objfile/goobj.s
src.cmd.internal.objfile	src/cmd/internal/objfile/macho.s
src.cmd.internal.objfile	src/cmd/internal/objfile/objfile.s
src.cmd.internal.objfile	src/cmd/internal/objfile/pe.s
src.cmd.internal.objfile	src/cmd/internal/objfile/plan9obj.s
src.cmd.internal.objfile	src/cmd/internal/objfile/xcoff.s
src.cmd.internal.osinfo	src/cmd/internal/osinfo/doc.s
src.cmd.internal.osinfo	src/cmd/internal/osinfo/os_js.s
src.cmd.internal.osinfo	src/cmd/internal/osinfo/os_plan9.s
src.cmd.internal.osinfo	src/cmd/internal/osinfo/os_solaris.s
src.cmd.internal.osinfo	src/cmd/internal/osinfo/os_syscall.s
src.cmd.internal.osinfo	src/cmd/internal/osinfo/os_sysctl.s
src.cmd.internal.osinfo	src/cmd/internal/osinfo/os_uname.s
src.cmd.internal.osinfo	src/cmd/internal/osinfo/os_wasip1.s
src.cmd.internal.osinfo	src/cmd/internal/osinfo/os_windows.s
src.cmd.internal.par	src/cmd/internal/par/queue.s
src.cmd.internal.par	src/cmd/internal/par/work.s
src.cmd.internal.pathcache	src/cmd/internal/pathcache/lookpath.s
src.cmd.internal.pgo	src/cmd/internal/pgo/deserialize.s
src.cmd.internal.pgo	src/cmd/internal/pgo/pgo.s
src.cmd.internal.pgo	src/cmd/internal/pgo/pprof.s
src.cmd.internal.pgo	src/cmd/internal/pgo/serialize.s
src.cmd.internal.pkgpath	src/cmd/internal/pkgpath/pkgpath.s
src.cmd.internal.pkgpattern	src/cmd/internal/pkgpattern/pkgpattern.s
src.cmd.internal.quoted	src/cmd/internal/quoted/quoted.s
src.cmd.internal.robustio	src/cmd/internal/robustio/robustio.s
src.cmd.internal.robustio	src/cmd/internal/robustio/robustio_darwin.s
src.cmd.internal.robustio	src/cmd/internal/robustio/robustio_flaky.s
src.cmd.internal.robustio	src/cmd/internal/robustio/robustio_other.s
src.cmd.internal.robustio	src/cmd/internal/robustio/robustio_windows.s
src.cmd.internal.script	src/cmd/internal/script/cmds.s
src.cmd.internal.script	src/cmd/internal/script/cmds_nonunix.s
src.cmd.internal.script	src/cmd/internal/script/cmds_unix.s
src.cmd.internal.script	src/cmd/internal/script/conds.s
src.cmd.internal.script	src/cmd/internal/script/engine.s
src.cmd.internal.script	src/cmd/internal/script/errors.s
src.cmd.internal.script	src/cmd/internal/script/state.s
src.cmd.internal.script.scripttest	src/cmd/internal/script/scripttest/conditions.s
src.cmd.internal.script.scripttest	src/cmd/internal/script/scripttest/doc.s
src.cmd.internal.script.scripttest	src/cmd/internal/script/scripttest/readme.s
src.cmd.internal.script.scripttest	src/cmd/internal/script/scripttest/run.s
src.cmd.internal.script.scripttest	src/cmd/internal/script/scripttest/scripttest.s
src.cmd.internal.script.scripttest	src/cmd/internal/script/scripttest/setup.s
src.cmd.internal.src	src/cmd/internal/src/pos.s
src.cmd.internal.src	src/cmd/internal/src/xpos.s
src.cmd.internal.sys	src/cmd/internal/sys/arch.s
src.cmd.internal.sys	src/cmd/internal/sys/args.s
src.cmd.internal.telemetry	src/cmd/internal/telemetry/telemetry.s
src.cmd.internal.telemetry	src/cmd/internal/telemetry/telemetry_bootstrap.s
src.cmd.internal.telemetry.counter	src/cmd/internal/telemetry/counter/counter.s
src.cmd.internal.telemetry.counter	src/cmd/internal/telemetry/counter/counter_bootstrap.s
src.cmd.internal.test2json	src/cmd/internal/test2json/test2json.s
src.cmd.link	src/cmd/link/doc.s
src.cmd.link	src/cmd/link/main.s
src.cmd.link.internal.amd64	src/cmd/link/internal/amd64/asm.s
src.cmd.link.internal.amd64	src/cmd/link/internal/amd64/l.s
src.cmd.link.internal.amd64	src/cmd/link/internal/amd64/obj.s
src.cmd.link.internal.arm	src/cmd/link/internal/arm/asm.s
src.cmd.link.internal.arm	src/cmd/link/internal/arm/l.s
src.cmd.link.internal.arm	src/cmd/link/internal/arm/obj.s
src.cmd.link.internal.arm64	src/cmd/link/internal/arm64/asm.s
src.cmd.link.internal.arm64	src/cmd/link/internal/arm64/l.s
src.cmd.link.internal.arm64	src/cmd/link/internal/arm64/obj.s
src.cmd.link.internal.benchmark	src/cmd/link/internal/benchmark/bench.s
src.cmd.link.internal.dwtest	src/cmd/link/internal/dwtest/dwtest.s
src.cmd.link.internal.ld	src/cmd/link/internal/ld/ar.s
src.cmd.link.internal.ld	src/cmd/link/internal/ld/asmb.s
src.cmd.link.internal.ld	src/cmd/link/internal/ld/buildid_got_plt.s
src.cmd.link.internal.ld	src/cmd/link/internal/ld/config.s
src.cmd.link.internal.ld	src/cmd/link/internal/ld/data.s
src.cmd.link.internal.ld	src/cmd/link/internal/ld/deadcode.s
src.cmd.link.internal.ld	src/cmd/link/internal/ld/decodesym.s
src.cmd.link.internal.ld	src/cmd/link/internal/ld/dwarf.s
src.cmd.link.internal.ld	src/cmd/link/internal/ld/elf.s
src.cmd.link.internal.ld	src/cmd/link/internal/ld/elfobject.s
src.cmd.link.internal.ld	src/cmd/link/internal/ld/errors.s
src.cmd.link.internal.ld	src/cmd/link/internal/ld/execarchive.s
src.cmd.link.internal.ld	src/cmd/link/internal/ld/execarchive_noexec.s
src.cmd.link.internal.ld	src/cmd/link/internal/ld/fips140.s
src.cmd.link.internal.ld	src/cmd/link/internal/ld/go.s
src.cmd.link.internal.ld	src/cmd/link/internal/ld/heap.s
src.cmd.link.internal.ld	src/cmd/link/internal/ld/inittask.s
src.cmd.link.internal.ld	src/cmd/link/internal/ld/ld.s
src.cmd.link.internal.ld	src/cmd/link/internal/ld/lib.s
src.cmd.link.internal.ld	src/cmd/link/internal/ld/link.s
src.cmd.link.internal.ld	src/cmd/link/internal/ld/macho.s
src.cmd.link.internal.ld	src/cmd/link/internal/ld/macho_combine_dwarf.s
src.cmd.link.internal.ld	src/cmd/link/internal/ld/macho_handler.s
src.cmd.link.internal.ld	src/cmd/link/internal/ld/macho_update_uuid.s
src.cmd.link.internal.ld	src/cmd/link/internal/ld/main.s
src.cmd.link.internal.ld	src/cmd/link/internal/ld/msync_darwin_libc.s
src.cmd.link.internal.ld	src/cmd/link/internal/ld/object_contract.s
src.cmd.link.internal.ld	src/cmd/link/internal/ld/outbuf.s
src.cmd.link.internal.ld	src/cmd/link/internal/ld/outbuf_bsd.s
src.cmd.link.internal.ld	src/cmd/link/internal/ld/outbuf_darwin.s
src.cmd.link.internal.ld	src/cmd/link/internal/ld/outbuf_linux.s
src.cmd.link.internal.ld	src/cmd/link/internal/ld/outbuf_mmap.s
src.cmd.link.internal.ld	src/cmd/link/internal/ld/outbuf_nofallocate.s
src.cmd.link.internal.ld	src/cmd/link/internal/ld/outbuf_nommap.s
src.cmd.link.internal.ld	src/cmd/link/internal/ld/outbuf_notdarwin.s
src.cmd.link.internal.ld	src/cmd/link/internal/ld/outbuf_windows.s
src.cmd.link.internal.ld	src/cmd/link/internal/ld/pcln.s
src.cmd.link.internal.ld	src/cmd/link/internal/ld/pe.s
src.cmd.link.internal.ld	src/cmd/link/internal/ld/pe_handler.s
src.cmd.link.internal.ld	src/cmd/link/internal/ld/production_linker.s
src.cmd.link.internal.ld	src/cmd/link/internal/ld/production_linker_tests.s
src.cmd.link.internal.ld	src/cmd/link/internal/ld/reloc.s
src.cmd.link.internal.ld	src/cmd/link/internal/ld/seh.s
src.cmd.link.internal.ld	src/cmd/link/internal/ld/stackcheck.s
src.cmd.link.internal.ld	src/cmd/link/internal/ld/sym.s
src.cmd.link.internal.ld	src/cmd/link/internal/ld/symbolmgr.s
src.cmd.link.internal.ld	src/cmd/link/internal/ld/symtab.s
src.cmd.link.internal.ld	src/cmd/link/internal/ld/target.s
src.cmd.link.internal.ld	src/cmd/link/internal/ld/util.s
src.cmd.link.internal.ld	src/cmd/link/internal/ld/xcoff.s
src.cmd.link.internal.ld.testdata.deadcode	src/cmd/link/internal/ld/testdata/deadcode/globalmap.s
src.cmd.link.internal.ld.testdata.deadcode	src/cmd/link/internal/ld/testdata/deadcode/ifacemethod.s
src.cmd.link.internal.ld.testdata.deadcode	src/cmd/link/internal/ld/testdata/deadcode/ifacemethod2.s
src.cmd.link.internal.ld.testdata.deadcode	src/cmd/link/internal/ld/testdata/deadcode/ifacemethod3.s
src.cmd.link.internal.ld.testdata.deadcode	src/cmd/link/internal/ld/testdata/deadcode/ifacemethod4.s
src.cmd.link.internal.ld.testdata.deadcode	src/cmd/link/internal/ld/testdata/deadcode/ifacemethod5.s
src.cmd.link.internal.ld.testdata.deadcode	src/cmd/link/internal/ld/testdata/deadcode/ifacemethod6.s
src.cmd.link.internal.ld.testdata.deadcode	src/cmd/link/internal/ld/testdata/deadcode/reflectcall.s
src.cmd.link.internal.ld.testdata.deadcode	src/cmd/link/internal/ld/testdata/deadcode/structof_funcof.s
src.cmd.link.internal.ld.testdata.deadcode	src/cmd/link/internal/ld/testdata/deadcode/typedesc.s
src.cmd.link.internal.ld.testdata.httptest.main	src/cmd/link/internal/ld/testdata/httptest/main/main.s
src.cmd.link.internal.ld.testdata.issue10978	src/cmd/link/internal/ld/testdata/issue10978/main.s
src.cmd.link.internal.ld.testdata.issue25459.a	src/cmd/link/internal/ld/testdata/issue25459/a/a.s
src.cmd.link.internal.ld.testdata.issue25459.main	src/cmd/link/internal/ld/testdata/issue25459/main/main.s
src.cmd.link.internal.ld.testdata.issue26237.b.dir	src/cmd/link/internal/ld/testdata/issue26237/b.dir/b.s
src.cmd.link.internal.ld.testdata.issue26237.main	src/cmd/link/internal/ld/testdata/issue26237/main/main.s
src.cmd.link.internal.ld.testdata.issue32233.lib	src/cmd/link/internal/ld/testdata/issue32233/lib/lib.s
src.cmd.link.internal.ld.testdata.issue32233.main	src/cmd/link/internal/ld/testdata/issue32233/main/main.s
src.cmd.link.internal.ld.testdata.issue38192	src/cmd/link/internal/ld/testdata/issue38192/main.s
src.cmd.link.internal.ld.testdata.issue39256	src/cmd/link/internal/ld/testdata/issue39256/x.s
src.cmd.link.internal.ld.testdata.issue39757	src/cmd/link/internal/ld/testdata/issue39757/issue39757main.s
src.cmd.link.internal.ld.testdata.issue42484	src/cmd/link/internal/ld/testdata/issue42484/main.s
src.cmd.link.internal.ld.testdata.stackcheck	src/cmd/link/internal/ld/testdata/stackcheck/main.s
src.cmd.link.internal.loadelf	src/cmd/link/internal/loadelf/ldelf.s
src.cmd.link.internal.loader	src/cmd/link/internal/loader/loader.s
src.cmd.link.internal.loader	src/cmd/link/internal/loader/symbolbuilder.s
src.cmd.link.internal.loadmacho	src/cmd/link/internal/loadmacho/ldmacho.s
src.cmd.link.internal.loadpe	src/cmd/link/internal/loadpe/ldpe.s
src.cmd.link.internal.loadpe	src/cmd/link/internal/loadpe/seh.s
src.cmd.link.internal.loadxcoff	src/cmd/link/internal/loadxcoff/ldxcoff.s
src.cmd.link.internal.loong64	src/cmd/link/internal/loong64/asm.s
src.cmd.link.internal.loong64	src/cmd/link/internal/loong64/l.s
src.cmd.link.internal.loong64	src/cmd/link/internal/loong64/obj.s
src.cmd.link.internal.mips	src/cmd/link/internal/mips/asm.s
src.cmd.link.internal.mips	src/cmd/link/internal/mips/l.s
src.cmd.link.internal.mips	src/cmd/link/internal/mips/obj.s
src.cmd.link.internal.mips64	src/cmd/link/internal/mips64/asm.s
src.cmd.link.internal.mips64	src/cmd/link/internal/mips64/l.s
src.cmd.link.internal.mips64	src/cmd/link/internal/mips64/obj.s
src.cmd.link.internal.ppc64	src/cmd/link/internal/ppc64/asm.s
src.cmd.link.internal.ppc64	src/cmd/link/internal/ppc64/l.s
src.cmd.link.internal.ppc64	src/cmd/link/internal/ppc64/obj.s
src.cmd.link.internal.riscv64	src/cmd/link/internal/riscv64/asm.s
src.cmd.link.internal.riscv64	src/cmd/link/internal/riscv64/l.s
src.cmd.link.internal.riscv64	src/cmd/link/internal/riscv64/obj.s
src.cmd.link.internal.s390x	src/cmd/link/internal/s390x/asm.s
src.cmd.link.internal.s390x	src/cmd/link/internal/s390x/l.s
src.cmd.link.internal.s390x	src/cmd/link/internal/s390x/obj.s
src.cmd.link.internal.sym	src/cmd/link/internal/sym/compilation_unit.s
src.cmd.link.internal.sym	src/cmd/link/internal/sym/library.s
src.cmd.link.internal.sym	src/cmd/link/internal/sym/reloc.s
src.cmd.link.internal.sym	src/cmd/link/internal/sym/segment.s
src.cmd.link.internal.sym	src/cmd/link/internal/sym/symbol.s
src.cmd.link.internal.sym	src/cmd/link/internal/sym/symkind.s
src.cmd.link.internal.sym	src/cmd/link/internal/sym/symkind_string.s
src.cmd.link.internal.wasm	src/cmd/link/internal/wasm/asm.s
src.cmd.link.internal.wasm	src/cmd/link/internal/wasm/obj.s
src.cmd.link.internal.x86	src/cmd/link/internal/x86/asm.s
src.cmd.link.internal.x86	src/cmd/link/internal/x86/l.s
src.cmd.link.internal.x86	src/cmd/link/internal/x86/obj.s
src.cmd.link.testdata.dwarf.issue65405	src/cmd/link/testdata/dwarf/issue65405/main.s
src.cmd.link.testdata.dynimportvar	src/cmd/link/testdata/dynimportvar/main.s
src.cmd.link.testdata.dynimportvar.asm	src/cmd/link/testdata/dynimportvar/asm/a.s
src.cmd.link.testdata.linkname	src/cmd/link/testdata/linkname/addmoduledata.s
src.cmd.link.testdata.linkname	src/cmd/link/testdata/linkname/badlinkname.s
src.cmd.link.testdata.linkname	src/cmd/link/testdata/linkname/builtin.s
src.cmd.link.testdata.linkname	src/cmd/link/testdata/linkname/coro.s
src.cmd.link.testdata.linkname	src/cmd/link/testdata/linkname/coro2.s
src.cmd.link.testdata.linkname	src/cmd/link/testdata/linkname/coro_var.s
src.cmd.link.testdata.linkname	src/cmd/link/testdata/linkname/fastrand.s
src.cmd.link.testdata.linkname	src/cmd/link/testdata/linkname/freegc.s
src.cmd.link.testdata.linkname	src/cmd/link/testdata/linkname/ok.s
src.cmd.link.testdata.linkname	src/cmd/link/testdata/linkname/push.s
src.cmd.link.testdata.linkname	src/cmd/link/testdata/linkname/sched.s
src.cmd.link.testdata.linkname.coro_asm	src/cmd/link/testdata/linkname/coro_asm/main.s
src.cmd.link.testdata.linkname.p	src/cmd/link/testdata/linkname/p/p.s
src.cmd.link.testdata.linkname.textvar	src/cmd/link/testdata/linkname/textvar/main.s
src.cmd.link.testdata.pe_binutils	src/cmd/link/testdata/pe-binutils/main.s
src.cmd.link.testdata.pe_llvm	src/cmd/link/testdata/pe-llvm/main.s
src.cmd.link.testdata.test_build_fortv_os	src/cmd/link/testdata/testBuildFortvOS/lib.s
src.cmd.link.testdata.test_hashed_syms	src/cmd/link/testdata/testHashedSyms/p.s
src.cmd.link.testdata.test_index_mismatch	src/cmd/link/testdata/testIndexMismatch/a.s
src.cmd.link.testdata.test_index_mismatch	src/cmd/link/testdata/testIndexMismatch/b.s
src.cmd.link.testdata.test_index_mismatch	src/cmd/link/testdata/testIndexMismatch/main.s
src.cmd.link.testdata.test_ro	src/cmd/link/testdata/testRO/x.s
src.cmd.nm	src/cmd/nm/doc.s
src.cmd.nm	src/cmd/nm/nm.s
src.cmd.objdump	src/cmd/objdump/main.s
src.cmd.objdump.testdata	src/cmd/objdump/testdata/fmthello.s
src.cmd.objdump.testdata	src/cmd/objdump/testdata/fmthellocgo.s
src.cmd.objdump.testdata.testfilenum	src/cmd/objdump/testdata/testfilenum/a.s
src.cmd.objdump.testdata.testfilenum	src/cmd/objdump/testdata/testfilenum/b.s
src.cmd.objdump.testdata.testfilenum	src/cmd/objdump/testdata/testfilenum/c.s
src.cmd.pack	src/cmd/pack/doc.s
src.cmd.pack	src/cmd/pack/pack.s
src.cmd.pprof	src/cmd/pprof/doc.s
src.cmd.pprof	src/cmd/pprof/pprof.s
src.cmd.pprof	src/cmd/pprof/readlineui.s
src.cmd.pprof.testdata	src/cmd/pprof/testdata/cpu.s
src.cmd.preprofile	src/cmd/preprofile/main.s
src.cmd.test2json	src/cmd/test2json/main.s
src.cmd.test2json	src/cmd/test2json/signal_notunix.s
src.cmd.test2json	src/cmd/test2json/signal_unix.s
src.cmd.tools	src/cmd/tools/tools.s
src.cmd.trace	src/cmd/trace/doc.s
src.cmd.trace	src/cmd/trace/gen.s
src.cmd.trace	src/cmd/trace/goroutinegen.s
src.cmd.trace	src/cmd/trace/gstate.s
src.cmd.trace	src/cmd/trace/jsontrace.s
src.cmd.trace	src/cmd/trace/main.s
src.cmd.trace	src/cmd/trace/pprof.s
src.cmd.trace	src/cmd/trace/procgen.s
src.cmd.trace	src/cmd/trace/regions.s
src.cmd.trace	src/cmd/trace/sroutinegen.s
src.cmd.trace	src/cmd/trace/sroutines.s
src.cmd.trace	src/cmd/trace/tasks.s
src.cmd.trace	src/cmd/trace/threadgen.s
src.cmd.trace	src/cmd/trace/viewer.s
src.cmd.trace.testdata	src/cmd/trace/testdata/generate.s
src.cmd.trace.testdata	src/cmd/trace/testdata/mktests.s
src.cmd.trace.testdata.testprog	src/cmd/trace/testdata/testprog/main.s
src.cmd.vendor.github.com.google.pprof.driver	src/cmd/vendor/github.com/google/pprof/driver/driver.s
src.cmd.vendor.github.com.google.pprof.internal.binutils	src/cmd/vendor/github.com/google/pprof/internal/binutils/addr2liner.s
src.cmd.vendor.github.com.google.pprof.internal.binutils	src/cmd/vendor/github.com/google/pprof/internal/binutils/addr2liner_llvm.s
src.cmd.vendor.github.com.google.pprof.internal.binutils	src/cmd/vendor/github.com/google/pprof/internal/binutils/addr2liner_nm.s
src.cmd.vendor.github.com.google.pprof.internal.binutils	src/cmd/vendor/github.com/google/pprof/internal/binutils/binutils.s
src.cmd.vendor.github.com.google.pprof.internal.binutils	src/cmd/vendor/github.com/google/pprof/internal/binutils/disasm.s
src.cmd.vendor.github.com.google.pprof.internal.driver	src/cmd/vendor/github.com/google/pprof/internal/driver/cli.s
src.cmd.vendor.github.com.google.pprof.internal.driver	src/cmd/vendor/github.com/google/pprof/internal/driver/commands.s
src.cmd.vendor.github.com.google.pprof.internal.driver	src/cmd/vendor/github.com/google/pprof/internal/driver/config.s
src.cmd.vendor.github.com.google.pprof.internal.driver	src/cmd/vendor/github.com/google/pprof/internal/driver/driver.s
src.cmd.vendor.github.com.google.pprof.internal.driver	src/cmd/vendor/github.com/google/pprof/internal/driver/driver_focus.s
src.cmd.vendor.github.com.google.pprof.internal.driver	src/cmd/vendor/github.com/google/pprof/internal/driver/fetch.s
src.cmd.vendor.github.com.google.pprof.internal.driver	src/cmd/vendor/github.com/google/pprof/internal/driver/flags.s
src.cmd.vendor.github.com.google.pprof.internal.driver	src/cmd/vendor/github.com/google/pprof/internal/driver/interactive.s
src.cmd.vendor.github.com.google.pprof.internal.driver	src/cmd/vendor/github.com/google/pprof/internal/driver/options.s
src.cmd.vendor.github.com.google.pprof.internal.driver	src/cmd/vendor/github.com/google/pprof/internal/driver/settings.s
src.cmd.vendor.github.com.google.pprof.internal.driver	src/cmd/vendor/github.com/google/pprof/internal/driver/stacks.s
src.cmd.vendor.github.com.google.pprof.internal.driver	src/cmd/vendor/github.com/google/pprof/internal/driver/svg.s
src.cmd.vendor.github.com.google.pprof.internal.driver	src/cmd/vendor/github.com/google/pprof/internal/driver/tagroot.s
src.cmd.vendor.github.com.google.pprof.internal.driver	src/cmd/vendor/github.com/google/pprof/internal/driver/tempfile.s
src.cmd.vendor.github.com.google.pprof.internal.driver	src/cmd/vendor/github.com/google/pprof/internal/driver/webhtml.s
src.cmd.vendor.github.com.google.pprof.internal.driver	src/cmd/vendor/github.com/google/pprof/internal/driver/webui.s
src.cmd.vendor.github.com.google.pprof.internal.elfexec	src/cmd/vendor/github.com/google/pprof/internal/elfexec/elfexec.s
src.cmd.vendor.github.com.google.pprof.internal.graph	src/cmd/vendor/github.com/google/pprof/internal/graph/dotgraph.s
src.cmd.vendor.github.com.google.pprof.internal.graph	src/cmd/vendor/github.com/google/pprof/internal/graph/graph.s
src.cmd.vendor.github.com.google.pprof.internal.measurement	src/cmd/vendor/github.com/google/pprof/internal/measurement/measurement.s
src.cmd.vendor.github.com.google.pprof.internal.plugin	src/cmd/vendor/github.com/google/pprof/internal/plugin/plugin.s
src.cmd.vendor.github.com.google.pprof.internal.report	src/cmd/vendor/github.com/google/pprof/internal/report/package.s
src.cmd.vendor.github.com.google.pprof.internal.report	src/cmd/vendor/github.com/google/pprof/internal/report/report.s
src.cmd.vendor.github.com.google.pprof.internal.report	src/cmd/vendor/github.com/google/pprof/internal/report/shortnames.s
src.cmd.vendor.github.com.google.pprof.internal.report	src/cmd/vendor/github.com/google/pprof/internal/report/source.s
src.cmd.vendor.github.com.google.pprof.internal.report	src/cmd/vendor/github.com/google/pprof/internal/report/source_html.s
src.cmd.vendor.github.com.google.pprof.internal.report	src/cmd/vendor/github.com/google/pprof/internal/report/stacks.s
src.cmd.vendor.github.com.google.pprof.internal.report	src/cmd/vendor/github.com/google/pprof/internal/report/synth.s
src.cmd.vendor.github.com.google.pprof.internal.symbolizer	src/cmd/vendor/github.com/google/pprof/internal/symbolizer/symbolizer.s
src.cmd.vendor.github.com.google.pprof.internal.symbolz	src/cmd/vendor/github.com/google/pprof/internal/symbolz/symbolz.s
src.cmd.vendor.github.com.google.pprof.internal.transport	src/cmd/vendor/github.com/google/pprof/internal/transport/transport.s
src.cmd.vendor.github.com.google.pprof.profile	src/cmd/vendor/github.com/google/pprof/profile/encode.s
src.cmd.vendor.github.com.google.pprof.profile	src/cmd/vendor/github.com/google/pprof/profile/filter.s
src.cmd.vendor.github.com.google.pprof.profile	src/cmd/vendor/github.com/google/pprof/profile/index.s
src.cmd.vendor.github.com.google.pprof.profile	src/cmd/vendor/github.com/google/pprof/profile/legacy_java_profile.s
src.cmd.vendor.github.com.google.pprof.profile	src/cmd/vendor/github.com/google/pprof/profile/legacy_profile.s
src.cmd.vendor.github.com.google.pprof.profile	src/cmd/vendor/github.com/google/pprof/profile/merge.s
src.cmd.vendor.github.com.google.pprof.profile	src/cmd/vendor/github.com/google/pprof/profile/profile.s
src.cmd.vendor.github.com.google.pprof.profile	src/cmd/vendor/github.com/google/pprof/profile/proto.s
src.cmd.vendor.github.com.google.pprof.profile	src/cmd/vendor/github.com/google/pprof/profile/prune.s
src.cmd.vendor.github.com.google.pprof.third_party.svgpan	src/cmd/vendor/github.com/google/pprof/third_party/svgpan/svgpan.s
src.cmd.vendor.github.com.ianlancetaylor.demangle	src/cmd/vendor/github.com/ianlancetaylor/demangle/ast.s
src.cmd.vendor.github.com.ianlancetaylor.demangle	src/cmd/vendor/github.com/ianlancetaylor/demangle/demangle.s
src.cmd.vendor.github.com.ianlancetaylor.demangle	src/cmd/vendor/github.com/ianlancetaylor/demangle/rust.s
src.cmd.vendor.golang.org.x.arch.arm.armasm	src/cmd/vendor/golang.org/x/arch/arm/armasm/decode.s
src.cmd.vendor.golang.org.x.arch.arm.armasm	src/cmd/vendor/golang.org/x/arch/arm/armasm/gnu.s
src.cmd.vendor.golang.org.x.arch.arm.armasm	src/cmd/vendor/golang.org/x/arch/arm/armasm/inst.s
src.cmd.vendor.golang.org.x.arch.arm.armasm	src/cmd/vendor/golang.org/x/arch/arm/armasm/plan9x.s
src.cmd.vendor.golang.org.x.arch.arm.armasm	src/cmd/vendor/golang.org/x/arch/arm/armasm/tables.s
src.cmd.vendor.golang.org.x.arch.arm64.arm64asm	src/cmd/vendor/golang.org/x/arch/arm64/arm64asm/arg.s
src.cmd.vendor.golang.org.x.arch.arm64.arm64asm	src/cmd/vendor/golang.org/x/arch/arm64/arm64asm/condition.s
src.cmd.vendor.golang.org.x.arch.arm64.arm64asm	src/cmd/vendor/golang.org/x/arch/arm64/arm64asm/condition_util.s
src.cmd.vendor.golang.org.x.arch.arm64.arm64asm	src/cmd/vendor/golang.org/x/arch/arm64/arm64asm/decode.s
src.cmd.vendor.golang.org.x.arch.arm64.arm64asm	src/cmd/vendor/golang.org/x/arch/arm64/arm64asm/gnu.s
src.cmd.vendor.golang.org.x.arch.arm64.arm64asm	src/cmd/vendor/golang.org/x/arch/arm64/arm64asm/inst.s
src.cmd.vendor.golang.org.x.arch.arm64.arm64asm	src/cmd/vendor/golang.org/x/arch/arm64/arm64asm/plan9x.s
src.cmd.vendor.golang.org.x.arch.arm64.arm64asm	src/cmd/vendor/golang.org/x/arch/arm64/arm64asm/tables.s
src.cmd.vendor.golang.org.x.arch.loong64.loong64asm	src/cmd/vendor/golang.org/x/arch/loong64/loong64asm/arg.s
src.cmd.vendor.golang.org.x.arch.loong64.loong64asm	src/cmd/vendor/golang.org/x/arch/loong64/loong64asm/decode.s
src.cmd.vendor.golang.org.x.arch.loong64.loong64asm	src/cmd/vendor/golang.org/x/arch/loong64/loong64asm/gnu.s
src.cmd.vendor.golang.org.x.arch.loong64.loong64asm	src/cmd/vendor/golang.org/x/arch/loong64/loong64asm/inst.s
src.cmd.vendor.golang.org.x.arch.loong64.loong64asm	src/cmd/vendor/golang.org/x/arch/loong64/loong64asm/plan9x.s
src.cmd.vendor.golang.org.x.arch.loong64.loong64asm	src/cmd/vendor/golang.org/x/arch/loong64/loong64asm/tables.s
src.cmd.vendor.golang.org.x.arch.ppc64.ppc64asm	src/cmd/vendor/golang.org/x/arch/ppc64/ppc64asm/decode.s
src.cmd.vendor.golang.org.x.arch.ppc64.ppc64asm	src/cmd/vendor/golang.org/x/arch/ppc64/ppc64asm/doc.s
src.cmd.vendor.golang.org.x.arch.ppc64.ppc64asm	src/cmd/vendor/golang.org/x/arch/ppc64/ppc64asm/field.s
src.cmd.vendor.golang.org.x.arch.ppc64.ppc64asm	src/cmd/vendor/golang.org/x/arch/ppc64/ppc64asm/gnu.s
src.cmd.vendor.golang.org.x.arch.ppc64.ppc64asm	src/cmd/vendor/golang.org/x/arch/ppc64/ppc64asm/inst.s
src.cmd.vendor.golang.org.x.arch.ppc64.ppc64asm	src/cmd/vendor/golang.org/x/arch/ppc64/ppc64asm/plan9.s
src.cmd.vendor.golang.org.x.arch.ppc64.ppc64asm	src/cmd/vendor/golang.org/x/arch/ppc64/ppc64asm/tables.s
src.cmd.vendor.golang.org.x.arch.riscv64.riscv64asm	src/cmd/vendor/golang.org/x/arch/riscv64/riscv64asm/arg.s
src.cmd.vendor.golang.org.x.arch.riscv64.riscv64asm	src/cmd/vendor/golang.org/x/arch/riscv64/riscv64asm/csr_string.s
src.cmd.vendor.golang.org.x.arch.riscv64.riscv64asm	src/cmd/vendor/golang.org/x/arch/riscv64/riscv64asm/decode.s
src.cmd.vendor.golang.org.x.arch.riscv64.riscv64asm	src/cmd/vendor/golang.org/x/arch/riscv64/riscv64asm/gnu.s
src.cmd.vendor.golang.org.x.arch.riscv64.riscv64asm	src/cmd/vendor/golang.org/x/arch/riscv64/riscv64asm/inst.s
src.cmd.vendor.golang.org.x.arch.riscv64.riscv64asm	src/cmd/vendor/golang.org/x/arch/riscv64/riscv64asm/plan9x.s
src.cmd.vendor.golang.org.x.arch.riscv64.riscv64asm	src/cmd/vendor/golang.org/x/arch/riscv64/riscv64asm/tables.s
src.cmd.vendor.golang.org.x.arch.riscv64.riscv64asm	src/cmd/vendor/golang.org/x/arch/riscv64/riscv64asm/vector.s
src.cmd.vendor.golang.org.x.arch.s390x.s390xasm	src/cmd/vendor/golang.org/x/arch/s390x/s390xasm/decode.s
src.cmd.vendor.golang.org.x.arch.s390x.s390xasm	src/cmd/vendor/golang.org/x/arch/s390x/s390xasm/field.s
src.cmd.vendor.golang.org.x.arch.s390x.s390xasm	src/cmd/vendor/golang.org/x/arch/s390x/s390xasm/gnu.s
src.cmd.vendor.golang.org.x.arch.s390x.s390xasm	src/cmd/vendor/golang.org/x/arch/s390x/s390xasm/inst.s
src.cmd.vendor.golang.org.x.arch.s390x.s390xasm	src/cmd/vendor/golang.org/x/arch/s390x/s390xasm/plan9.s
src.cmd.vendor.golang.org.x.arch.s390x.s390xasm	src/cmd/vendor/golang.org/x/arch/s390x/s390xasm/tables.s
src.cmd.vendor.golang.org.x.arch.x86.x86asm	src/cmd/vendor/golang.org/x/arch/x86/x86asm/decode.s
src.cmd.vendor.golang.org.x.arch.x86.x86asm	src/cmd/vendor/golang.org/x/arch/x86/x86asm/gnu.s
src.cmd.vendor.golang.org.x.arch.x86.x86asm	src/cmd/vendor/golang.org/x/arch/x86/x86asm/inst.s
src.cmd.vendor.golang.org.x.arch.x86.x86asm	src/cmd/vendor/golang.org/x/arch/x86/x86asm/intel.s
src.cmd.vendor.golang.org.x.arch.x86.x86asm	src/cmd/vendor/golang.org/x/arch/x86/x86asm/plan9x.s
src.cmd.vendor.golang.org.x.arch.x86.x86asm	src/cmd/vendor/golang.org/x/arch/x86/x86asm/tables.s
src.cmd.vendor.golang.org.x.mod.internal.lazyregexp	src/cmd/vendor/golang.org/x/mod/internal/lazyregexp/lazyre.s
src.cmd.vendor.golang.org.x.mod.modfile	src/cmd/vendor/golang.org/x/mod/modfile/print.s
src.cmd.vendor.golang.org.x.mod.modfile	src/cmd/vendor/golang.org/x/mod/modfile/read.s
src.cmd.vendor.golang.org.x.mod.modfile	src/cmd/vendor/golang.org/x/mod/modfile/rule.s
src.cmd.vendor.golang.org.x.mod.modfile	src/cmd/vendor/golang.org/x/mod/modfile/work.s
src.cmd.vendor.golang.org.x.mod.module	src/cmd/vendor/golang.org/x/mod/module/module.s
src.cmd.vendor.golang.org.x.mod.module	src/cmd/vendor/golang.org/x/mod/module/pseudo.s
src.cmd.vendor.golang.org.x.mod.semver	src/cmd/vendor/golang.org/x/mod/semver/semver.s
src.cmd.vendor.golang.org.x.mod.sumdb	src/cmd/vendor/golang.org/x/mod/sumdb/cache.s
src.cmd.vendor.golang.org.x.mod.sumdb	src/cmd/vendor/golang.org/x/mod/sumdb/client.s
src.cmd.vendor.golang.org.x.mod.sumdb	src/cmd/vendor/golang.org/x/mod/sumdb/server.s
src.cmd.vendor.golang.org.x.mod.sumdb	src/cmd/vendor/golang.org/x/mod/sumdb/test.s
src.cmd.vendor.golang.org.x.mod.sumdb.dirhash	src/cmd/vendor/golang.org/x/mod/sumdb/dirhash/hash.s
src.cmd.vendor.golang.org.x.mod.sumdb.note	src/cmd/vendor/golang.org/x/mod/sumdb/note/note.s
src.cmd.vendor.golang.org.x.mod.sumdb.tlog	src/cmd/vendor/golang.org/x/mod/sumdb/tlog/note.s
src.cmd.vendor.golang.org.x.mod.sumdb.tlog	src/cmd/vendor/golang.org/x/mod/sumdb/tlog/tile.s
src.cmd.vendor.golang.org.x.mod.sumdb.tlog	src/cmd/vendor/golang.org/x/mod/sumdb/tlog/tlog.s
src.cmd.vendor.golang.org.x.mod.zip	src/cmd/vendor/golang.org/x/mod/zip/zip.s
src.cmd.vendor.golang.org.x.sync.errgroup	src/cmd/vendor/golang.org/x/sync/errgroup/errgroup.s
src.cmd.vendor.golang.org.x.sync.semaphore	src/cmd/vendor/golang.org/x/sync/semaphore/semaphore.s
src.cmd.vendor.golang.org.x.sys.plan9	src/cmd/vendor/golang.org/x/sys/plan9/const_plan9.s
src.cmd.vendor.golang.org.x.sys.plan9	src/cmd/vendor/golang.org/x/sys/plan9/dir_plan9.s
src.cmd.vendor.golang.org.x.sys.plan9	src/cmd/vendor/golang.org/x/sys/plan9/env_plan9.s
src.cmd.vendor.golang.org.x.sys.plan9	src/cmd/vendor/golang.org/x/sys/plan9/errors_plan9.s
src.cmd.vendor.golang.org.x.sys.plan9	src/cmd/vendor/golang.org/x/sys/plan9/pwd_plan9.s
src.cmd.vendor.golang.org.x.sys.plan9	src/cmd/vendor/golang.org/x/sys/plan9/race.s
src.cmd.vendor.golang.org.x.sys.plan9	src/cmd/vendor/golang.org/x/sys/plan9/race0.s
src.cmd.vendor.golang.org.x.sys.plan9	src/cmd/vendor/golang.org/x/sys/plan9/str.s
src.cmd.vendor.golang.org.x.sys.plan9	src/cmd/vendor/golang.org/x/sys/plan9/syscall.s
src.cmd.vendor.golang.org.x.sys.plan9	src/cmd/vendor/golang.org/x/sys/plan9/syscall_plan9.s
src.cmd.vendor.golang.org.x.sys.plan9	src/cmd/vendor/golang.org/x/sys/plan9/zsyscall_plan9_386.s
src.cmd.vendor.golang.org.x.sys.plan9	src/cmd/vendor/golang.org/x/sys/plan9/zsyscall_plan9_amd64.s
src.cmd.vendor.golang.org.x.sys.plan9	src/cmd/vendor/golang.org/x/sys/plan9/zsyscall_plan9_arm.s
src.cmd.vendor.golang.org.x.sys.plan9	src/cmd/vendor/golang.org/x/sys/plan9/zsysnum_plan9.s
src.cmd.vendor.golang.org.x.sys.unix	src/cmd/vendor/golang.org/x/sys/unix/affinity_linux.s
src.cmd.vendor.golang.org.x.sys.unix	src/cmd/vendor/golang.org/x/sys/unix/aliases.s
src.cmd.vendor.golang.org.x.sys.unix	src/cmd/vendor/golang.org/x/sys/unix/auxv.s
src.cmd.vendor.golang.org.x.sys.unix	src/cmd/vendor/golang.org/x/sys/unix/auxv_unsupported.s
src.cmd.vendor.golang.org.x.sys.unix	src/cmd/vendor/golang.org/x/sys/unix/bluetooth_linux.s
src.cmd.vendor.golang.org.x.sys.unix	src/cmd/vendor/golang.org/x/sys/unix/bpxsvc_zos.s
src.cmd.vendor.golang.org.x.sys.unix	src/cmd/vendor/golang.org/x/sys/unix/cap_freebsd.s
src.cmd.vendor.golang.org.x.sys.unix	src/cmd/vendor/golang.org/x/sys/unix/constants.s
src.cmd.vendor.golang.org.x.sys.unix	src/cmd/vendor/golang.org/x/sys/unix/dev_aix_ppc.s
src.cmd.vendor.golang.org.x.sys.unix	src/cmd/vendor/golang.org/x/sys/unix/dev_aix_ppc64.s
src.cmd.vendor.golang.org.x.sys.unix	src/cmd/vendor/golang.org/x/sys/unix/dev_darwin.s
src.cmd.vendor.golang.org.x.sys.unix	src/cmd/vendor/golang.org/x/sys/unix/dev_dragonfly.s
src.cmd.vendor.golang.org.x.sys.unix	src/cmd/vendor/golang.org/x/sys/unix/dev_freebsd.s
src.cmd.vendor.golang.org.x.sys.unix	src/cmd/vendor/golang.org/x/sys/unix/dev_linux.s
src.cmd.vendor.golang.org.x.sys.unix	src/cmd/vendor/golang.org/x/sys/unix/dev_netbsd.s
src.cmd.vendor.golang.org.x.sys.unix	src/cmd/vendor/golang.org/x/sys/unix/dev_openbsd.s
src.cmd.vendor.golang.org.x.sys.unix	src/cmd/vendor/golang.org/x/sys/unix/dev_zos.s
src.cmd.vendor.golang.org.x.sys.unix	src/cmd/vendor/golang.org/x/sys/unix/dirent.s
src.cmd.vendor.golang.org.x.sys.unix	src/cmd/vendor/golang.org/x/sys/unix/endian_big.s
src.cmd.vendor.golang.org.x.sys.unix	src/cmd/vendor/golang.org/x/sys/unix/endian_little.s
src.cmd.vendor.golang.org.x.sys.unix	src/cmd/vendor/golang.org/x/sys/unix/env_unix.s
src.cmd.vendor.golang.org.x.sys.unix	src/cmd/vendor/golang.org/x/sys/unix/fcntl.s
src.cmd.vendor.golang.org.x.sys.unix	src/cmd/vendor/golang.org/x/sys/unix/fcntl_darwin.s
src.cmd.vendor.golang.org.x.sys.unix	src/cmd/vendor/golang.org/x/sys/unix/fcntl_linux_32bit.s
src.cmd.vendor.golang.org.x.sys.unix	src/cmd/vendor/golang.org/x/sys/unix/fdset.s
src.cmd.vendor.golang.org.x.sys.unix	src/cmd/vendor/golang.org/x/sys/unix/gccgo.s
src.cmd.vendor.golang.org.x.sys.unix	src/cmd/vendor/golang.org/x/sys/unix/gccgo_linux_amd64.s
src.cmd.vendor.golang.org.x.sys.unix	src/cmd/vendor/golang.org/x/sys/unix/ifreq_linux.s
src.cmd.vendor.golang.org.x.sys.unix	src/cmd/vendor/golang.org/x/sys/unix/ioctl_linux.s
src.cmd.vendor.golang.org.x.sys.unix	src/cmd/vendor/golang.org/x/sys/unix/ioctl_signed.s
src.cmd.vendor.golang.org.x.sys.unix	src/cmd/vendor/golang.org/x/sys/unix/ioctl_unsigned.s
src.cmd.vendor.golang.org.x.sys.unix	src/cmd/vendor/golang.org/x/sys/unix/ioctl_zos.s
src.cmd.vendor.golang.org.x.sys.unix	src/cmd/vendor/golang.org/x/sys/unix/mmap_nomremap.s
src.cmd.vendor.golang.org.x.sys.unix	src/cmd/vendor/golang.org/x/sys/unix/mremap.s
src.cmd.vendor.golang.org.x.sys.unix	src/cmd/vendor/golang.org/x/sys/unix/pagesize_unix.s
src.cmd.vendor.golang.org.x.sys.unix	src/cmd/vendor/golang.org/x/sys/unix/pledge_openbsd.s
src.cmd.vendor.golang.org.x.sys.unix	src/cmd/vendor/golang.org/x/sys/unix/ptrace_darwin.s
src.cmd.vendor.golang.org.x.sys.unix	src/cmd/vendor/golang.org/x/sys/unix/ptrace_ios.s
src.cmd.vendor.golang.org.x.sys.unix	src/cmd/vendor/golang.org/x/sys/unix/race.s
src.cmd.vendor.golang.org.x.sys.unix	src/cmd/vendor/golang.org/x/sys/unix/race0.s
src.cmd.vendor.golang.org.x.sys.unix	src/cmd/vendor/golang.org/x/sys/unix/readdirent_getdents.s
src.cmd.vendor.golang.org.x.sys.unix	src/cmd/vendor/golang.org/x/sys/unix/readdirent_getdirentries.s
src.cmd.vendor.golang.org.x.sys.unix	src/cmd/vendor/golang.org/x/sys/unix/sockcmsg_dragonfly.s
src.cmd.vendor.golang.org.x.sys.unix	src/cmd/vendor/golang.org/x/sys/unix/sockcmsg_linux.s
src.cmd.vendor.golang.org.x.sys.unix	src/cmd/vendor/golang.org/x/sys/unix/sockcmsg_unix.s
src.cmd.vendor.golang.org.x.sys.unix	src/cmd/vendor/golang.org/x/sys/unix/sockcmsg_unix_other.s
src.cmd.vendor.golang.org.x.sys.unix	src/cmd/vendor/golang.org/x/sys/unix/sockcmsg_zos.s
src.cmd.vendor.golang.org.x.sys.unix	src/cmd/vendor/golang.org/x/sys/unix/syscall.s
src.cmd.vendor.golang.org.x.sys.unix	src/cmd/vendor/golang.org/x/sys/unix/syscall_aix.s
src.cmd.vendor.golang.org.x.sys.unix	src/cmd/vendor/golang.org/x/sys/unix/syscall_aix_ppc.s
src.cmd.vendor.golang.org.x.sys.unix	src/cmd/vendor/golang.org/x/sys/unix/syscall_aix_ppc64.s
src.cmd.vendor.golang.org.x.sys.unix	src/cmd/vendor/golang.org/x/sys/unix/syscall_bsd.s
src.cmd.vendor.golang.org.x.sys.unix	src/cmd/vendor/golang.org/x/sys/unix/syscall_darwin.s
src.cmd.vendor.golang.org.x.sys.unix	src/cmd/vendor/golang.org/x/sys/unix/syscall_darwin_amd64.s
src.cmd.vendor.golang.org.x.sys.unix	src/cmd/vendor/golang.org/x/sys/unix/syscall_darwin_arm64.s
src.cmd.vendor.golang.org.x.sys.unix	src/cmd/vendor/golang.org/x/sys/unix/syscall_darwin_libSystem.s
src.cmd.vendor.golang.org.x.sys.unix	src/cmd/vendor/golang.org/x/sys/unix/syscall_dragonfly.s
src.cmd.vendor.golang.org.x.sys.unix	src/cmd/vendor/golang.org/x/sys/unix/syscall_dragonfly_amd64.s
src.cmd.vendor.golang.org.x.sys.unix	src/cmd/vendor/golang.org/x/sys/unix/syscall_freebsd.s
src.cmd.vendor.golang.org.x.sys.unix	src/cmd/vendor/golang.org/x/sys/unix/syscall_freebsd_386.s
src.cmd.vendor.golang.org.x.sys.unix	src/cmd/vendor/golang.org/x/sys/unix/syscall_freebsd_amd64.s
src.cmd.vendor.golang.org.x.sys.unix	src/cmd/vendor/golang.org/x/sys/unix/syscall_freebsd_arm.s
src.cmd.vendor.golang.org.x.sys.unix	src/cmd/vendor/golang.org/x/sys/unix/syscall_freebsd_arm64.s
src.cmd.vendor.golang.org.x.sys.unix	src/cmd/vendor/golang.org/x/sys/unix/syscall_freebsd_riscv64.s
src.cmd.vendor.golang.org.x.sys.unix	src/cmd/vendor/golang.org/x/sys/unix/syscall_hurd.s
src.cmd.vendor.golang.org.x.sys.unix	src/cmd/vendor/golang.org/x/sys/unix/syscall_hurd_386.s
src.cmd.vendor.golang.org.x.sys.unix	src/cmd/vendor/golang.org/x/sys/unix/syscall_illumos.s
src.cmd.vendor.golang.org.x.sys.unix	src/cmd/vendor/golang.org/x/sys/unix/syscall_linux.s
src.cmd.vendor.golang.org.x.sys.unix	src/cmd/vendor/golang.org/x/sys/unix/syscall_linux_386.s
src.cmd.vendor.golang.org.x.sys.unix	src/cmd/vendor/golang.org/x/sys/unix/syscall_linux_alarm.s
src.cmd.vendor.golang.org.x.sys.unix	src/cmd/vendor/golang.org/x/sys/unix/syscall_linux_amd64.s
src.cmd.vendor.golang.org.x.sys.unix	src/cmd/vendor/golang.org/x/sys/unix/syscall_linux_amd64_gc.s
src.cmd.vendor.golang.org.x.sys.unix	src/cmd/vendor/golang.org/x/sys/unix/syscall_linux_arm.s
src.cmd.vendor.golang.org.x.sys.unix	src/cmd/vendor/golang.org/x/sys/unix/syscall_linux_arm64.s
src.cmd.vendor.golang.org.x.sys.unix	src/cmd/vendor/golang.org/x/sys/unix/syscall_linux_gc.s
src.cmd.vendor.golang.org.x.sys.unix	src/cmd/vendor/golang.org/x/sys/unix/syscall_linux_gc_386.s
src.cmd.vendor.golang.org.x.sys.unix	src/cmd/vendor/golang.org/x/sys/unix/syscall_linux_gc_arm.s
src.cmd.vendor.golang.org.x.sys.unix	src/cmd/vendor/golang.org/x/sys/unix/syscall_linux_gccgo_386.s
src.cmd.vendor.golang.org.x.sys.unix	src/cmd/vendor/golang.org/x/sys/unix/syscall_linux_gccgo_arm.s
src.cmd.vendor.golang.org.x.sys.unix	src/cmd/vendor/golang.org/x/sys/unix/syscall_linux_loong64.s
src.cmd.vendor.golang.org.x.sys.unix	src/cmd/vendor/golang.org/x/sys/unix/syscall_linux_mips64x.s
src.cmd.vendor.golang.org.x.sys.unix	src/cmd/vendor/golang.org/x/sys/unix/syscall_linux_mipsx.s
src.cmd.vendor.golang.org.x.sys.unix	src/cmd/vendor/golang.org/x/sys/unix/syscall_linux_ppc.s
src.cmd.vendor.golang.org.x.sys.unix	src/cmd/vendor/golang.org/x/sys/unix/syscall_linux_ppc64x.s
src.cmd.vendor.golang.org.x.sys.unix	src/cmd/vendor/golang.org/x/sys/unix/syscall_linux_riscv64.s
src.cmd.vendor.golang.org.x.sys.unix	src/cmd/vendor/golang.org/x/sys/unix/syscall_linux_s390x.s
src.cmd.vendor.golang.org.x.sys.unix	src/cmd/vendor/golang.org/x/sys/unix/syscall_linux_sparc64.s
src.cmd.vendor.golang.org.x.sys.unix	src/cmd/vendor/golang.org/x/sys/unix/syscall_netbsd.s
src.cmd.vendor.golang.org.x.sys.unix	src/cmd/vendor/golang.org/x/sys/unix/syscall_netbsd_386.s
src.cmd.vendor.golang.org.x.sys.unix	src/cmd/vendor/golang.org/x/sys/unix/syscall_netbsd_amd64.s
src.cmd.vendor.golang.org.x.sys.unix	src/cmd/vendor/golang.org/x/sys/unix/syscall_netbsd_arm.s
src.cmd.vendor.golang.org.x.sys.unix	src/cmd/vendor/golang.org/x/sys/unix/syscall_netbsd_arm64.s
src.cmd.vendor.golang.org.x.sys.unix	src/cmd/vendor/golang.org/x/sys/unix/syscall_openbsd.s
src.cmd.vendor.golang.org.x.sys.unix	src/cmd/vendor/golang.org/x/sys/unix/syscall_openbsd_386.s
src.cmd.vendor.golang.org.x.sys.unix	src/cmd/vendor/golang.org/x/sys/unix/syscall_openbsd_amd64.s
src.cmd.vendor.golang.org.x.sys.unix	src/cmd/vendor/golang.org/x/sys/unix/syscall_openbsd_arm.s
src.cmd.vendor.golang.org.x.sys.unix	src/cmd/vendor/golang.org/x/sys/unix/syscall_openbsd_arm64.s
src.cmd.vendor.golang.org.x.sys.unix	src/cmd/vendor/golang.org/x/sys/unix/syscall_openbsd_libc.s
src.cmd.vendor.golang.org.x.sys.unix	src/cmd/vendor/golang.org/x/sys/unix/syscall_openbsd_mips64.s
src.cmd.vendor.golang.org.x.sys.unix	src/cmd/vendor/golang.org/x/sys/unix/syscall_openbsd_ppc64.s
src.cmd.vendor.golang.org.x.sys.unix	src/cmd/vendor/golang.org/x/sys/unix/syscall_openbsd_riscv64.s
src.cmd.vendor.golang.org.x.sys.unix	src/cmd/vendor/golang.org/x/sys/unix/syscall_solaris.s
src.cmd.vendor.golang.org.x.sys.unix	src/cmd/vendor/golang.org/x/sys/unix/syscall_solaris_amd64.s
src.cmd.vendor.golang.org.x.sys.unix	src/cmd/vendor/golang.org/x/sys/unix/syscall_unix.s
src.cmd.vendor.golang.org.x.sys.unix	src/cmd/vendor/golang.org/x/sys/unix/syscall_unix_gc.s
src.cmd.vendor.golang.org.x.sys.unix	src/cmd/vendor/golang.org/x/sys/unix/syscall_unix_gc_ppc64x.s
src.cmd.vendor.golang.org.x.sys.unix	src/cmd/vendor/golang.org/x/sys/unix/syscall_zos_s390x.s
src.cmd.vendor.golang.org.x.sys.unix	src/cmd/vendor/golang.org/x/sys/unix/sysvshm_linux.s
src.cmd.vendor.golang.org.x.sys.unix	src/cmd/vendor/golang.org/x/sys/unix/sysvshm_unix.s
src.cmd.vendor.golang.org.x.sys.unix	src/cmd/vendor/golang.org/x/sys/unix/sysvshm_unix_other.s
src.cmd.vendor.golang.org.x.sys.unix	src/cmd/vendor/golang.org/x/sys/unix/timestruct.s
src.cmd.vendor.golang.org.x.sys.unix	src/cmd/vendor/golang.org/x/sys/unix/unveil_openbsd.s
src.cmd.vendor.golang.org.x.sys.unix	src/cmd/vendor/golang.org/x/sys/unix/vgetrandom_linux.s
src.cmd.vendor.golang.org.x.sys.unix	src/cmd/vendor/golang.org/x/sys/unix/vgetrandom_unsupported.s
src.cmd.vendor.golang.org.x.sys.unix	src/cmd/vendor/golang.org/x/sys/unix/xattr_bsd.s
src.cmd.vendor.golang.org.x.sys.unix	src/cmd/vendor/golang.org/x/sys/unix/zerrors_aix_ppc.s
src.cmd.vendor.golang.org.x.sys.unix	src/cmd/vendor/golang.org/x/sys/unix/zerrors_aix_ppc64.s
src.cmd.vendor.golang.org.x.sys.unix	src/cmd/vendor/golang.org/x/sys/unix/zerrors_darwin_amd64.s
src.cmd.vendor.golang.org.x.sys.unix	src/cmd/vendor/golang.org/x/sys/unix/zerrors_darwin_arm64.s
src.cmd.vendor.golang.org.x.sys.unix	src/cmd/vendor/golang.org/x/sys/unix/zerrors_dragonfly_amd64.s
src.cmd.vendor.golang.org.x.sys.unix	src/cmd/vendor/golang.org/x/sys/unix/zerrors_freebsd_386.s
src.cmd.vendor.golang.org.x.sys.unix	src/cmd/vendor/golang.org/x/sys/unix/zerrors_freebsd_amd64.s
src.cmd.vendor.golang.org.x.sys.unix	src/cmd/vendor/golang.org/x/sys/unix/zerrors_freebsd_arm.s
src.cmd.vendor.golang.org.x.sys.unix	src/cmd/vendor/golang.org/x/sys/unix/zerrors_freebsd_arm64.s
src.cmd.vendor.golang.org.x.sys.unix	src/cmd/vendor/golang.org/x/sys/unix/zerrors_freebsd_riscv64.s
src.cmd.vendor.golang.org.x.sys.unix	src/cmd/vendor/golang.org/x/sys/unix/zerrors_linux.s
src.cmd.vendor.golang.org.x.sys.unix	src/cmd/vendor/golang.org/x/sys/unix/zerrors_linux_386.s
src.cmd.vendor.golang.org.x.sys.unix	src/cmd/vendor/golang.org/x/sys/unix/zerrors_linux_amd64.s
src.cmd.vendor.golang.org.x.sys.unix	src/cmd/vendor/golang.org/x/sys/unix/zerrors_linux_arm.s
src.cmd.vendor.golang.org.x.sys.unix	src/cmd/vendor/golang.org/x/sys/unix/zerrors_linux_arm64.s
src.cmd.vendor.golang.org.x.sys.unix	src/cmd/vendor/golang.org/x/sys/unix/zerrors_linux_loong64.s
src.cmd.vendor.golang.org.x.sys.unix	src/cmd/vendor/golang.org/x/sys/unix/zerrors_linux_mips.s
src.cmd.vendor.golang.org.x.sys.unix	src/cmd/vendor/golang.org/x/sys/unix/zerrors_linux_mips64.s
src.cmd.vendor.golang.org.x.sys.unix	src/cmd/vendor/golang.org/x/sys/unix/zerrors_linux_mips64le.s
src.cmd.vendor.golang.org.x.sys.unix	src/cmd/vendor/golang.org/x/sys/unix/zerrors_linux_mipsle.s
src.cmd.vendor.golang.org.x.sys.unix	src/cmd/vendor/golang.org/x/sys/unix/zerrors_linux_ppc.s
src.cmd.vendor.golang.org.x.sys.unix	src/cmd/vendor/golang.org/x/sys/unix/zerrors_linux_ppc64.s
src.cmd.vendor.golang.org.x.sys.unix	src/cmd/vendor/golang.org/x/sys/unix/zerrors_linux_ppc64le.s
src.cmd.vendor.golang.org.x.sys.unix	src/cmd/vendor/golang.org/x/sys/unix/zerrors_linux_riscv64.s
src.cmd.vendor.golang.org.x.sys.unix	src/cmd/vendor/golang.org/x/sys/unix/zerrors_linux_s390x.s
src.cmd.vendor.golang.org.x.sys.unix	src/cmd/vendor/golang.org/x/sys/unix/zerrors_linux_sparc64.s
src.cmd.vendor.golang.org.x.sys.unix	src/cmd/vendor/golang.org/x/sys/unix/zerrors_netbsd_386.s
src.cmd.vendor.golang.org.x.sys.unix	src/cmd/vendor/golang.org/x/sys/unix/zerrors_netbsd_amd64.s
src.cmd.vendor.golang.org.x.sys.unix	src/cmd/vendor/golang.org/x/sys/unix/zerrors_netbsd_arm.s
src.cmd.vendor.golang.org.x.sys.unix	src/cmd/vendor/golang.org/x/sys/unix/zerrors_netbsd_arm64.s
src.cmd.vendor.golang.org.x.sys.unix	src/cmd/vendor/golang.org/x/sys/unix/zerrors_openbsd_386.s
src.cmd.vendor.golang.org.x.sys.unix	src/cmd/vendor/golang.org/x/sys/unix/zerrors_openbsd_amd64.s
src.cmd.vendor.golang.org.x.sys.unix	src/cmd/vendor/golang.org/x/sys/unix/zerrors_openbsd_arm.s
src.cmd.vendor.golang.org.x.sys.unix	src/cmd/vendor/golang.org/x/sys/unix/zerrors_openbsd_arm64.s
src.cmd.vendor.golang.org.x.sys.unix	src/cmd/vendor/golang.org/x/sys/unix/zerrors_openbsd_mips64.s
src.cmd.vendor.golang.org.x.sys.unix	src/cmd/vendor/golang.org/x/sys/unix/zerrors_openbsd_ppc64.s
src.cmd.vendor.golang.org.x.sys.unix	src/cmd/vendor/golang.org/x/sys/unix/zerrors_openbsd_riscv64.s
src.cmd.vendor.golang.org.x.sys.unix	src/cmd/vendor/golang.org/x/sys/unix/zerrors_solaris_amd64.s
src.cmd.vendor.golang.org.x.sys.unix	src/cmd/vendor/golang.org/x/sys/unix/zerrors_zos_s390x.s
src.cmd.vendor.golang.org.x.sys.unix	src/cmd/vendor/golang.org/x/sys/unix/zptrace_armnn_linux.s
src.cmd.vendor.golang.org.x.sys.unix	src/cmd/vendor/golang.org/x/sys/unix/zptrace_linux_arm64.s
src.cmd.vendor.golang.org.x.sys.unix	src/cmd/vendor/golang.org/x/sys/unix/zptrace_mipsnn_linux.s
src.cmd.vendor.golang.org.x.sys.unix	src/cmd/vendor/golang.org/x/sys/unix/zptrace_mipsnnle_linux.s
src.cmd.vendor.golang.org.x.sys.unix	src/cmd/vendor/golang.org/x/sys/unix/zptrace_x86_linux.s
src.cmd.vendor.golang.org.x.sys.unix	src/cmd/vendor/golang.org/x/sys/unix/zsyscall_aix_ppc.s
src.cmd.vendor.golang.org.x.sys.unix	src/cmd/vendor/golang.org/x/sys/unix/zsyscall_aix_ppc64.s
src.cmd.vendor.golang.org.x.sys.unix	src/cmd/vendor/golang.org/x/sys/unix/zsyscall_aix_ppc64_gc.s
src.cmd.vendor.golang.org.x.sys.unix	src/cmd/vendor/golang.org/x/sys/unix/zsyscall_aix_ppc64_gccgo.s
src.cmd.vendor.golang.org.x.sys.unix	src/cmd/vendor/golang.org/x/sys/unix/zsyscall_darwin_amd64.s
src.cmd.vendor.golang.org.x.sys.unix	src/cmd/vendor/golang.org/x/sys/unix/zsyscall_darwin_arm64.s
src.cmd.vendor.golang.org.x.sys.unix	src/cmd/vendor/golang.org/x/sys/unix/zsyscall_dragonfly_amd64.s
src.cmd.vendor.golang.org.x.sys.unix	src/cmd/vendor/golang.org/x/sys/unix/zsyscall_freebsd_386.s
src.cmd.vendor.golang.org.x.sys.unix	src/cmd/vendor/golang.org/x/sys/unix/zsyscall_freebsd_amd64.s
src.cmd.vendor.golang.org.x.sys.unix	src/cmd/vendor/golang.org/x/sys/unix/zsyscall_freebsd_arm.s
src.cmd.vendor.golang.org.x.sys.unix	src/cmd/vendor/golang.org/x/sys/unix/zsyscall_freebsd_arm64.s
src.cmd.vendor.golang.org.x.sys.unix	src/cmd/vendor/golang.org/x/sys/unix/zsyscall_freebsd_riscv64.s
src.cmd.vendor.golang.org.x.sys.unix	src/cmd/vendor/golang.org/x/sys/unix/zsyscall_illumos_amd64.s
src.cmd.vendor.golang.org.x.sys.unix	src/cmd/vendor/golang.org/x/sys/unix/zsyscall_linux.s
src.cmd.vendor.golang.org.x.sys.unix	src/cmd/vendor/golang.org/x/sys/unix/zsyscall_linux_386.s
src.cmd.vendor.golang.org.x.sys.unix	src/cmd/vendor/golang.org/x/sys/unix/zsyscall_linux_amd64.s
src.cmd.vendor.golang.org.x.sys.unix	src/cmd/vendor/golang.org/x/sys/unix/zsyscall_linux_arm.s
src.cmd.vendor.golang.org.x.sys.unix	src/cmd/vendor/golang.org/x/sys/unix/zsyscall_linux_arm64.s
src.cmd.vendor.golang.org.x.sys.unix	src/cmd/vendor/golang.org/x/sys/unix/zsyscall_linux_loong64.s
src.cmd.vendor.golang.org.x.sys.unix	src/cmd/vendor/golang.org/x/sys/unix/zsyscall_linux_mips.s
src.cmd.vendor.golang.org.x.sys.unix	src/cmd/vendor/golang.org/x/sys/unix/zsyscall_linux_mips64.s
src.cmd.vendor.golang.org.x.sys.unix	src/cmd/vendor/golang.org/x/sys/unix/zsyscall_linux_mips64le.s
src.cmd.vendor.golang.org.x.sys.unix	src/cmd/vendor/golang.org/x/sys/unix/zsyscall_linux_mipsle.s
src.cmd.vendor.golang.org.x.sys.unix	src/cmd/vendor/golang.org/x/sys/unix/zsyscall_linux_ppc.s
src.cmd.vendor.golang.org.x.sys.unix	src/cmd/vendor/golang.org/x/sys/unix/zsyscall_linux_ppc64.s
src.cmd.vendor.golang.org.x.sys.unix	src/cmd/vendor/golang.org/x/sys/unix/zsyscall_linux_ppc64le.s
src.cmd.vendor.golang.org.x.sys.unix	src/cmd/vendor/golang.org/x/sys/unix/zsyscall_linux_riscv64.s
src.cmd.vendor.golang.org.x.sys.unix	src/cmd/vendor/golang.org/x/sys/unix/zsyscall_linux_s390x.s
src.cmd.vendor.golang.org.x.sys.unix	src/cmd/vendor/golang.org/x/sys/unix/zsyscall_linux_sparc64.s
src.cmd.vendor.golang.org.x.sys.unix	src/cmd/vendor/golang.org/x/sys/unix/zsyscall_netbsd_386.s
src.cmd.vendor.golang.org.x.sys.unix	src/cmd/vendor/golang.org/x/sys/unix/zsyscall_netbsd_amd64.s
src.cmd.vendor.golang.org.x.sys.unix	src/cmd/vendor/golang.org/x/sys/unix/zsyscall_netbsd_arm.s
src.cmd.vendor.golang.org.x.sys.unix	src/cmd/vendor/golang.org/x/sys/unix/zsyscall_netbsd_arm64.s
src.cmd.vendor.golang.org.x.sys.unix	src/cmd/vendor/golang.org/x/sys/unix/zsyscall_openbsd_386.s
src.cmd.vendor.golang.org.x.sys.unix	src/cmd/vendor/golang.org/x/sys/unix/zsyscall_openbsd_amd64.s
src.cmd.vendor.golang.org.x.sys.unix	src/cmd/vendor/golang.org/x/sys/unix/zsyscall_openbsd_arm.s
src.cmd.vendor.golang.org.x.sys.unix	src/cmd/vendor/golang.org/x/sys/unix/zsyscall_openbsd_arm64.s
src.cmd.vendor.golang.org.x.sys.unix	src/cmd/vendor/golang.org/x/sys/unix/zsyscall_openbsd_mips64.s
src.cmd.vendor.golang.org.x.sys.unix	src/cmd/vendor/golang.org/x/sys/unix/zsyscall_openbsd_ppc64.s
src.cmd.vendor.golang.org.x.sys.unix	src/cmd/vendor/golang.org/x/sys/unix/zsyscall_openbsd_riscv64.s
src.cmd.vendor.golang.org.x.sys.unix	src/cmd/vendor/golang.org/x/sys/unix/zsyscall_solaris_amd64.s
src.cmd.vendor.golang.org.x.sys.unix	src/cmd/vendor/golang.org/x/sys/unix/zsyscall_zos_s390x.s
src.cmd.vendor.golang.org.x.sys.unix	src/cmd/vendor/golang.org/x/sys/unix/zsysctl_openbsd_386.s
src.cmd.vendor.golang.org.x.sys.unix	src/cmd/vendor/golang.org/x/sys/unix/zsysctl_openbsd_amd64.s
src.cmd.vendor.golang.org.x.sys.unix	src/cmd/vendor/golang.org/x/sys/unix/zsysctl_openbsd_arm.s
src.cmd.vendor.golang.org.x.sys.unix	src/cmd/vendor/golang.org/x/sys/unix/zsysctl_openbsd_arm64.s
src.cmd.vendor.golang.org.x.sys.unix	src/cmd/vendor/golang.org/x/sys/unix/zsysctl_openbsd_mips64.s
src.cmd.vendor.golang.org.x.sys.unix	src/cmd/vendor/golang.org/x/sys/unix/zsysctl_openbsd_ppc64.s
src.cmd.vendor.golang.org.x.sys.unix	src/cmd/vendor/golang.org/x/sys/unix/zsysctl_openbsd_riscv64.s
src.cmd.vendor.golang.org.x.sys.unix	src/cmd/vendor/golang.org/x/sys/unix/zsysnum_darwin_amd64.s
src.cmd.vendor.golang.org.x.sys.unix	src/cmd/vendor/golang.org/x/sys/unix/zsysnum_darwin_arm64.s
src.cmd.vendor.golang.org.x.sys.unix	src/cmd/vendor/golang.org/x/sys/unix/zsysnum_dragonfly_amd64.s
src.cmd.vendor.golang.org.x.sys.unix	src/cmd/vendor/golang.org/x/sys/unix/zsysnum_freebsd_386.s
src.cmd.vendor.golang.org.x.sys.unix	src/cmd/vendor/golang.org/x/sys/unix/zsysnum_freebsd_amd64.s
src.cmd.vendor.golang.org.x.sys.unix	src/cmd/vendor/golang.org/x/sys/unix/zsysnum_freebsd_arm.s
src.cmd.vendor.golang.org.x.sys.unix	src/cmd/vendor/golang.org/x/sys/unix/zsysnum_freebsd_arm64.s
src.cmd.vendor.golang.org.x.sys.unix	src/cmd/vendor/golang.org/x/sys/unix/zsysnum_freebsd_riscv64.s
src.cmd.vendor.golang.org.x.sys.unix	src/cmd/vendor/golang.org/x/sys/unix/zsysnum_linux_386.s
src.cmd.vendor.golang.org.x.sys.unix	src/cmd/vendor/golang.org/x/sys/unix/zsysnum_linux_amd64.s
src.cmd.vendor.golang.org.x.sys.unix	src/cmd/vendor/golang.org/x/sys/unix/zsysnum_linux_arm.s
src.cmd.vendor.golang.org.x.sys.unix	src/cmd/vendor/golang.org/x/sys/unix/zsysnum_linux_arm64.s
src.cmd.vendor.golang.org.x.sys.unix	src/cmd/vendor/golang.org/x/sys/unix/zsysnum_linux_loong64.s
src.cmd.vendor.golang.org.x.sys.unix	src/cmd/vendor/golang.org/x/sys/unix/zsysnum_linux_mips.s
src.cmd.vendor.golang.org.x.sys.unix	src/cmd/vendor/golang.org/x/sys/unix/zsysnum_linux_mips64.s
src.cmd.vendor.golang.org.x.sys.unix	src/cmd/vendor/golang.org/x/sys/unix/zsysnum_linux_mips64le.s
src.cmd.vendor.golang.org.x.sys.unix	src/cmd/vendor/golang.org/x/sys/unix/zsysnum_linux_mipsle.s
src.cmd.vendor.golang.org.x.sys.unix	src/cmd/vendor/golang.org/x/sys/unix/zsysnum_linux_ppc.s
src.cmd.vendor.golang.org.x.sys.unix	src/cmd/vendor/golang.org/x/sys/unix/zsysnum_linux_ppc64.s
src.cmd.vendor.golang.org.x.sys.unix	src/cmd/vendor/golang.org/x/sys/unix/zsysnum_linux_ppc64le.s
src.cmd.vendor.golang.org.x.sys.unix	src/cmd/vendor/golang.org/x/sys/unix/zsysnum_linux_riscv64.s
src.cmd.vendor.golang.org.x.sys.unix	src/cmd/vendor/golang.org/x/sys/unix/zsysnum_linux_s390x.s
src.cmd.vendor.golang.org.x.sys.unix	src/cmd/vendor/golang.org/x/sys/unix/zsysnum_linux_sparc64.s
src.cmd.vendor.golang.org.x.sys.unix	src/cmd/vendor/golang.org/x/sys/unix/zsysnum_netbsd_386.s
src.cmd.vendor.golang.org.x.sys.unix	src/cmd/vendor/golang.org/x/sys/unix/zsysnum_netbsd_amd64.s
src.cmd.vendor.golang.org.x.sys.unix	src/cmd/vendor/golang.org/x/sys/unix/zsysnum_netbsd_arm.s
src.cmd.vendor.golang.org.x.sys.unix	src/cmd/vendor/golang.org/x/sys/unix/zsysnum_netbsd_arm64.s
src.cmd.vendor.golang.org.x.sys.unix	src/cmd/vendor/golang.org/x/sys/unix/zsysnum_openbsd_386.s
src.cmd.vendor.golang.org.x.sys.unix	src/cmd/vendor/golang.org/x/sys/unix/zsysnum_openbsd_amd64.s
src.cmd.vendor.golang.org.x.sys.unix	src/cmd/vendor/golang.org/x/sys/unix/zsysnum_openbsd_arm.s
src.cmd.vendor.golang.org.x.sys.unix	src/cmd/vendor/golang.org/x/sys/unix/zsysnum_openbsd_arm64.s
src.cmd.vendor.golang.org.x.sys.unix	src/cmd/vendor/golang.org/x/sys/unix/zsysnum_openbsd_mips64.s
src.cmd.vendor.golang.org.x.sys.unix	src/cmd/vendor/golang.org/x/sys/unix/zsysnum_openbsd_ppc64.s
src.cmd.vendor.golang.org.x.sys.unix	src/cmd/vendor/golang.org/x/sys/unix/zsysnum_openbsd_riscv64.s
src.cmd.vendor.golang.org.x.sys.unix	src/cmd/vendor/golang.org/x/sys/unix/zsysnum_zos_s390x.s
src.cmd.vendor.golang.org.x.sys.unix	src/cmd/vendor/golang.org/x/sys/unix/ztypes_aix_ppc.s
src.cmd.vendor.golang.org.x.sys.unix	src/cmd/vendor/golang.org/x/sys/unix/ztypes_aix_ppc64.s
src.cmd.vendor.golang.org.x.sys.unix	src/cmd/vendor/golang.org/x/sys/unix/ztypes_darwin_amd64.s
src.cmd.vendor.golang.org.x.sys.unix	src/cmd/vendor/golang.org/x/sys/unix/ztypes_darwin_arm64.s
src.cmd.vendor.golang.org.x.sys.unix	src/cmd/vendor/golang.org/x/sys/unix/ztypes_dragonfly_amd64.s
src.cmd.vendor.golang.org.x.sys.unix	src/cmd/vendor/golang.org/x/sys/unix/ztypes_freebsd_386.s
src.cmd.vendor.golang.org.x.sys.unix	src/cmd/vendor/golang.org/x/sys/unix/ztypes_freebsd_amd64.s
src.cmd.vendor.golang.org.x.sys.unix	src/cmd/vendor/golang.org/x/sys/unix/ztypes_freebsd_arm.s
src.cmd.vendor.golang.org.x.sys.unix	src/cmd/vendor/golang.org/x/sys/unix/ztypes_freebsd_arm64.s
src.cmd.vendor.golang.org.x.sys.unix	src/cmd/vendor/golang.org/x/sys/unix/ztypes_freebsd_riscv64.s
src.cmd.vendor.golang.org.x.sys.unix	src/cmd/vendor/golang.org/x/sys/unix/ztypes_linux.s
src.cmd.vendor.golang.org.x.sys.unix	src/cmd/vendor/golang.org/x/sys/unix/ztypes_linux_386.s
src.cmd.vendor.golang.org.x.sys.unix	src/cmd/vendor/golang.org/x/sys/unix/ztypes_linux_amd64.s
src.cmd.vendor.golang.org.x.sys.unix	src/cmd/vendor/golang.org/x/sys/unix/ztypes_linux_arm.s
src.cmd.vendor.golang.org.x.sys.unix	src/cmd/vendor/golang.org/x/sys/unix/ztypes_linux_arm64.s
src.cmd.vendor.golang.org.x.sys.unix	src/cmd/vendor/golang.org/x/sys/unix/ztypes_linux_loong64.s
src.cmd.vendor.golang.org.x.sys.unix	src/cmd/vendor/golang.org/x/sys/unix/ztypes_linux_mips.s
src.cmd.vendor.golang.org.x.sys.unix	src/cmd/vendor/golang.org/x/sys/unix/ztypes_linux_mips64.s
src.cmd.vendor.golang.org.x.sys.unix	src/cmd/vendor/golang.org/x/sys/unix/ztypes_linux_mips64le.s
src.cmd.vendor.golang.org.x.sys.unix	src/cmd/vendor/golang.org/x/sys/unix/ztypes_linux_mipsle.s
src.cmd.vendor.golang.org.x.sys.unix	src/cmd/vendor/golang.org/x/sys/unix/ztypes_linux_ppc.s
src.cmd.vendor.golang.org.x.sys.unix	src/cmd/vendor/golang.org/x/sys/unix/ztypes_linux_ppc64.s
src.cmd.vendor.golang.org.x.sys.unix	src/cmd/vendor/golang.org/x/sys/unix/ztypes_linux_ppc64le.s
src.cmd.vendor.golang.org.x.sys.unix	src/cmd/vendor/golang.org/x/sys/unix/ztypes_linux_riscv64.s
src.cmd.vendor.golang.org.x.sys.unix	src/cmd/vendor/golang.org/x/sys/unix/ztypes_linux_s390x.s
src.cmd.vendor.golang.org.x.sys.unix	src/cmd/vendor/golang.org/x/sys/unix/ztypes_linux_sparc64.s
src.cmd.vendor.golang.org.x.sys.unix	src/cmd/vendor/golang.org/x/sys/unix/ztypes_netbsd_386.s
src.cmd.vendor.golang.org.x.sys.unix	src/cmd/vendor/golang.org/x/sys/unix/ztypes_netbsd_amd64.s
src.cmd.vendor.golang.org.x.sys.unix	src/cmd/vendor/golang.org/x/sys/unix/ztypes_netbsd_arm.s
src.cmd.vendor.golang.org.x.sys.unix	src/cmd/vendor/golang.org/x/sys/unix/ztypes_netbsd_arm64.s
src.cmd.vendor.golang.org.x.sys.unix	src/cmd/vendor/golang.org/x/sys/unix/ztypes_openbsd_386.s
src.cmd.vendor.golang.org.x.sys.unix	src/cmd/vendor/golang.org/x/sys/unix/ztypes_openbsd_amd64.s
src.cmd.vendor.golang.org.x.sys.unix	src/cmd/vendor/golang.org/x/sys/unix/ztypes_openbsd_arm.s
src.cmd.vendor.golang.org.x.sys.unix	src/cmd/vendor/golang.org/x/sys/unix/ztypes_openbsd_arm64.s
src.cmd.vendor.golang.org.x.sys.unix	src/cmd/vendor/golang.org/x/sys/unix/ztypes_openbsd_mips64.s
src.cmd.vendor.golang.org.x.sys.unix	src/cmd/vendor/golang.org/x/sys/unix/ztypes_openbsd_ppc64.s
src.cmd.vendor.golang.org.x.sys.unix	src/cmd/vendor/golang.org/x/sys/unix/ztypes_openbsd_riscv64.s
src.cmd.vendor.golang.org.x.sys.unix	src/cmd/vendor/golang.org/x/sys/unix/ztypes_solaris_amd64.s
src.cmd.vendor.golang.org.x.sys.unix	src/cmd/vendor/golang.org/x/sys/unix/ztypes_zos_s390x.s
src.cmd.vendor.golang.org.x.sys.windows	src/cmd/vendor/golang.org/x/sys/windows/aliases.s
src.cmd.vendor.golang.org.x.sys.windows	src/cmd/vendor/golang.org/x/sys/windows/dll_windows.s
src.cmd.vendor.golang.org.x.sys.windows	src/cmd/vendor/golang.org/x/sys/windows/env_windows.s
src.cmd.vendor.golang.org.x.sys.windows	src/cmd/vendor/golang.org/x/sys/windows/eventlog.s
src.cmd.vendor.golang.org.x.sys.windows	src/cmd/vendor/golang.org/x/sys/windows/exec_windows.s
src.cmd.vendor.golang.org.x.sys.windows	src/cmd/vendor/golang.org/x/sys/windows/memory_windows.s
src.cmd.vendor.golang.org.x.sys.windows	src/cmd/vendor/golang.org/x/sys/windows/mksyscall.s
src.cmd.vendor.golang.org.x.sys.windows	src/cmd/vendor/golang.org/x/sys/windows/race.s
src.cmd.vendor.golang.org.x.sys.windows	src/cmd/vendor/golang.org/x/sys/windows/race0.s
src.cmd.vendor.golang.org.x.sys.windows	src/cmd/vendor/golang.org/x/sys/windows/security_windows.s
src.cmd.vendor.golang.org.x.sys.windows	src/cmd/vendor/golang.org/x/sys/windows/service.s
src.cmd.vendor.golang.org.x.sys.windows	src/cmd/vendor/golang.org/x/sys/windows/setupapi_windows.s
src.cmd.vendor.golang.org.x.sys.windows	src/cmd/vendor/golang.org/x/sys/windows/str.s
src.cmd.vendor.golang.org.x.sys.windows	src/cmd/vendor/golang.org/x/sys/windows/syscall.s
src.cmd.vendor.golang.org.x.sys.windows	src/cmd/vendor/golang.org/x/sys/windows/syscall_windows.s
src.cmd.vendor.golang.org.x.sys.windows	src/cmd/vendor/golang.org/x/sys/windows/types_windows.s
src.cmd.vendor.golang.org.x.sys.windows	src/cmd/vendor/golang.org/x/sys/windows/types_windows_386.s
src.cmd.vendor.golang.org.x.sys.windows	src/cmd/vendor/golang.org/x/sys/windows/types_windows_amd64.s
src.cmd.vendor.golang.org.x.sys.windows	src/cmd/vendor/golang.org/x/sys/windows/types_windows_arm.s
src.cmd.vendor.golang.org.x.sys.windows	src/cmd/vendor/golang.org/x/sys/windows/types_windows_arm64.s
src.cmd.vendor.golang.org.x.sys.windows	src/cmd/vendor/golang.org/x/sys/windows/zerrors_windows.s
src.cmd.vendor.golang.org.x.sys.windows	src/cmd/vendor/golang.org/x/sys/windows/zknownfolderids_windows.s
src.cmd.vendor.golang.org.x.sys.windows	src/cmd/vendor/golang.org/x/sys/windows/zsyscall_windows.s
src.cmd.vendor.golang.org.x.telemetry	src/cmd/vendor/golang.org/x/telemetry/dir.s
src.cmd.vendor.golang.org.x.telemetry	src/cmd/vendor/golang.org/x/telemetry/doc.s
src.cmd.vendor.golang.org.x.telemetry	src/cmd/vendor/golang.org/x/telemetry/mode.s
src.cmd.vendor.golang.org.x.telemetry	src/cmd/vendor/golang.org/x/telemetry/start.s
src.cmd.vendor.golang.org.x.telemetry	src/cmd/vendor/golang.org/x/telemetry/start_posix.s
src.cmd.vendor.golang.org.x.telemetry	src/cmd/vendor/golang.org/x/telemetry/start_windows.s
src.cmd.vendor.golang.org.x.telemetry	src/cmd/vendor/golang.org/x/telemetry/types_alias.s
src.cmd.vendor.golang.org.x.telemetry.counter	src/cmd/vendor/golang.org/x/telemetry/counter/counter.s
src.cmd.vendor.golang.org.x.telemetry.counter	src/cmd/vendor/golang.org/x/telemetry/counter/doc.s
src.cmd.vendor.golang.org.x.telemetry.counter.countertest	src/cmd/vendor/golang.org/x/telemetry/counter/countertest/countertest.s
src.cmd.vendor.golang.org.x.telemetry.internal.config	src/cmd/vendor/golang.org/x/telemetry/internal/config/config.s
src.cmd.vendor.golang.org.x.telemetry.internal.configstore	src/cmd/vendor/golang.org/x/telemetry/internal/configstore/download.s
src.cmd.vendor.golang.org.x.telemetry.internal.configstore	src/cmd/vendor/golang.org/x/telemetry/internal/configstore/download_windows.s
src.cmd.vendor.golang.org.x.telemetry.internal.counter	src/cmd/vendor/golang.org/x/telemetry/internal/counter/counter.s
src.cmd.vendor.golang.org.x.telemetry.internal.counter	src/cmd/vendor/golang.org/x/telemetry/internal/counter/file.s
src.cmd.vendor.golang.org.x.telemetry.internal.counter	src/cmd/vendor/golang.org/x/telemetry/internal/counter/parse.s
src.cmd.vendor.golang.org.x.telemetry.internal.counter	src/cmd/vendor/golang.org/x/telemetry/internal/counter/stackcounter.s
src.cmd.vendor.golang.org.x.telemetry.internal.crashmonitor	src/cmd/vendor/golang.org/x/telemetry/internal/crashmonitor/monitor.s
src.cmd.vendor.golang.org.x.telemetry.internal.mmap	src/cmd/vendor/golang.org/x/telemetry/internal/mmap/mmap.s
src.cmd.vendor.golang.org.x.telemetry.internal.mmap	src/cmd/vendor/golang.org/x/telemetry/internal/mmap/mmap_other.s
src.cmd.vendor.golang.org.x.telemetry.internal.mmap	src/cmd/vendor/golang.org/x/telemetry/internal/mmap/mmap_unix.s
src.cmd.vendor.golang.org.x.telemetry.internal.mmap	src/cmd/vendor/golang.org/x/telemetry/internal/mmap/mmap_windows.s
src.cmd.vendor.golang.org.x.telemetry.internal.telemetry	src/cmd/vendor/golang.org/x/telemetry/internal/telemetry/dateonly.s
src.cmd.vendor.golang.org.x.telemetry.internal.telemetry	src/cmd/vendor/golang.org/x/telemetry/internal/telemetry/dir.s
src.cmd.vendor.golang.org.x.telemetry.internal.telemetry	src/cmd/vendor/golang.org/x/telemetry/internal/telemetry/proginfo.s
src.cmd.vendor.golang.org.x.telemetry.internal.telemetry	src/cmd/vendor/golang.org/x/telemetry/internal/telemetry/types.s
src.cmd.vendor.golang.org.x.telemetry.internal.upload	src/cmd/vendor/golang.org/x/telemetry/internal/upload/date.s
src.cmd.vendor.golang.org.x.telemetry.internal.upload	src/cmd/vendor/golang.org/x/telemetry/internal/upload/findwork.s
src.cmd.vendor.golang.org.x.telemetry.internal.upload	src/cmd/vendor/golang.org/x/telemetry/internal/upload/reports.s
src.cmd.vendor.golang.org.x.telemetry.internal.upload	src/cmd/vendor/golang.org/x/telemetry/internal/upload/run.s
src.cmd.vendor.golang.org.x.telemetry.internal.upload	src/cmd/vendor/golang.org/x/telemetry/internal/upload/upload.s
src.cmd.vendor.golang.org.x.term	src/cmd/vendor/golang.org/x/term/term.s
src.cmd.vendor.golang.org.x.term	src/cmd/vendor/golang.org/x/term/term_plan9.s
src.cmd.vendor.golang.org.x.term	src/cmd/vendor/golang.org/x/term/term_unix.s
src.cmd.vendor.golang.org.x.term	src/cmd/vendor/golang.org/x/term/term_unix_bsd.s
src.cmd.vendor.golang.org.x.term	src/cmd/vendor/golang.org/x/term/term_unix_other.s
src.cmd.vendor.golang.org.x.term	src/cmd/vendor/golang.org/x/term/term_unsupported.s
src.cmd.vendor.golang.org.x.term	src/cmd/vendor/golang.org/x/term/term_windows.s
src.cmd.vendor.golang.org.x.term	src/cmd/vendor/golang.org/x/term/terminal.s
src.cmd.vendor.golang.org.x.text.cases	src/cmd/vendor/golang.org/x/text/cases/cases.s
src.cmd.vendor.golang.org.x.text.cases	src/cmd/vendor/golang.org/x/text/cases/context.s
src.cmd.vendor.golang.org.x.text.cases	src/cmd/vendor/golang.org/x/text/cases/fold.s
src.cmd.vendor.golang.org.x.text.cases	src/cmd/vendor/golang.org/x/text/cases/icu.s
src.cmd.vendor.golang.org.x.text.cases	src/cmd/vendor/golang.org/x/text/cases/info.s
src.cmd.vendor.golang.org.x.text.cases	src/cmd/vendor/golang.org/x/text/cases/map.s
src.cmd.vendor.golang.org.x.text.cases	src/cmd/vendor/golang.org/x/text/cases/tables15.0.0.s
src.cmd.vendor.golang.org.x.text.cases	src/cmd/vendor/golang.org/x/text/cases/tables17.0.0.s
src.cmd.vendor.golang.org.x.text.cases	src/cmd/vendor/golang.org/x/text/cases/trieval.s
src.cmd.vendor.golang.org.x.text.internal	src/cmd/vendor/golang.org/x/text/internal/internal.s
src.cmd.vendor.golang.org.x.text.internal	src/cmd/vendor/golang.org/x/text/internal/match.s
src.cmd.vendor.golang.org.x.text.internal.language	src/cmd/vendor/golang.org/x/text/internal/language/common.s
src.cmd.vendor.golang.org.x.text.internal.language	src/cmd/vendor/golang.org/x/text/internal/language/compact.s
src.cmd.vendor.golang.org.x.text.internal.language	src/cmd/vendor/golang.org/x/text/internal/language/compose.s
src.cmd.vendor.golang.org.x.text.internal.language	src/cmd/vendor/golang.org/x/text/internal/language/coverage.s
src.cmd.vendor.golang.org.x.text.internal.language	src/cmd/vendor/golang.org/x/text/internal/language/language.s
src.cmd.vendor.golang.org.x.text.internal.language	src/cmd/vendor/golang.org/x/text/internal/language/lookup.s
src.cmd.vendor.golang.org.x.text.internal.language	src/cmd/vendor/golang.org/x/text/internal/language/match.s
src.cmd.vendor.golang.org.x.text.internal.language	src/cmd/vendor/golang.org/x/text/internal/language/parse.s
src.cmd.vendor.golang.org.x.text.internal.language	src/cmd/vendor/golang.org/x/text/internal/language/tables.s
src.cmd.vendor.golang.org.x.text.internal.language	src/cmd/vendor/golang.org/x/text/internal/language/tags.s
src.cmd.vendor.golang.org.x.text.internal.language.compact	src/cmd/vendor/golang.org/x/text/internal/language/compact/compact.s
src.cmd.vendor.golang.org.x.text.internal.language.compact	src/cmd/vendor/golang.org/x/text/internal/language/compact/language.s
src.cmd.vendor.golang.org.x.text.internal.language.compact	src/cmd/vendor/golang.org/x/text/internal/language/compact/parents.s
src.cmd.vendor.golang.org.x.text.internal.language.compact	src/cmd/vendor/golang.org/x/text/internal/language/compact/tables.s
src.cmd.vendor.golang.org.x.text.internal.language.compact	src/cmd/vendor/golang.org/x/text/internal/language/compact/tags.s
src.cmd.vendor.golang.org.x.text.internal.tag	src/cmd/vendor/golang.org/x/text/internal/tag/tag.s
src.cmd.vendor.golang.org.x.text.language	src/cmd/vendor/golang.org/x/text/language/coverage.s
src.cmd.vendor.golang.org.x.text.language	src/cmd/vendor/golang.org/x/text/language/doc.s
src.cmd.vendor.golang.org.x.text.language	src/cmd/vendor/golang.org/x/text/language/language.s
src.cmd.vendor.golang.org.x.text.language	src/cmd/vendor/golang.org/x/text/language/match.s
src.cmd.vendor.golang.org.x.text.language	src/cmd/vendor/golang.org/x/text/language/parse.s
src.cmd.vendor.golang.org.x.text.language	src/cmd/vendor/golang.org/x/text/language/tables.s
src.cmd.vendor.golang.org.x.text.language	src/cmd/vendor/golang.org/x/text/language/tags.s
src.cmd.vendor.golang.org.x.text.transform	src/cmd/vendor/golang.org/x/text/transform/transform.s
src.cmd.vendor.golang.org.x.text.unicode.norm	src/cmd/vendor/golang.org/x/text/unicode/norm/composition.s
src.cmd.vendor.golang.org.x.text.unicode.norm	src/cmd/vendor/golang.org/x/text/unicode/norm/forminfo.s
src.cmd.vendor.golang.org.x.text.unicode.norm	src/cmd/vendor/golang.org/x/text/unicode/norm/input.s
src.cmd.vendor.golang.org.x.text.unicode.norm	src/cmd/vendor/golang.org/x/text/unicode/norm/iter.s
src.cmd.vendor.golang.org.x.text.unicode.norm	src/cmd/vendor/golang.org/x/text/unicode/norm/normalize.s
src.cmd.vendor.golang.org.x.text.unicode.norm	src/cmd/vendor/golang.org/x/text/unicode/norm/readwriter.s
src.cmd.vendor.golang.org.x.text.unicode.norm	src/cmd/vendor/golang.org/x/text/unicode/norm/tables15.0.0.s
src.cmd.vendor.golang.org.x.text.unicode.norm	src/cmd/vendor/golang.org/x/text/unicode/norm/tables17.0.0.s
src.cmd.vendor.golang.org.x.text.unicode.norm	src/cmd/vendor/golang.org/x/text/unicode/norm/transform.s
src.cmd.vendor.golang.org.x.text.unicode.norm	src/cmd/vendor/golang.org/x/text/unicode/norm/trie.s
src.cmd.vendor.golang.org.x.tools.cmd.bisect	src/cmd/vendor/golang.org/x/tools/cmd/bisect/go120.s
src.cmd.vendor.golang.org.x.tools.cmd.bisect	src/cmd/vendor/golang.org/x/tools/cmd/bisect/main.s
src.cmd.vendor.golang.org.x.tools.cover	src/cmd/vendor/golang.org/x/tools/cover/profile.s
src.cmd.vendor.golang.org.x.tools.go.analysis	src/cmd/vendor/golang.org/x/tools/go/analysis/analysis.s
src.cmd.vendor.golang.org.x.tools.go.analysis	src/cmd/vendor/golang.org/x/tools/go/analysis/diagnostic.s
src.cmd.vendor.golang.org.x.tools.go.analysis	src/cmd/vendor/golang.org/x/tools/go/analysis/doc.s
src.cmd.vendor.golang.org.x.tools.go.analysis	src/cmd/vendor/golang.org/x/tools/go/analysis/validate.s
src.cmd.vendor.golang.org.x.tools.go.analysis.internal.analysisflags	src/cmd/vendor/golang.org/x/tools/go/analysis/internal/analysisflags/flags.s
src.cmd.vendor.golang.org.x.tools.go.analysis.internal.analysisflags	src/cmd/vendor/golang.org/x/tools/go/analysis/internal/analysisflags/help.s
src.cmd.vendor.golang.org.x.tools.go.analysis.passes.appends	src/cmd/vendor/golang.org/x/tools/go/analysis/passes/appends/appends.s
src.cmd.vendor.golang.org.x.tools.go.analysis.passes.appends	src/cmd/vendor/golang.org/x/tools/go/analysis/passes/appends/doc.s
src.cmd.vendor.golang.org.x.tools.go.analysis.passes.asmdecl	src/cmd/vendor/golang.org/x/tools/go/analysis/passes/asmdecl/asmdecl.s
src.cmd.vendor.golang.org.x.tools.go.analysis.passes.assign	src/cmd/vendor/golang.org/x/tools/go/analysis/passes/assign/assign.s
src.cmd.vendor.golang.org.x.tools.go.analysis.passes.assign	src/cmd/vendor/golang.org/x/tools/go/analysis/passes/assign/doc.s
src.cmd.vendor.golang.org.x.tools.go.analysis.passes.atomic	src/cmd/vendor/golang.org/x/tools/go/analysis/passes/atomic/atomic.s
src.cmd.vendor.golang.org.x.tools.go.analysis.passes.atomic	src/cmd/vendor/golang.org/x/tools/go/analysis/passes/atomic/doc.s
src.cmd.vendor.golang.org.x.tools.go.analysis.passes.bools	src/cmd/vendor/golang.org/x/tools/go/analysis/passes/bools/bools.s
src.cmd.vendor.golang.org.x.tools.go.analysis.passes.buildtag	src/cmd/vendor/golang.org/x/tools/go/analysis/passes/buildtag/buildtag.s
src.cmd.vendor.golang.org.x.tools.go.analysis.passes.cgocall	src/cmd/vendor/golang.org/x/tools/go/analysis/passes/cgocall/cgocall.s
src.cmd.vendor.golang.org.x.tools.go.analysis.passes.cgocall	src/cmd/vendor/golang.org/x/tools/go/analysis/passes/cgocall/cgocall_go120.s
src.cmd.vendor.golang.org.x.tools.go.analysis.passes.cgocall	src/cmd/vendor/golang.org/x/tools/go/analysis/passes/cgocall/cgocall_go121.s
src.cmd.vendor.golang.org.x.tools.go.analysis.passes.composite	src/cmd/vendor/golang.org/x/tools/go/analysis/passes/composite/composite.s
src.cmd.vendor.golang.org.x.tools.go.analysis.passes.composite	src/cmd/vendor/golang.org/x/tools/go/analysis/passes/composite/whitelist.s
src.cmd.vendor.golang.org.x.tools.go.analysis.passes.copylock	src/cmd/vendor/golang.org/x/tools/go/analysis/passes/copylock/copylock.s
src.cmd.vendor.golang.org.x.tools.go.analysis.passes.ctrlflow	src/cmd/vendor/golang.org/x/tools/go/analysis/passes/ctrlflow/ctrlflow.s
src.cmd.vendor.golang.org.x.tools.go.analysis.passes.defers	src/cmd/vendor/golang.org/x/tools/go/analysis/passes/defers/defers.s
src.cmd.vendor.golang.org.x.tools.go.analysis.passes.defers	src/cmd/vendor/golang.org/x/tools/go/analysis/passes/defers/doc.s
src.cmd.vendor.golang.org.x.tools.go.analysis.passes.directive	src/cmd/vendor/golang.org/x/tools/go/analysis/passes/directive/directive.s
src.cmd.vendor.golang.org.x.tools.go.analysis.passes.errorsas	src/cmd/vendor/golang.org/x/tools/go/analysis/passes/errorsas/errorsas.s
src.cmd.vendor.golang.org.x.tools.go.analysis.passes.framepointer	src/cmd/vendor/golang.org/x/tools/go/analysis/passes/framepointer/framepointer.s
src.cmd.vendor.golang.org.x.tools.go.analysis.passes.hostport	src/cmd/vendor/golang.org/x/tools/go/analysis/passes/hostport/hostport.s
src.cmd.vendor.golang.org.x.tools.go.analysis.passes.httpresponse	src/cmd/vendor/golang.org/x/tools/go/analysis/passes/httpresponse/httpresponse.s
src.cmd.vendor.golang.org.x.tools.go.analysis.passes.ifaceassert	src/cmd/vendor/golang.org/x/tools/go/analysis/passes/ifaceassert/doc.s
src.cmd.vendor.golang.org.x.tools.go.analysis.passes.ifaceassert	src/cmd/vendor/golang.org/x/tools/go/analysis/passes/ifaceassert/ifaceassert.s
src.cmd.vendor.golang.org.x.tools.go.analysis.passes.inline	src/cmd/vendor/golang.org/x/tools/go/analysis/passes/inline/doc.s
src.cmd.vendor.golang.org.x.tools.go.analysis.passes.inline	src/cmd/vendor/golang.org/x/tools/go/analysis/passes/inline/inline.s
src.cmd.vendor.golang.org.x.tools.go.analysis.passes.inspect	src/cmd/vendor/golang.org/x/tools/go/analysis/passes/inspect/inspect.s
src.cmd.vendor.golang.org.x.tools.go.analysis.passes.internal.gofixdirective	src/cmd/vendor/golang.org/x/tools/go/analysis/passes/internal/gofixdirective/gofixdirective.s
src.cmd.vendor.golang.org.x.tools.go.analysis.passes.loopclosure	src/cmd/vendor/golang.org/x/tools/go/analysis/passes/loopclosure/doc.s
src.cmd.vendor.golang.org.x.tools.go.analysis.passes.loopclosure	src/cmd/vendor/golang.org/x/tools/go/analysis/passes/loopclosure/loopclosure.s
src.cmd.vendor.golang.org.x.tools.go.analysis.passes.lostcancel	src/cmd/vendor/golang.org/x/tools/go/analysis/passes/lostcancel/doc.s
src.cmd.vendor.golang.org.x.tools.go.analysis.passes.lostcancel	src/cmd/vendor/golang.org/x/tools/go/analysis/passes/lostcancel/lostcancel.s
src.cmd.vendor.golang.org.x.tools.go.analysis.passes.modernize	src/cmd/vendor/golang.org/x/tools/go/analysis/passes/modernize/any.s
src.cmd.vendor.golang.org.x.tools.go.analysis.passes.modernize	src/cmd/vendor/golang.org/x/tools/go/analysis/passes/modernize/atomictypes.s
src.cmd.vendor.golang.org.x.tools.go.analysis.passes.modernize	src/cmd/vendor/golang.org/x/tools/go/analysis/passes/modernize/bloop.s
src.cmd.vendor.golang.org.x.tools.go.analysis.passes.modernize	src/cmd/vendor/golang.org/x/tools/go/analysis/passes/modernize/doc.s
src.cmd.vendor.golang.org.x.tools.go.analysis.passes.modernize	src/cmd/vendor/golang.org/x/tools/go/analysis/passes/modernize/errorsastype.s
src.cmd.vendor.golang.org.x.tools.go.analysis.passes.modernize	src/cmd/vendor/golang.org/x/tools/go/analysis/passes/modernize/fmtappendf.s
src.cmd.vendor.golang.org.x.tools.go.analysis.passes.modernize	src/cmd/vendor/golang.org/x/tools/go/analysis/passes/modernize/forvar.s
src.cmd.vendor.golang.org.x.tools.go.analysis.passes.modernize	src/cmd/vendor/golang.org/x/tools/go/analysis/passes/modernize/maps.s
src.cmd.vendor.golang.org.x.tools.go.analysis.passes.modernize	src/cmd/vendor/golang.org/x/tools/go/analysis/passes/modernize/minmax.s
src.cmd.vendor.golang.org.x.tools.go.analysis.passes.modernize	src/cmd/vendor/golang.org/x/tools/go/analysis/passes/modernize/modernize.s
src.cmd.vendor.golang.org.x.tools.go.analysis.passes.modernize	src/cmd/vendor/golang.org/x/tools/go/analysis/passes/modernize/newexpr.s
src.cmd.vendor.golang.org.x.tools.go.analysis.passes.modernize	src/cmd/vendor/golang.org/x/tools/go/analysis/passes/modernize/omitzero.s
src.cmd.vendor.golang.org.x.tools.go.analysis.passes.modernize	src/cmd/vendor/golang.org/x/tools/go/analysis/passes/modernize/plusbuild.s
src.cmd.vendor.golang.org.x.tools.go.analysis.passes.modernize	src/cmd/vendor/golang.org/x/tools/go/analysis/passes/modernize/rangeint.s
src.cmd.vendor.golang.org.x.tools.go.analysis.passes.modernize	src/cmd/vendor/golang.org/x/tools/go/analysis/passes/modernize/reflect.s
src.cmd.vendor.golang.org.x.tools.go.analysis.passes.modernize	src/cmd/vendor/golang.org/x/tools/go/analysis/passes/modernize/slices.s
src.cmd.vendor.golang.org.x.tools.go.analysis.passes.modernize	src/cmd/vendor/golang.org/x/tools/go/analysis/passes/modernize/slicesbackward.s
src.cmd.vendor.golang.org.x.tools.go.analysis.passes.modernize	src/cmd/vendor/golang.org/x/tools/go/analysis/passes/modernize/slicescontains.s
src.cmd.vendor.golang.org.x.tools.go.analysis.passes.modernize	src/cmd/vendor/golang.org/x/tools/go/analysis/passes/modernize/slicesdelete.s
src.cmd.vendor.golang.org.x.tools.go.analysis.passes.modernize	src/cmd/vendor/golang.org/x/tools/go/analysis/passes/modernize/sortslice.s
src.cmd.vendor.golang.org.x.tools.go.analysis.passes.modernize	src/cmd/vendor/golang.org/x/tools/go/analysis/passes/modernize/stditerators.s
src.cmd.vendor.golang.org.x.tools.go.analysis.passes.modernize	src/cmd/vendor/golang.org/x/tools/go/analysis/passes/modernize/stringsbuilder.s
src.cmd.vendor.golang.org.x.tools.go.analysis.passes.modernize	src/cmd/vendor/golang.org/x/tools/go/analysis/passes/modernize/stringscut.s
src.cmd.vendor.golang.org.x.tools.go.analysis.passes.modernize	src/cmd/vendor/golang.org/x/tools/go/analysis/passes/modernize/stringscutprefix.s
src.cmd.vendor.golang.org.x.tools.go.analysis.passes.modernize	src/cmd/vendor/golang.org/x/tools/go/analysis/passes/modernize/stringsseq.s
src.cmd.vendor.golang.org.x.tools.go.analysis.passes.modernize	src/cmd/vendor/golang.org/x/tools/go/analysis/passes/modernize/testingcontext.s
src.cmd.vendor.golang.org.x.tools.go.analysis.passes.modernize	src/cmd/vendor/golang.org/x/tools/go/analysis/passes/modernize/unsafefuncs.s
src.cmd.vendor.golang.org.x.tools.go.analysis.passes.modernize	src/cmd/vendor/golang.org/x/tools/go/analysis/passes/modernize/waitgroupgo.s
src.cmd.vendor.golang.org.x.tools.go.analysis.passes.nilfunc	src/cmd/vendor/golang.org/x/tools/go/analysis/passes/nilfunc/doc.s
src.cmd.vendor.golang.org.x.tools.go.analysis.passes.nilfunc	src/cmd/vendor/golang.org/x/tools/go/analysis/passes/nilfunc/nilfunc.s
src.cmd.vendor.golang.org.x.tools.go.analysis.passes.printf	src/cmd/vendor/golang.org/x/tools/go/analysis/passes/printf/doc.s
src.cmd.vendor.golang.org.x.tools.go.analysis.passes.printf	src/cmd/vendor/golang.org/x/tools/go/analysis/passes/printf/printf.s
src.cmd.vendor.golang.org.x.tools.go.analysis.passes.printf	src/cmd/vendor/golang.org/x/tools/go/analysis/passes/printf/types.s
src.cmd.vendor.golang.org.x.tools.go.analysis.passes.shift	src/cmd/vendor/golang.org/x/tools/go/analysis/passes/shift/dead.s
src.cmd.vendor.golang.org.x.tools.go.analysis.passes.shift	src/cmd/vendor/golang.org/x/tools/go/analysis/passes/shift/shift.s
src.cmd.vendor.golang.org.x.tools.go.analysis.passes.sigchanyzer	src/cmd/vendor/golang.org/x/tools/go/analysis/passes/sigchanyzer/doc.s
src.cmd.vendor.golang.org.x.tools.go.analysis.passes.sigchanyzer	src/cmd/vendor/golang.org/x/tools/go/analysis/passes/sigchanyzer/sigchanyzer.s
src.cmd.vendor.golang.org.x.tools.go.analysis.passes.slog	src/cmd/vendor/golang.org/x/tools/go/analysis/passes/slog/doc.s
src.cmd.vendor.golang.org.x.tools.go.analysis.passes.slog	src/cmd/vendor/golang.org/x/tools/go/analysis/passes/slog/slog.s
src.cmd.vendor.golang.org.x.tools.go.analysis.passes.stdmethods	src/cmd/vendor/golang.org/x/tools/go/analysis/passes/stdmethods/doc.s
src.cmd.vendor.golang.org.x.tools.go.analysis.passes.stdmethods	src/cmd/vendor/golang.org/x/tools/go/analysis/passes/stdmethods/stdmethods.s
src.cmd.vendor.golang.org.x.tools.go.analysis.passes.stdversion	src/cmd/vendor/golang.org/x/tools/go/analysis/passes/stdversion/stdversion.s
src.cmd.vendor.golang.org.x.tools.go.analysis.passes.stringintconv	src/cmd/vendor/golang.org/x/tools/go/analysis/passes/stringintconv/doc.s
src.cmd.vendor.golang.org.x.tools.go.analysis.passes.stringintconv	src/cmd/vendor/golang.org/x/tools/go/analysis/passes/stringintconv/string.s
src.cmd.vendor.golang.org.x.tools.go.analysis.passes.structtag	src/cmd/vendor/golang.org/x/tools/go/analysis/passes/structtag/structtag.s
src.cmd.vendor.golang.org.x.tools.go.analysis.passes.testingsroutine	src/cmd/vendor/golang.org/x/tools/go/analysis/passes/testingsroutine/doc.s
src.cmd.vendor.golang.org.x.tools.go.analysis.passes.testingsroutine	src/cmd/vendor/golang.org/x/tools/go/analysis/passes/testingsroutine/testingsroutine.s
src.cmd.vendor.golang.org.x.tools.go.analysis.passes.testingsroutine	src/cmd/vendor/golang.org/x/tools/go/analysis/passes/testingsroutine/util.s
src.cmd.vendor.golang.org.x.tools.go.analysis.passes.tests	src/cmd/vendor/golang.org/x/tools/go/analysis/passes/tests/doc.s
src.cmd.vendor.golang.org.x.tools.go.analysis.passes.tests	src/cmd/vendor/golang.org/x/tools/go/analysis/passes/tests/tests.s
src.cmd.vendor.golang.org.x.tools.go.analysis.passes.timeformat	src/cmd/vendor/golang.org/x/tools/go/analysis/passes/timeformat/doc.s
src.cmd.vendor.golang.org.x.tools.go.analysis.passes.timeformat	src/cmd/vendor/golang.org/x/tools/go/analysis/passes/timeformat/timeformat.s
src.cmd.vendor.golang.org.x.tools.go.analysis.passes.unmarshal	src/cmd/vendor/golang.org/x/tools/go/analysis/passes/unmarshal/doc.s
src.cmd.vendor.golang.org.x.tools.go.analysis.passes.unmarshal	src/cmd/vendor/golang.org/x/tools/go/analysis/passes/unmarshal/unmarshal.s
src.cmd.vendor.golang.org.x.tools.go.analysis.passes.unreachable	src/cmd/vendor/golang.org/x/tools/go/analysis/passes/unreachable/doc.s
src.cmd.vendor.golang.org.x.tools.go.analysis.passes.unreachable	src/cmd/vendor/golang.org/x/tools/go/analysis/passes/unreachable/unreachable.s
src.cmd.vendor.golang.org.x.tools.go.analysis.passes.unsafeptr	src/cmd/vendor/golang.org/x/tools/go/analysis/passes/unsafeptr/doc.s
src.cmd.vendor.golang.org.x.tools.go.analysis.passes.unsafeptr	src/cmd/vendor/golang.org/x/tools/go/analysis/passes/unsafeptr/unsafeptr.s
src.cmd.vendor.golang.org.x.tools.go.analysis.passes.unusedresult	src/cmd/vendor/golang.org/x/tools/go/analysis/passes/unusedresult/doc.s
src.cmd.vendor.golang.org.x.tools.go.analysis.passes.unusedresult	src/cmd/vendor/golang.org/x/tools/go/analysis/passes/unusedresult/unusedresult.s
src.cmd.vendor.golang.org.x.tools.go.analysis.passes.waitgroup	src/cmd/vendor/golang.org/x/tools/go/analysis/passes/waitgroup/doc.s
src.cmd.vendor.golang.org.x.tools.go.analysis.passes.waitgroup	src/cmd/vendor/golang.org/x/tools/go/analysis/passes/waitgroup/waitgroup.s
src.cmd.vendor.golang.org.x.tools.go.analysis.unitchecker	src/cmd/vendor/golang.org/x/tools/go/analysis/unitchecker/unitchecker.s
src.cmd.vendor.golang.org.x.tools.go.ast.astutil	src/cmd/vendor/golang.org/x/tools/go/ast/astutil/enclosing.s
src.cmd.vendor.golang.org.x.tools.go.ast.astutil	src/cmd/vendor/golang.org/x/tools/go/ast/astutil/imports.s
src.cmd.vendor.golang.org.x.tools.go.ast.astutil	src/cmd/vendor/golang.org/x/tools/go/ast/astutil/rewrite.s
src.cmd.vendor.golang.org.x.tools.go.ast.astutil	src/cmd/vendor/golang.org/x/tools/go/ast/astutil/util.s
src.cmd.vendor.golang.org.x.tools.go.ast.edge	src/cmd/vendor/golang.org/x/tools/go/ast/edge/edge.s
src.cmd.vendor.golang.org.x.tools.go.ast.inspector	src/cmd/vendor/golang.org/x/tools/go/ast/inspector/cursor.s
src.cmd.vendor.golang.org.x.tools.go.ast.inspector	src/cmd/vendor/golang.org/x/tools/go/ast/inspector/inspector.s
src.cmd.vendor.golang.org.x.tools.go.ast.inspector	src/cmd/vendor/golang.org/x/tools/go/ast/inspector/iter.s
src.cmd.vendor.golang.org.x.tools.go.ast.inspector	src/cmd/vendor/golang.org/x/tools/go/ast/inspector/typeof.s
src.cmd.vendor.golang.org.x.tools.go.ast.inspector	src/cmd/vendor/golang.org/x/tools/go/ast/inspector/walk.s
src.cmd.vendor.golang.org.x.tools.go.cfg	src/cmd/vendor/golang.org/x/tools/go/cfg/builder.s
src.cmd.vendor.golang.org.x.tools.go.cfg	src/cmd/vendor/golang.org/x/tools/go/cfg/cfg.s
src.cmd.vendor.golang.org.x.tools.go.types.objectpath	src/cmd/vendor/golang.org/x/tools/go/types/objectpath/objectpath.s
src.cmd.vendor.golang.org.x.tools.go.types.typeutil	src/cmd/vendor/golang.org/x/tools/go/types/typeutil/callee.s
src.cmd.vendor.golang.org.x.tools.go.types.typeutil	src/cmd/vendor/golang.org/x/tools/go/types/typeutil/imports.s
src.cmd.vendor.golang.org.x.tools.go.types.typeutil	src/cmd/vendor/golang.org/x/tools/go/types/typeutil/map.s
src.cmd.vendor.golang.org.x.tools.go.types.typeutil	src/cmd/vendor/golang.org/x/tools/go/types/typeutil/methodsetcache.s
src.cmd.vendor.golang.org.x.tools.go.types.typeutil	src/cmd/vendor/golang.org/x/tools/go/types/typeutil/ui.s
src.cmd.vendor.golang.org.x.tools.internal.analysis.analyzerutil	src/cmd/vendor/golang.org/x/tools/internal/analysis/analyzerutil/doc.s
src.cmd.vendor.golang.org.x.tools.internal.analysis.analyzerutil	src/cmd/vendor/golang.org/x/tools/internal/analysis/analyzerutil/extractdoc.s
src.cmd.vendor.golang.org.x.tools.internal.analysis.analyzerutil	src/cmd/vendor/golang.org/x/tools/internal/analysis/analyzerutil/readfile.s
src.cmd.vendor.golang.org.x.tools.internal.analysis.analyzerutil	src/cmd/vendor/golang.org/x/tools/internal/analysis/analyzerutil/version.s
src.cmd.vendor.golang.org.x.tools.internal.analysis.driverutil	src/cmd/vendor/golang.org/x/tools/internal/analysis/driverutil/fix.s
src.cmd.vendor.golang.org.x.tools.internal.analysis.driverutil	src/cmd/vendor/golang.org/x/tools/internal/analysis/driverutil/print.s
src.cmd.vendor.golang.org.x.tools.internal.analysis.driverutil	src/cmd/vendor/golang.org/x/tools/internal/analysis/driverutil/readfile.s
src.cmd.vendor.golang.org.x.tools.internal.analysis.driverutil	src/cmd/vendor/golang.org/x/tools/internal/analysis/driverutil/url.s
src.cmd.vendor.golang.org.x.tools.internal.analysis.driverutil	src/cmd/vendor/golang.org/x/tools/internal/analysis/driverutil/validatefix.s
src.cmd.vendor.golang.org.x.tools.internal.analysis.typeindex	src/cmd/vendor/golang.org/x/tools/internal/analysis/typeindex/typeindex.s
src.cmd.vendor.golang.org.x.tools.internal.astutil	src/cmd/vendor/golang.org/x/tools/internal/astutil/clone.s
src.cmd.vendor.golang.org.x.tools.internal.astutil	src/cmd/vendor/golang.org/x/tools/internal/astutil/comment.s
src.cmd.vendor.golang.org.x.tools.internal.astutil	src/cmd/vendor/golang.org/x/tools/internal/astutil/equal.s
src.cmd.vendor.golang.org.x.tools.internal.astutil	src/cmd/vendor/golang.org/x/tools/internal/astutil/fields.s
src.cmd.vendor.golang.org.x.tools.internal.astutil	src/cmd/vendor/golang.org/x/tools/internal/astutil/purge.s
src.cmd.vendor.golang.org.x.tools.internal.astutil	src/cmd/vendor/golang.org/x/tools/internal/astutil/stringlit.s
src.cmd.vendor.golang.org.x.tools.internal.astutil	src/cmd/vendor/golang.org/x/tools/internal/astutil/unpack.s
src.cmd.vendor.golang.org.x.tools.internal.astutil	src/cmd/vendor/golang.org/x/tools/internal/astutil/util.s
src.cmd.vendor.golang.org.x.tools.internal.astutil.free	src/cmd/vendor/golang.org/x/tools/internal/astutil/free/free.s
src.cmd.vendor.golang.org.x.tools.internal.bisect	src/cmd/vendor/golang.org/x/tools/internal/bisect/bisect.s
src.cmd.vendor.golang.org.x.tools.internal.diff	src/cmd/vendor/golang.org/x/tools/internal/diff/diff.s
src.cmd.vendor.golang.org.x.tools.internal.diff	src/cmd/vendor/golang.org/x/tools/internal/diff/merge.s
src.cmd.vendor.golang.org.x.tools.internal.diff	src/cmd/vendor/golang.org/x/tools/internal/diff/ndiff.s
src.cmd.vendor.golang.org.x.tools.internal.diff	src/cmd/vendor/golang.org/x/tools/internal/diff/unified.s
src.cmd.vendor.golang.org.x.tools.internal.diff.lcs	src/cmd/vendor/golang.org/x/tools/internal/diff/lcs/common.s
src.cmd.vendor.golang.org.x.tools.internal.diff.lcs	src/cmd/vendor/golang.org/x/tools/internal/diff/lcs/doc.s
src.cmd.vendor.golang.org.x.tools.internal.diff.lcs	src/cmd/vendor/golang.org/x/tools/internal/diff/lcs/labels.s
src.cmd.vendor.golang.org.x.tools.internal.diff.lcs	src/cmd/vendor/golang.org/x/tools/internal/diff/lcs/old.s
src.cmd.vendor.golang.org.x.tools.internal.diff.lcs	src/cmd/vendor/golang.org/x/tools/internal/diff/lcs/sequence.s
src.cmd.vendor.golang.org.x.tools.internal.facts	src/cmd/vendor/golang.org/x/tools/internal/facts/facts.s
src.cmd.vendor.golang.org.x.tools.internal.facts	src/cmd/vendor/golang.org/x/tools/internal/facts/imports.s
src.cmd.vendor.golang.org.x.tools.internal.fmtstr	src/cmd/vendor/golang.org/x/tools/internal/fmtstr/parse.s
src.cmd.vendor.golang.org.x.tools.internal.goplsexport	src/cmd/vendor/golang.org/x/tools/internal/goplsexport/export.s
src.cmd.vendor.golang.org.x.tools.internal.moreiters	src/cmd/vendor/golang.org/x/tools/internal/moreiters/iters.s
src.cmd.vendor.golang.org.x.tools.internal.packagepath	src/cmd/vendor/golang.org/x/tools/internal/packagepath/packagepath.s
src.cmd.vendor.golang.org.x.tools.internal.refactor	src/cmd/vendor/golang.org/x/tools/internal/refactor/delete.s
src.cmd.vendor.golang.org.x.tools.internal.refactor	src/cmd/vendor/golang.org/x/tools/internal/refactor/edit.s
src.cmd.vendor.golang.org.x.tools.internal.refactor	src/cmd/vendor/golang.org/x/tools/internal/refactor/imports.s
src.cmd.vendor.golang.org.x.tools.internal.refactor	src/cmd/vendor/golang.org/x/tools/internal/refactor/refactor.s
src.cmd.vendor.golang.org.x.tools.internal.refactor.inline	src/cmd/vendor/golang.org/x/tools/internal/refactor/inline/callee.s
src.cmd.vendor.golang.org.x.tools.internal.refactor.inline	src/cmd/vendor/golang.org/x/tools/internal/refactor/inline/calleefx.s
src.cmd.vendor.golang.org.x.tools.internal.refactor.inline	src/cmd/vendor/golang.org/x/tools/internal/refactor/inline/doc.s
src.cmd.vendor.golang.org.x.tools.internal.refactor.inline	src/cmd/vendor/golang.org/x/tools/internal/refactor/inline/escape.s
src.cmd.vendor.golang.org.x.tools.internal.refactor.inline	src/cmd/vendor/golang.org/x/tools/internal/refactor/inline/falcon.s
src.cmd.vendor.golang.org.x.tools.internal.refactor.inline	src/cmd/vendor/golang.org/x/tools/internal/refactor/inline/inline.s
src.cmd.vendor.golang.org.x.tools.internal.refactor.inline	src/cmd/vendor/golang.org/x/tools/internal/refactor/inline/util.s
src.cmd.vendor.golang.org.x.tools.internal.stdlib	src/cmd/vendor/golang.org/x/tools/internal/stdlib/deps.s
src.cmd.vendor.golang.org.x.tools.internal.stdlib	src/cmd/vendor/golang.org/x/tools/internal/stdlib/import.s
src.cmd.vendor.golang.org.x.tools.internal.stdlib	src/cmd/vendor/golang.org/x/tools/internal/stdlib/manifest.s
src.cmd.vendor.golang.org.x.tools.internal.stdlib	src/cmd/vendor/golang.org/x/tools/internal/stdlib/stdlib.s
src.cmd.vendor.golang.org.x.tools.internal.typeparams	src/cmd/vendor/golang.org/x/tools/internal/typeparams/common.s
src.cmd.vendor.golang.org.x.tools.internal.typeparams	src/cmd/vendor/golang.org/x/tools/internal/typeparams/coretype.s
src.cmd.vendor.golang.org.x.tools.internal.typeparams	src/cmd/vendor/golang.org/x/tools/internal/typeparams/free.s
src.cmd.vendor.golang.org.x.tools.internal.typeparams	src/cmd/vendor/golang.org/x/tools/internal/typeparams/normalize.s
src.cmd.vendor.golang.org.x.tools.internal.typeparams	src/cmd/vendor/golang.org/x/tools/internal/typeparams/termlist.s
src.cmd.vendor.golang.org.x.tools.internal.typeparams	src/cmd/vendor/golang.org/x/tools/internal/typeparams/typeterm.s
src.cmd.vendor.golang.org.x.tools.internal.typesinternal	src/cmd/vendor/golang.org/x/tools/internal/typesinternal/classify_call.s
src.cmd.vendor.golang.org.x.tools.internal.typesinternal	src/cmd/vendor/golang.org/x/tools/internal/typesinternal/element.s
src.cmd.vendor.golang.org.x.tools.internal.typesinternal	src/cmd/vendor/golang.org/x/tools/internal/typesinternal/errorcode.s
src.cmd.vendor.golang.org.x.tools.internal.typesinternal	src/cmd/vendor/golang.org/x/tools/internal/typesinternal/errorcode_string.s
src.cmd.vendor.golang.org.x.tools.internal.typesinternal	src/cmd/vendor/golang.org/x/tools/internal/typesinternal/fx.s
src.cmd.vendor.golang.org.x.tools.internal.typesinternal	src/cmd/vendor/golang.org/x/tools/internal/typesinternal/isnamed.s
src.cmd.vendor.golang.org.x.tools.internal.typesinternal	src/cmd/vendor/golang.org/x/tools/internal/typesinternal/qualifier.s
src.cmd.vendor.golang.org.x.tools.internal.typesinternal	src/cmd/vendor/golang.org/x/tools/internal/typesinternal/recv.s
src.cmd.vendor.golang.org.x.tools.internal.typesinternal	src/cmd/vendor/golang.org/x/tools/internal/typesinternal/toonew.s
src.cmd.vendor.golang.org.x.tools.internal.typesinternal	src/cmd/vendor/golang.org/x/tools/internal/typesinternal/types.s
src.cmd.vendor.golang.org.x.tools.internal.typesinternal	src/cmd/vendor/golang.org/x/tools/internal/typesinternal/varkind.s
src.cmd.vendor.golang.org.x.tools.internal.typesinternal	src/cmd/vendor/golang.org/x/tools/internal/typesinternal/varkind_go124.s
src.cmd.vendor.golang.org.x.tools.internal.typesinternal	src/cmd/vendor/golang.org/x/tools/internal/typesinternal/zerovalue.s
src.cmd.vendor.golang.org.x.tools.internal.typesinternal.typeindex	src/cmd/vendor/golang.org/x/tools/internal/typesinternal/typeindex/typeindex.s
src.cmd.vendor.golang.org.x.tools.internal.versions	src/cmd/vendor/golang.org/x/tools/internal/versions/features.s
src.cmd.vendor.golang.org.x.tools.internal.versions	src/cmd/vendor/golang.org/x/tools/internal/versions/gover.s
src.cmd.vendor.golang.org.x.tools.internal.versions	src/cmd/vendor/golang.org/x/tools/internal/versions/types.s
src.cmd.vendor.golang.org.x.tools.internal.versions	src/cmd/vendor/golang.org/x/tools/internal/versions/versions.s
src.cmd.vendor.golang.org.x.tools.refactor.satisfy	src/cmd/vendor/golang.org/x/tools/refactor/satisfy/find.s
src.cmd.vendor.rsc.io.markdown	src/cmd/vendor/rsc.io/markdown/break.s
src.cmd.vendor.rsc.io.markdown	src/cmd/vendor/rsc.io/markdown/code.s
src.cmd.vendor.rsc.io.markdown	src/cmd/vendor/rsc.io/markdown/emoji.s
src.cmd.vendor.rsc.io.markdown	src/cmd/vendor/rsc.io/markdown/entity.s
src.cmd.vendor.rsc.io.markdown	src/cmd/vendor/rsc.io/markdown/heading.s
src.cmd.vendor.rsc.io.markdown	src/cmd/vendor/rsc.io/markdown/html.s
src.cmd.vendor.rsc.io.markdown	src/cmd/vendor/rsc.io/markdown/inline.s
src.cmd.vendor.rsc.io.markdown	src/cmd/vendor/rsc.io/markdown/link.s
src.cmd.vendor.rsc.io.markdown	src/cmd/vendor/rsc.io/markdown/list.s
src.cmd.vendor.rsc.io.markdown	src/cmd/vendor/rsc.io/markdown/para.s
src.cmd.vendor.rsc.io.markdown	src/cmd/vendor/rsc.io/markdown/parse.s
src.cmd.vendor.rsc.io.markdown	src/cmd/vendor/rsc.io/markdown/quote.s
src.cmd.vendor.rsc.io.markdown	src/cmd/vendor/rsc.io/markdown/table.s
src.cmd.vendor.rsc.io.markdown	src/cmd/vendor/rsc.io/markdown/tables.s
src.cmd.vet	src/cmd/vet/doc.s
src.cmd.vet	src/cmd/vet/main.s
src.cmd.vet.testdata.appends	src/cmd/vet/testdata/appends/appends.s
src.cmd.vet.testdata.asm	src/cmd/vet/testdata/asm/asm.s
src.cmd.vet.testdata.assign	src/cmd/vet/testdata/assign/assign.s
src.cmd.vet.testdata.atomic	src/cmd/vet/testdata/atomic/atomic.s
src.cmd.vet.testdata.bool	src/cmd/vet/testdata/bool/bool.s
src.cmd.vet.testdata.buildtag	src/cmd/vet/testdata/buildtag/buildtag.s
src.cmd.vet.testdata.buildtag	src/cmd/vet/testdata/buildtag/buildtag2.s
src.cmd.vet.testdata.buildtag	src/cmd/vet/testdata/buildtag/buildtag3.s
src.cmd.vet.testdata.buildtag	src/cmd/vet/testdata/buildtag/buildtag4.s
src.cmd.vet.testdata.buildtag	src/cmd/vet/testdata/buildtag/buildtag5.s
src.cmd.vet.testdata.cgo	src/cmd/vet/testdata/cgo/cgo.s
src.cmd.vet.testdata.composite	src/cmd/vet/testdata/composite/composite.s
src.cmd.vet.testdata.copylock	src/cmd/vet/testdata/copylock/copylock.s
src.cmd.vet.testdata.deadcode	src/cmd/vet/testdata/deadcode/deadcode.s
src.cmd.vet.testdata.directive	src/cmd/vet/testdata/directive/directive.s
src.cmd.vet.testdata.hostport	src/cmd/vet/testdata/hostport/hostport.s
src.cmd.vet.testdata.httpresponse	src/cmd/vet/testdata/httpresponse/httpresponse.s
src.cmd.vet.testdata.lostcancel	src/cmd/vet/testdata/lostcancel/lostcancel.s
src.cmd.vet.testdata.method	src/cmd/vet/testdata/method/method.s
src.cmd.vet.testdata.nilfunc	src/cmd/vet/testdata/nilfunc/nilfunc.s
src.cmd.vet.testdata.print	src/cmd/vet/testdata/print/print.s
src.cmd.vet.testdata.rangeloop	src/cmd/vet/testdata/rangeloop/rangeloop.s
src.cmd.vet.testdata.shift	src/cmd/vet/testdata/shift/shift.s
src.cmd.vet.testdata.slog	src/cmd/vet/testdata/slog/slog.s
src.cmd.vet.testdata.stdversion	src/cmd/vet/testdata/stdversion/stdversion.s
src.cmd.vet.testdata.structtag	src/cmd/vet/testdata/structtag/structtag.s
src.cmd.vet.testdata.tagtest	src/cmd/vet/testdata/tagtest/file1.s
src.cmd.vet.testdata.tagtest	src/cmd/vet/testdata/tagtest/file2.s
src.cmd.vet.testdata.testingpkg	src/cmd/vet/testdata/testingpkg/tests.s
src.cmd.vet.testdata.unmarshal	src/cmd/vet/testdata/unmarshal/unmarshal.s
src.cmd.vet.testdata.unsafeptr	src/cmd/vet/testdata/unsafeptr/unsafeptr.s
src.cmd.vet.testdata.unused	src/cmd/vet/testdata/unused/unused.s
src.cmd.vet.testdata.waitgroup	src/cmd/vet/testdata/waitgroup/waitgroup.s
src.cmp	src/cmp/cmp.s
src.compress.bzip2	src/compress/bzip2/bit_reader.s
src.compress.bzip2	src/compress/bzip2/bzip2.s
src.compress.bzip2	src/compress/bzip2/huffman.s
src.compress.bzip2	src/compress/bzip2/move_to_front.s
src.compress.flate	src/compress/flate/deflate.s
src.compress.flate	src/compress/flate/deflatefast.s
src.compress.flate	src/compress/flate/dict_decoder.s
src.compress.flate	src/compress/flate/huffman_bit_writer.s
src.compress.flate	src/compress/flate/huffman_code.s
src.compress.flate	src/compress/flate/inflate.s
src.compress.flate	src/compress/flate/level1.s
src.compress.flate	src/compress/flate/level2.s
src.compress.flate	src/compress/flate/level3.s
src.compress.flate	src/compress/flate/level4.s
src.compress.flate	src/compress/flate/level5.s
src.compress.flate	src/compress/flate/level6.s
src.compress.flate	src/compress/flate/load_store.s
src.compress.flate	src/compress/flate/regmask_amd64.s
src.compress.flate	src/compress/flate/regmask_other.s
src.compress.flate	src/compress/flate/token.s
src.compress.gzip	src/compress/gzip/gunzip.s
src.compress.gzip	src/compress/gzip/gzip.s
src.compress.lzw	src/compress/lzw/reader.s
src.compress.lzw	src/compress/lzw/writer.s
src.compress.zlib	src/compress/zlib/reader.s
src.compress.zlib	src/compress/zlib/writer.s
src.container.heap	src/container/heap/heap.s
src.container.list	src/container/list/list.s
src.container.ring	src/container/ring/ring.s
src.context	src/context/context.s
src.crypto	src/crypto/crypto.s
src.crypto.aes	src/crypto/aes/aes.s
src.crypto.boring	src/crypto/boring/boring.s
src.crypto.cipher	src/crypto/cipher/cbc.s
src.crypto.cipher	src/crypto/cipher/cfb.s
src.crypto.cipher	src/crypto/cipher/cipher.s
src.crypto.cipher	src/crypto/cipher/ctr.s
src.crypto.cipher	src/crypto/cipher/gcm.s
src.crypto.cipher	src/crypto/cipher/io.s
src.crypto.cipher	src/crypto/cipher/ofb.s
src.crypto.des	src/crypto/des/block.s
src.crypto.des	src/crypto/des/cipher.s
src.crypto.des	src/crypto/des/const.s
src.crypto.dsa	src/crypto/dsa/dsa.s
src.crypto.ecdh	src/crypto/ecdh/ecdh.s
src.crypto.ecdh	src/crypto/ecdh/nist.s
src.crypto.ecdh	src/crypto/ecdh/x25519.s
src.crypto.ecdsa	src/crypto/ecdsa/boring.s
src.crypto.ecdsa	src/crypto/ecdsa/ecdsa.s
src.crypto.ecdsa	src/crypto/ecdsa/ecdsa_legacy.s
src.crypto.ecdsa	src/crypto/ecdsa/notboring.s
src.crypto.ed25519	src/crypto/ed25519/ed25519.s
src.crypto.elliptic	src/crypto/elliptic/elliptic.s
src.crypto.elliptic	src/crypto/elliptic/nistec.s
src.crypto.elliptic	src/crypto/elliptic/params.s
src.crypto.fips140	src/crypto/fips140/enforcement.s
src.crypto.fips140	src/crypto/fips140/fips140.s
src.crypto.hkdf	src/crypto/hkdf/hkdf.s
src.crypto.hmac	src/crypto/hmac/hmac.s
src.crypto.hpke	src/crypto/hpke/aead.s
src.crypto.hpke	src/crypto/hpke/aead_fips140v1.0.s
src.crypto.hpke	src/crypto/hpke/aead_fips140v1.26.s
src.crypto.hpke	src/crypto/hpke/hpke.s
src.crypto.hpke	src/crypto/hpke/kdf.s
src.crypto.hpke	src/crypto/hpke/kem.s
src.crypto.hpke	src/crypto/hpke/pq.s
src.crypto.internal.boring	src/crypto/internal/boring/aes.s
src.crypto.internal.boring	src/crypto/internal/boring/boring.s
src.crypto.internal.boring	src/crypto/internal/boring/doc.s
src.crypto.internal.boring	src/crypto/internal/boring/ecdh.s
src.crypto.internal.boring	src/crypto/internal/boring/ecdsa.s
src.crypto.internal.boring	src/crypto/internal/boring/hmac.s
src.crypto.internal.boring	src/crypto/internal/boring/notboring.s
src.crypto.internal.boring	src/crypto/internal/boring/rand.s
src.crypto.internal.boring	src/crypto/internal/boring/rsa.s
src.crypto.internal.boring	src/crypto/internal/boring/sha.s
src.crypto.internal.boring.bbig	src/crypto/internal/boring/bbig/big.s
src.crypto.internal.boring.bcache	src/crypto/internal/boring/bcache/cache.s
src.crypto.internal.boring.sig	src/crypto/internal/boring/sig/sig.s
src.crypto.internal.boring.syso	src/crypto/internal/boring/syso/syso.s
src.crypto.internal.constanttime	src/crypto/internal/constanttime/constant_time.s
src.crypto.internal.cryptotest	src/crypto/internal/cryptotest/aead.s
src.crypto.internal.cryptotest	src/crypto/internal/cryptotest/allocations.s
src.crypto.internal.cryptotest	src/crypto/internal/cryptotest/block.s
src.crypto.internal.cryptotest	src/crypto/internal/cryptotest/blockmode.s
src.crypto.internal.cryptotest	src/crypto/internal/cryptotest/fetchmodule.s
src.crypto.internal.cryptotest	src/crypto/internal/cryptotest/fips140.s
src.crypto.internal.cryptotest	src/crypto/internal/cryptotest/hash.s
src.crypto.internal.cryptotest	src/crypto/internal/cryptotest/implementations.s
src.crypto.internal.cryptotest	src/crypto/internal/cryptotest/methods.s
src.crypto.internal.cryptotest	src/crypto/internal/cryptotest/stream.s
src.crypto.internal.entropy	src/crypto/internal/entropy/entropy.s
src.crypto.internal.entropy.v1.0.0	src/crypto/internal/entropy/v1.0.0/entropy.s
src.crypto.internal.entropy.v1.0.0	src/crypto/internal/entropy/v1.0.0/sha384.s
src.crypto.internal.fips140	src/crypto/internal/fips140/asan.s
src.crypto.internal.fips140	src/crypto/internal/fips140/boring.s
src.crypto.internal.fips140	src/crypto/internal/fips140/cast.s
src.crypto.internal.fips140	src/crypto/internal/fips140/fips140.s
src.crypto.internal.fips140	src/crypto/internal/fips140/indicator.s
src.crypto.internal.fips140	src/crypto/internal/fips140/notasan.s
src.crypto.internal.fips140	src/crypto/internal/fips140/notboring.s
src.crypto.internal.fips140	src/crypto/internal/fips140/notpurego.s
src.crypto.internal.fips140	src/crypto/internal/fips140/purego.s
src.crypto.internal.fips140.aes	src/crypto/internal/fips140/aes/aes.s
src.crypto.internal.fips140.aes	src/crypto/internal/fips140/aes/aes_asm.s
src.crypto.internal.fips140.aes	src/crypto/internal/fips140/aes/aes_generic.s
src.crypto.internal.fips140.aes	src/crypto/internal/fips140/aes/aes_noasm.s
src.crypto.internal.fips140.aes	src/crypto/internal/fips140/aes/aes_s390x.s
src.crypto.internal.fips140.aes	src/crypto/internal/fips140/aes/cast.s
src.crypto.internal.fips140.aes	src/crypto/internal/fips140/aes/cbc.s
src.crypto.internal.fips140.aes	src/crypto/internal/fips140/aes/cbc_noasm.s
src.crypto.internal.fips140.aes	src/crypto/internal/fips140/aes/cbc_ppc64x.s
src.crypto.internal.fips140.aes	src/crypto/internal/fips140/aes/cbc_s390x.s
src.crypto.internal.fips140.aes	src/crypto/internal/fips140/aes/const.s
src.crypto.internal.fips140.aes	src/crypto/internal/fips140/aes/ctr.s
src.crypto.internal.fips140.aes	src/crypto/internal/fips140/aes/ctr_arm64_gen.s
src.crypto.internal.fips140.aes	src/crypto/internal/fips140/aes/ctr_asm.s
src.crypto.internal.fips140.aes	src/crypto/internal/fips140/aes/ctr_noasm.s
src.crypto.internal.fips140.aes	src/crypto/internal/fips140/aes/ctr_s390x.s
src.crypto.internal.fips140.aes._asm.ctr	src/crypto/internal/fips140/aes/_asm/ctr/ctr_amd64_asm.s
src.crypto.internal.fips140.aes._asm.standard	src/crypto/internal/fips140/aes/_asm/standard/aes_amd64.s
src.crypto.internal.fips140.aes.gcm	src/crypto/internal/fips140/aes/gcm/cast.s
src.crypto.internal.fips140.aes.gcm	src/crypto/internal/fips140/aes/gcm/cmac.s
src.crypto.internal.fips140.aes.gcm	src/crypto/internal/fips140/aes/gcm/ctrkdf.s
src.crypto.internal.fips140.aes.gcm	src/crypto/internal/fips140/aes/gcm/gcm.s
src.crypto.internal.fips140.aes.gcm	src/crypto/internal/fips140/aes/gcm/gcm_asm.s
src.crypto.internal.fips140.aes.gcm	src/crypto/internal/fips140/aes/gcm/gcm_generic.s
src.crypto.internal.fips140.aes.gcm	src/crypto/internal/fips140/aes/gcm/gcm_noasm.s
src.crypto.internal.fips140.aes.gcm	src/crypto/internal/fips140/aes/gcm/gcm_nonces.s
src.crypto.internal.fips140.aes.gcm	src/crypto/internal/fips140/aes/gcm/gcm_ppc64x.s
src.crypto.internal.fips140.aes.gcm	src/crypto/internal/fips140/aes/gcm/gcm_s390x.s
src.crypto.internal.fips140.aes.gcm	src/crypto/internal/fips140/aes/gcm/ghash.s
src.crypto.internal.fips140.aes.gcm._asm.gcm	src/crypto/internal/fips140/aes/gcm/_asm/gcm/gcm_amd64_asm.s
src.crypto.internal.fips140.alias	src/crypto/internal/fips140/alias/alias.s
src.crypto.internal.fips140.bigmod	src/crypto/internal/fips140/bigmod/nat.s
src.crypto.internal.fips140.bigmod	src/crypto/internal/fips140/bigmod/nat_asm.s
src.crypto.internal.fips140.bigmod	src/crypto/internal/fips140/bigmod/nat_noasm.s
src.crypto.internal.fips140.bigmod	src/crypto/internal/fips140/bigmod/nat_wasm.s
src.crypto.internal.fips140.bigmod._asm	src/crypto/internal/fips140/bigmod/_asm/nat_amd64_asm.s
src.crypto.internal.fips140.check	src/crypto/internal/fips140/check/check.s
src.crypto.internal.fips140.check.checktest	src/crypto/internal/fips140/check/checktest/asm_none.s
src.crypto.internal.fips140.check.checktest	src/crypto/internal/fips140/check/checktest/asm_stub.s
src.crypto.internal.fips140.check.checktest	src/crypto/internal/fips140/check/checktest/test.s
src.crypto.internal.fips140.drbg	src/crypto/internal/fips140/drbg/cast.s
src.crypto.internal.fips140.drbg	src/crypto/internal/fips140/drbg/ctrdrbg.s
src.crypto.internal.fips140.drbg	src/crypto/internal/fips140/drbg/entropy_fips140.s
src.crypto.internal.fips140.drbg	src/crypto/internal/fips140/drbg/entropy_wasm.s
src.crypto.internal.fips140.drbg	src/crypto/internal/fips140/drbg/rand.s
src.crypto.internal.fips140.ecdh	src/crypto/internal/fips140/ecdh/cast.s
src.crypto.internal.fips140.ecdh	src/crypto/internal/fips140/ecdh/ecdh.s
src.crypto.internal.fips140.ecdsa	src/crypto/internal/fips140/ecdsa/cast.s
src.crypto.internal.fips140.ecdsa	src/crypto/internal/fips140/ecdsa/ecdsa.s
src.crypto.internal.fips140.ecdsa	src/crypto/internal/fips140/ecdsa/ecdsa_noasm.s
src.crypto.internal.fips140.ecdsa	src/crypto/internal/fips140/ecdsa/ecdsa_s390x.s
src.crypto.internal.fips140.ecdsa	src/crypto/internal/fips140/ecdsa/hmacdrbg.s
src.crypto.internal.fips140.ed25519	src/crypto/internal/fips140/ed25519/cast.s
src.crypto.internal.fips140.ed25519	src/crypto/internal/fips140/ed25519/ed25519.s
src.crypto.internal.fips140.edwards25519	src/crypto/internal/fips140/edwards25519/doc.s
src.crypto.internal.fips140.edwards25519	src/crypto/internal/fips140/edwards25519/edwards25519.s
src.crypto.internal.fips140.edwards25519	src/crypto/internal/fips140/edwards25519/scalar.s
src.crypto.internal.fips140.edwards25519	src/crypto/internal/fips140/edwards25519/scalar_fiat.s
src.crypto.internal.fips140.edwards25519	src/crypto/internal/fips140/edwards25519/scalarmult.s
src.crypto.internal.fips140.edwards25519	src/crypto/internal/fips140/edwards25519/tables.s
src.crypto.internal.fips140.edwards25519.field	src/crypto/internal/fips140/edwards25519/field/fe.s
src.crypto.internal.fips140.edwards25519.field	src/crypto/internal/fips140/edwards25519/field/fe_amd64.s
src.crypto.internal.fips140.edwards25519.field	src/crypto/internal/fips140/edwards25519/field/fe_amd64_noasm.s
src.crypto.internal.fips140.edwards25519.field	src/crypto/internal/fips140/edwards25519/field/fe_generic.s
src.crypto.internal.fips140.edwards25519.field._asm	src/crypto/internal/fips140/edwards25519/field/_asm/fe_amd64_asm.s
src.crypto.internal.fips140.hkdf	src/crypto/internal/fips140/hkdf/cast.s
src.crypto.internal.fips140.hkdf	src/crypto/internal/fips140/hkdf/hkdf.s
src.crypto.internal.fips140.hmac	src/crypto/internal/fips140/hmac/cast.s
src.crypto.internal.fips140.hmac	src/crypto/internal/fips140/hmac/hmac.s
src.crypto.internal.fips140.mldsa	src/crypto/internal/fips140/mldsa/cast.s
src.crypto.internal.fips140.mldsa	src/crypto/internal/fips140/mldsa/field.s
src.crypto.internal.fips140.mldsa	src/crypto/internal/fips140/mldsa/mldsa.s
src.crypto.internal.fips140.mldsa	src/crypto/internal/fips140/mldsa/semiexpanded.s
src.crypto.internal.fips140.mlkem	src/crypto/internal/fips140/mlkem/cast.s
src.crypto.internal.fips140.mlkem	src/crypto/internal/fips140/mlkem/field.s
src.crypto.internal.fips140.mlkem	src/crypto/internal/fips140/mlkem/generate1024.s
src.crypto.internal.fips140.mlkem	src/crypto/internal/fips140/mlkem/mlkem1024.s
src.crypto.internal.fips140.mlkem	src/crypto/internal/fips140/mlkem/mlkem768.s
src.crypto.internal.fips140.nistec	src/crypto/internal/fips140/nistec/generate.s
src.crypto.internal.fips140.nistec	src/crypto/internal/fips140/nistec/nistec.s
src.crypto.internal.fips140.nistec	src/crypto/internal/fips140/nistec/p224.s
src.crypto.internal.fips140.nistec	src/crypto/internal/fips140/nistec/p224_sqrt.s
src.crypto.internal.fips140.nistec	src/crypto/internal/fips140/nistec/p256.s
src.crypto.internal.fips140.nistec	src/crypto/internal/fips140/nistec/p256_asm.s
src.crypto.internal.fips140.nistec	src/crypto/internal/fips140/nistec/p256_ordinv.s
src.crypto.internal.fips140.nistec	src/crypto/internal/fips140/nistec/p256_ordinv_noasm.s
src.crypto.internal.fips140.nistec	src/crypto/internal/fips140/nistec/p256_table.s
src.crypto.internal.fips140.nistec	src/crypto/internal/fips140/nistec/p384.s
src.crypto.internal.fips140.nistec	src/crypto/internal/fips140/nistec/p521.s
src.crypto.internal.fips140.nistec._asm	src/crypto/internal/fips140/nistec/_asm/p256_asm.s
src.crypto.internal.fips140.nistec.fiat	src/crypto/internal/fips140/nistec/fiat/cast.s
src.crypto.internal.fips140.nistec.fiat	src/crypto/internal/fips140/nistec/fiat/generate.s
src.crypto.internal.fips140.nistec.fiat	src/crypto/internal/fips140/nistec/fiat/p224.s
src.crypto.internal.fips140.nistec.fiat	src/crypto/internal/fips140/nistec/fiat/p224_fiat64.s
src.crypto.internal.fips140.nistec.fiat	src/crypto/internal/fips140/nistec/fiat/p224_invert.s
src.crypto.internal.fips140.nistec.fiat	src/crypto/internal/fips140/nistec/fiat/p256.s
src.crypto.internal.fips140.nistec.fiat	src/crypto/internal/fips140/nistec/fiat/p256_fiat64.s
src.crypto.internal.fips140.nistec.fiat	src/crypto/internal/fips140/nistec/fiat/p256_invert.s
src.crypto.internal.fips140.nistec.fiat	src/crypto/internal/fips140/nistec/fiat/p384.s
src.crypto.internal.fips140.nistec.fiat	src/crypto/internal/fips140/nistec/fiat/p384_fiat64.s
src.crypto.internal.fips140.nistec.fiat	src/crypto/internal/fips140/nistec/fiat/p384_invert.s
src.crypto.internal.fips140.nistec.fiat	src/crypto/internal/fips140/nistec/fiat/p521.s
src.crypto.internal.fips140.nistec.fiat	src/crypto/internal/fips140/nistec/fiat/p521_fiat64.s
src.crypto.internal.fips140.nistec.fiat	src/crypto/internal/fips140/nistec/fiat/p521_invert.s
src.crypto.internal.fips140.pbkdf2	src/crypto/internal/fips140/pbkdf2/cast.s
src.crypto.internal.fips140.pbkdf2	src/crypto/internal/fips140/pbkdf2/pbkdf2.s
src.crypto.internal.fips140.rsa	src/crypto/internal/fips140/rsa/cast.s
src.crypto.internal.fips140.rsa	src/crypto/internal/fips140/rsa/keygen.s
src.crypto.internal.fips140.rsa	src/crypto/internal/fips140/rsa/pkcs1v15.s
src.crypto.internal.fips140.rsa	src/crypto/internal/fips140/rsa/pkcs1v22.s
src.crypto.internal.fips140.rsa	src/crypto/internal/fips140/rsa/rsa.s
src.crypto.internal.fips140.sha256	src/crypto/internal/fips140/sha256/cast.s
src.crypto.internal.fips140.sha256	src/crypto/internal/fips140/sha256/sha256.s
src.crypto.internal.fips140.sha256	src/crypto/internal/fips140/sha256/sha256block.s
src.crypto.internal.fips140.sha256	src/crypto/internal/fips140/sha256/sha256block_amd64.s
src.crypto.internal.fips140.sha256	src/crypto/internal/fips140/sha256/sha256block_arm64.s
src.crypto.internal.fips140.sha256	src/crypto/internal/fips140/sha256/sha256block_asm.s
src.crypto.internal.fips140.sha256	src/crypto/internal/fips140/sha256/sha256block_noasm.s
src.crypto.internal.fips140.sha256	src/crypto/internal/fips140/sha256/sha256block_ppc64x.s
src.crypto.internal.fips140.sha256	src/crypto/internal/fips140/sha256/sha256block_s390x.s
src.crypto.internal.fips140.sha256._asm	src/crypto/internal/fips140/sha256/_asm/sha256block_amd64_asm.s
src.crypto.internal.fips140.sha256._asm	src/crypto/internal/fips140/sha256/_asm/sha256block_amd64_avx2.s
src.crypto.internal.fips140.sha256._asm	src/crypto/internal/fips140/sha256/_asm/sha256block_amd64_shani.s
src.crypto.internal.fips140.sha3	src/crypto/internal/fips140/sha3/cast.s
src.crypto.internal.fips140.sha3	src/crypto/internal/fips140/sha3/hashes.s
src.crypto.internal.fips140.sha3	src/crypto/internal/fips140/sha3/keccakf.s
src.crypto.internal.fips140.sha3	src/crypto/internal/fips140/sha3/sha3.s
src.crypto.internal.fips140.sha3	src/crypto/internal/fips140/sha3/sha3_amd64.s
src.crypto.internal.fips140.sha3	src/crypto/internal/fips140/sha3/sha3_arm64.s
src.crypto.internal.fips140.sha3	src/crypto/internal/fips140/sha3/sha3_noasm.s
src.crypto.internal.fips140.sha3	src/crypto/internal/fips140/sha3/sha3_s390x.s
src.crypto.internal.fips140.sha3	src/crypto/internal/fips140/sha3/shake.s
src.crypto.internal.fips140.sha3._asm	src/crypto/internal/fips140/sha3/_asm/keccakf_amd64_asm.s
src.crypto.internal.fips140.sha512	src/crypto/internal/fips140/sha512/cast.s
src.crypto.internal.fips140.sha512	src/crypto/internal/fips140/sha512/sha512.s
src.crypto.internal.fips140.sha512	src/crypto/internal/fips140/sha512/sha512block.s
src.crypto.internal.fips140.sha512	src/crypto/internal/fips140/sha512/sha512block_amd64.s
src.crypto.internal.fips140.sha512	src/crypto/internal/fips140/sha512/sha512block_arm64.s
src.crypto.internal.fips140.sha512	src/crypto/internal/fips140/sha512/sha512block_asm.s
src.crypto.internal.fips140.sha512	src/crypto/internal/fips140/sha512/sha512block_noasm.s
src.crypto.internal.fips140.sha512	src/crypto/internal/fips140/sha512/sha512block_ppc64x.s
src.crypto.internal.fips140.sha512	src/crypto/internal/fips140/sha512/sha512block_s390x.s
src.crypto.internal.fips140.sha512._asm	src/crypto/internal/fips140/sha512/_asm/sha512block_amd64_asm.s
src.crypto.internal.fips140.ssh	src/crypto/internal/fips140/ssh/kdf.s
src.crypto.internal.fips140.subtle	src/crypto/internal/fips140/subtle/constant_time.s
src.crypto.internal.fips140.subtle	src/crypto/internal/fips140/subtle/xor.s
src.crypto.internal.fips140.subtle	src/crypto/internal/fips140/subtle/xor_asm.s
src.crypto.internal.fips140.subtle	src/crypto/internal/fips140/subtle/xor_generic.s
src.crypto.internal.fips140.subtle	src/crypto/internal/fips140/subtle/xor_loong64.s
src.crypto.internal.fips140.subtle	src/crypto/internal/fips140/subtle/xor_riscv64.s
src.crypto.internal.fips140.tls12	src/crypto/internal/fips140/tls12/cast.s
src.crypto.internal.fips140.tls12	src/crypto/internal/fips140/tls12/tls12.s
src.crypto.internal.fips140.tls13	src/crypto/internal/fips140/tls13/cast.s
src.crypto.internal.fips140.tls13	src/crypto/internal/fips140/tls13/tls13.s
src.crypto.internal.fips140cache	src/crypto/internal/fips140cache/cache.s
src.crypto.internal.fips140deps	src/crypto/internal/fips140deps/fipsdeps.s
src.crypto.internal.fips140deps.byteorder	src/crypto/internal/fips140deps/byteorder/byteorder.s
src.crypto.internal.fips140deps.cpu	src/crypto/internal/fips140deps/cpu/cpu.s
src.crypto.internal.fips140deps.godebug	src/crypto/internal/fips140deps/godebug/godebug.s
src.crypto.internal.fips140deps.time	src/crypto/internal/fips140deps/time/time.s
src.crypto.internal.fips140deps.time	src/crypto/internal/fips140deps/time/time_windows.s
src.crypto.internal.fips140hash	src/crypto/internal/fips140hash/hash.s
src.crypto.internal.fips140only	src/crypto/internal/fips140only/fips140only.s
src.crypto.internal.fips140only	src/crypto/internal/fips140only/random_fips140v1.0.s
src.crypto.internal.fips140only	src/crypto/internal/fips140only/random_fips140v1.28.s
src.crypto.internal.impl	src/crypto/internal/impl/impl.s
src.crypto.internal.rand	src/crypto/internal/rand/rand.s
src.crypto.internal.rand	src/crypto/internal/rand/rand_fips140v1.0.s
src.crypto.internal.rand	src/crypto/internal/rand/rand_fips140v1.26.s
src.crypto.internal.rand	src/crypto/internal/rand/random_fips140v1.0.s
src.crypto.internal.rand	src/crypto/internal/rand/random_fips140v1.28.s
src.crypto.internal.randutil	src/crypto/internal/randutil/randutil.s
src.crypto.internal.sysrand	src/crypto/internal/sysrand/rand.s
src.crypto.internal.sysrand	src/crypto/internal/sysrand/rand_aix.s
src.crypto.internal.sysrand	src/crypto/internal/sysrand/rand_arc4random.s
src.crypto.internal.sysrand	src/crypto/internal/sysrand/rand_getrandom.s
src.crypto.internal.sysrand	src/crypto/internal/sysrand/rand_js.s
src.crypto.internal.sysrand	src/crypto/internal/sysrand/rand_netbsd.s
src.crypto.internal.sysrand	src/crypto/internal/sysrand/rand_plan9.s
src.crypto.internal.sysrand	src/crypto/internal/sysrand/rand_wasip1.s
src.crypto.internal.sysrand	src/crypto/internal/sysrand/rand_windows.s
src.crypto.internal.sysrand.internal.seccomp	src/crypto/internal/sysrand/internal/seccomp/seccomp_linux.s
src.crypto.internal.sysrand.internal.seccomp	src/crypto/internal/sysrand/internal/seccomp/seccomp_unsupported.s
src.crypto.md5	src/crypto/md5/gen.s
src.crypto.md5	src/crypto/md5/md5.s
src.crypto.md5	src/crypto/md5/md5block.s
src.crypto.md5	src/crypto/md5/md5block_decl.s
src.crypto.md5	src/crypto/md5/md5block_generic.s
src.crypto.md5._asm	src/crypto/md5/_asm/md5block_amd64_asm.s
src.crypto.mlkem	src/crypto/mlkem/mlkem.s
src.crypto.mlkem.mlkemtest	src/crypto/mlkem/mlkemtest/mlkemtest.s
src.crypto.pbkdf2	src/crypto/pbkdf2/pbkdf2.s
src.crypto.rand	src/crypto/rand/rand.s
src.crypto.rand	src/crypto/rand/text.s
src.crypto.rand	src/crypto/rand/util.s
src.crypto.rc4	src/crypto/rc4/rc4.s
src.crypto.rsa	src/crypto/rsa/boring.s
src.crypto.rsa	src/crypto/rsa/fips.s
src.crypto.rsa	src/crypto/rsa/notboring.s
src.crypto.rsa	src/crypto/rsa/pkcs1v15.s
src.crypto.rsa	src/crypto/rsa/rsa.s
src.crypto.sha1	src/crypto/sha1/sha1.s
src.crypto.sha1	src/crypto/sha1/sha1block.s
src.crypto.sha1	src/crypto/sha1/sha1block_amd64.s
src.crypto.sha1	src/crypto/sha1/sha1block_arm64.s
src.crypto.sha1	src/crypto/sha1/sha1block_decl.s
src.crypto.sha1	src/crypto/sha1/sha1block_generic.s
src.crypto.sha1	src/crypto/sha1/sha1block_s390x.s
src.crypto.sha1._asm	src/crypto/sha1/_asm/sha1block_amd64_asm.s
src.crypto.sha1._asm	src/crypto/sha1/_asm/sha1block_amd64_shani.s
src.crypto.sha256	src/crypto/sha256/sha256.s
src.crypto.sha3	src/crypto/sha3/sha3.s
src.crypto.sha512	src/crypto/sha512/sha512.s
src.crypto.subtle	src/crypto/subtle/constant_time.s
src.crypto.subtle	src/crypto/subtle/dit.s
src.crypto.subtle	src/crypto/subtle/xor.s
src.crypto.tls	src/crypto/tls/alert.s
src.crypto.tls	src/crypto/tls/auth.s
src.crypto.tls	src/crypto/tls/cache.s
src.crypto.tls	src/crypto/tls/cipher_suites.s
src.crypto.tls	src/crypto/tls/common.s
src.crypto.tls	src/crypto/tls/common_string.s
src.crypto.tls	src/crypto/tls/conn.s
src.crypto.tls	src/crypto/tls/defaults.s
src.crypto.tls	src/crypto/tls/defaults_boring.s
src.crypto.tls	src/crypto/tls/defaults_fips140.s
src.crypto.tls	src/crypto/tls/ech.s
src.crypto.tls	src/crypto/tls/generate_cert.s
src.crypto.tls	src/crypto/tls/handshake_client.s
src.crypto.tls	src/crypto/tls/handshake_client_tls13.s
src.crypto.tls	src/crypto/tls/handshake_messages.s
src.crypto.tls	src/crypto/tls/handshake_server.s
src.crypto.tls	src/crypto/tls/handshake_server_tls13.s
src.crypto.tls	src/crypto/tls/key_agreement.s
src.crypto.tls	src/crypto/tls/key_schedule.s
src.crypto.tls	src/crypto/tls/prf.s
src.crypto.tls	src/crypto/tls/quic.s
src.crypto.tls	src/crypto/tls/ticket.s
src.crypto.tls	src/crypto/tls/tls.s
src.crypto.tls.fipsonly	src/crypto/tls/fipsonly/fipsonly.s
src.crypto.tls.internal.fips140tls	src/crypto/tls/internal/fips140tls/fipstls.s
src.crypto.x509	src/crypto/x509/cert_pool.s
src.crypto.x509	src/crypto/x509/constraints.s
src.crypto.x509	src/crypto/x509/oid.s
src.crypto.x509	src/crypto/x509/parser.s
src.crypto.x509	src/crypto/x509/pem_decrypt.s
src.crypto.x509	src/crypto/x509/pkcs1.s
src.crypto.x509	src/crypto/x509/pkcs8.s
src.crypto.x509	src/crypto/x509/root.s
src.crypto.x509	src/crypto/x509/root_aix.s
src.crypto.x509	src/crypto/x509/root_bsd.s
src.crypto.x509	src/crypto/x509/root_darwin.s
src.crypto.x509	src/crypto/x509/root_linux.s
src.crypto.x509	src/crypto/x509/root_plan9.s
src.crypto.x509	src/crypto/x509/root_solaris.s
src.crypto.x509	src/crypto/x509/root_unix.s
src.crypto.x509	src/crypto/x509/root_wasm.s
src.crypto.x509	src/crypto/x509/root_windows.s
src.crypto.x509	src/crypto/x509/sec1.s
src.crypto.x509	src/crypto/x509/verify.s
src.crypto.x509	src/crypto/x509/x509.s
src.crypto.x509	src/crypto/x509/x509_string.s
src.crypto.x509	src/crypto/x509/x509_test_import.s
src.crypto.x509.internal.macos	src/crypto/x509/internal/macos/corefoundation.s
src.crypto.x509.internal.macos	src/crypto/x509/internal/macos/security.s
src.crypto.x509.pkix	src/crypto/x509/pkix/pkix.s
src.database.sql	src/database/sql/closemu.s
src.database.sql	src/database/sql/convert.s
src.database.sql	src/database/sql/ctxutil.s
src.database.sql	src/database/sql/sql.s
src.database.sql.driver	src/database/sql/driver/driver.s
src.database.sql.driver	src/database/sql/driver/types.s
src.debug.buildinfo	src/debug/buildinfo/buildinfo.s
src.debug.buildinfo.testdata.go117	src/debug/buildinfo/testdata/go117/main.s
src.debug.dwarf	src/debug/dwarf/attr_string.s
src.debug.dwarf	src/debug/dwarf/buf.s
src.debug.dwarf	src/debug/dwarf/class_string.s
src.debug.dwarf	src/debug/dwarf/const.s
src.debug.dwarf	src/debug/dwarf/entry.s
src.debug.dwarf	src/debug/dwarf/line.s
src.debug.dwarf	src/debug/dwarf/open.s
src.debug.dwarf	src/debug/dwarf/tag_string.s
src.debug.dwarf	src/debug/dwarf/type.s
src.debug.dwarf	src/debug/dwarf/typeunit.s
src.debug.dwarf	src/debug/dwarf/unit.s
src.debug.elf	src/debug/elf/elf.s
src.debug.elf	src/debug/elf/file.s
src.debug.elf	src/debug/elf/reader.s
src.debug.gosym	src/debug/gosym/pclntab.s
src.debug.gosym	src/debug/gosym/symtab.s
src.debug.gosym.testdata	src/debug/gosym/testdata/main.s
src.debug.macho	src/debug/macho/fat.s
src.debug.macho	src/debug/macho/file.s
src.debug.macho	src/debug/macho/macho.s
src.debug.macho	src/debug/macho/reloctype.s
src.debug.macho	src/debug/macho/reloctype_string.s
src.debug.pe	src/debug/pe/file.s
src.debug.pe	src/debug/pe/pe.s
src.debug.pe	src/debug/pe/section.s
src.debug.pe	src/debug/pe/string.s
src.debug.pe	src/debug/pe/symbol.s
src.debug.plan9obj	src/debug/plan9obj/file.s
src.debug.plan9obj	src/debug/plan9obj/plan9obj.s
src.embed	src/embed/embed.s
src.encoding	src/encoding/encoding.s
src.encoding.ascii85	src/encoding/ascii85/ascii85.s
src.encoding.asn1	src/encoding/asn1/asn1.s
src.encoding.asn1	src/encoding/asn1/common.s
src.encoding.asn1	src/encoding/asn1/marshal.s
src.encoding.base32	src/encoding/base32/base32.s
src.encoding.base64	src/encoding/base64/base64.s
src.encoding.binary	src/encoding/binary/binary.s
src.encoding.binary	src/encoding/binary/native_endian_big.s
src.encoding.binary	src/encoding/binary/native_endian_little.s
src.encoding.binary	src/encoding/binary/varint.s
src.encoding.csv	src/encoding/csv/reader.s
src.encoding.csv	src/encoding/csv/writer.s
src.encoding.gob	src/encoding/gob/debug.s
src.encoding.gob	src/encoding/gob/dec_helpers.s
src.encoding.gob	src/encoding/gob/decgen.s
src.encoding.gob	src/encoding/gob/decode.s
src.encoding.gob	src/encoding/gob/decoder.s
src.encoding.gob	src/encoding/gob/doc.s
src.encoding.gob	src/encoding/gob/dump.s
src.encoding.gob	src/encoding/gob/enc_helpers.s
src.encoding.gob	src/encoding/gob/encgen.s
src.encoding.gob	src/encoding/gob/encode.s
src.encoding.gob	src/encoding/gob/encoder.s
src.encoding.gob	src/encoding/gob/error.s
src.encoding.gob	src/encoding/gob/type.s
src.encoding.hex	src/encoding/hex/hex.s
src.encoding.json	src/encoding/json/decode.s
src.encoding.json	src/encoding/json/encode.s
src.encoding.json	src/encoding/json/fold.s
src.encoding.json	src/encoding/json/indent.s
src.encoding.json	src/encoding/json/scanner.s
src.encoding.json	src/encoding/json/stream.s
src.encoding.json	src/encoding/json/tables.s
src.encoding.json	src/encoding/json/tags.s
src.encoding.json	src/encoding/json/v2_decode.s
src.encoding.json	src/encoding/json/v2_encode.s
src.encoding.json	src/encoding/json/v2_indent.s
src.encoding.json	src/encoding/json/v2_inject.s
src.encoding.json	src/encoding/json/v2_options.s
src.encoding.json	src/encoding/json/v2_scanner.s
src.encoding.json	src/encoding/json/v2_stream.s
src.encoding.json.internal	src/encoding/json/internal/internal.s
src.encoding.json.internal.jsonflags	src/encoding/json/internal/jsonflags/flags.s
src.encoding.json.internal.jsonopts	src/encoding/json/internal/jsonopts/options.s
src.encoding.json.internal.jsontest	src/encoding/json/internal/jsontest/testcase.s
src.encoding.json.internal.jsontest	src/encoding/json/internal/jsontest/testdata.s
src.encoding.json.internal.jsonwire	src/encoding/json/internal/jsonwire/decode.s
src.encoding.json.internal.jsonwire	src/encoding/json/internal/jsonwire/encode.s
src.encoding.json.internal.jsonwire	src/encoding/json/internal/jsonwire/wire.s
src.encoding.json.jsontext	src/encoding/json/jsontext/decode.s
src.encoding.json.jsontext	src/encoding/json/jsontext/doc.s
src.encoding.json.jsontext	src/encoding/json/jsontext/encode.s
src.encoding.json.jsontext	src/encoding/json/jsontext/errors.s
src.encoding.json.jsontext	src/encoding/json/jsontext/export.s
src.encoding.json.jsontext	src/encoding/json/jsontext/options.s
src.encoding.json.jsontext	src/encoding/json/jsontext/pools.s
src.encoding.json.jsontext	src/encoding/json/jsontext/quote.s
src.encoding.json.jsontext	src/encoding/json/jsontext/state.s
src.encoding.json.jsontext	src/encoding/json/jsontext/token.s
src.encoding.json.jsontext	src/encoding/json/jsontext/value.s
src.encoding.json.v2	src/encoding/json/v2/arshal.s
src.encoding.json.v2	src/encoding/json/v2/arshal_any.s
src.encoding.json.v2	src/encoding/json/v2/arshal_default.s
src.encoding.json.v2	src/encoding/json/v2/arshal_funcs.s
src.encoding.json.v2	src/encoding/json/v2/arshal_inlined.s
src.encoding.json.v2	src/encoding/json/v2/arshal_methods.s
src.encoding.json.v2	src/encoding/json/v2/arshal_time.s
src.encoding.json.v2	src/encoding/json/v2/doc.s
src.encoding.json.v2	src/encoding/json/v2/errors.s
src.encoding.json.v2	src/encoding/json/v2/fields.s
src.encoding.json.v2	src/encoding/json/v2/fold.s
src.encoding.json.v2	src/encoding/json/v2/intern.s
src.encoding.json.v2	src/encoding/json/v2/options.s
src.encoding.pem	src/encoding/pem/pem.s
src.encoding.xml	src/encoding/xml/marshal.s
src.encoding.xml	src/encoding/xml/read.s
src.encoding.xml	src/encoding/xml/typeinfo.s
src.encoding.xml	src/encoding/xml/xml.s
src.errors	src/errors/errors.s
src.errors	src/errors/join.s
src.errors	src/errors/wrap.s
src.expvar	src/expvar/expvar.s
src.flag	src/flag/flag.s
src.fmt	src/fmt/doc.s
src.fmt	src/fmt/errors.s
src.fmt	src/fmt/format.s
src.fmt	src/fmt/print.s
src.fmt	src/fmt/scan.s
src.go.ast	src/go/ast/ast.s
src.go.ast	src/go/ast/commentmap.s
src.go.ast	src/go/ast/directive.s
src.go.ast	src/go/ast/filter.s
src.go.ast	src/go/ast/import.s
src.go.ast	src/go/ast/print.s
src.go.ast	src/go/ast/resolve.s
src.go.ast	src/go/ast/scope.s
src.go.ast	src/go/ast/walk.s
src.go.constant	src/go/constant/kind_string.s
src.go.constant	src/go/constant/value.s
src.go.doc	src/go/doc/comment.s
src.go.doc	src/go/doc/doc.s
src.go.doc	src/go/doc/example.s
src.go.doc	src/go/doc/exports.s
src.go.doc	src/go/doc/filter.s
src.go.doc	src/go/doc/headscan.s
src.go.doc	src/go/doc/reader.s
src.go.doc	src/go/doc/synopsis.s
src.go.doc.comment	src/go/doc/comment/doc.s
src.go.doc.comment	src/go/doc/comment/html.s
src.go.doc.comment	src/go/doc/comment/markdown.s
src.go.doc.comment	src/go/doc/comment/parse.s
src.go.doc.comment	src/go/doc/comment/print.s
src.go.doc.comment	src/go/doc/comment/std.s
src.go.doc.comment	src/go/doc/comment/text.s
src.go.doc.testdata	src/go/doc/testdata/a0.s
src.go.doc.testdata	src/go/doc/testdata/a1.s
src.go.doc.testdata	src/go/doc/testdata/b.s
src.go.doc.testdata	src/go/doc/testdata/benchmark.s
src.go.doc.testdata	src/go/doc/testdata/blank.s
src.go.doc.testdata	src/go/doc/testdata/bugpara.s
src.go.doc.testdata	src/go/doc/testdata/c.s
src.go.doc.testdata	src/go/doc/testdata/d1.s
src.go.doc.testdata	src/go/doc/testdata/d2.s
src.go.doc.testdata	src/go/doc/testdata/e.s
src.go.doc.testdata	src/go/doc/testdata/error1.s
src.go.doc.testdata	src/go/doc/testdata/error2.s
src.go.doc.testdata	src/go/doc/testdata/example.s
src.go.doc.testdata	src/go/doc/testdata/f.s
src.go.doc.testdata	src/go/doc/testdata/g.s
src.go.doc.testdata	src/go/doc/testdata/generics.s
src.go.doc.testdata	src/go/doc/testdata/issue12839.s
src.go.doc.testdata	src/go/doc/testdata/issue13742.s
src.go.doc.testdata	src/go/doc/testdata/issue16153.s
src.go.doc.testdata	src/go/doc/testdata/issue17788.s
src.go.doc.testdata	src/go/doc/testdata/issue22856.s
src.go.doc.testdata	src/go/doc/testdata/issue62640.s
src.go.doc.testdata	src/go/doc/testdata/predeclared.s
src.go.doc.testdata	src/go/doc/testdata/testing.s
src.go.doc.testdata.examples	src/go/doc/testdata/examples/empty.s
src.go.doc.testdata.examples	src/go/doc/testdata/examples/generic_constraints.s
src.go.doc.testdata.examples	src/go/doc/testdata/examples/import_groups.s
src.go.doc.testdata.examples	src/go/doc/testdata/examples/import_groups_named.s
src.go.doc.testdata.examples	src/go/doc/testdata/examples/inspect_signature.s
src.go.doc.testdata.examples	src/go/doc/testdata/examples/iota.s
src.go.doc.testdata.examples	src/go/doc/testdata/examples/issue43658.s
src.go.doc.testdata.examples	src/go/doc/testdata/examples/major_version.s
src.go.doc.testdata.examples	src/go/doc/testdata/examples/multiple.s
src.go.doc.testdata.examples	src/go/doc/testdata/examples/shadow_predeclared.s
src.go.doc.testdata.examples	src/go/doc/testdata/examples/values.s
src.go.doc.testdata.examples	src/go/doc/testdata/examples/whole_file.s
src.go.doc.testdata.examples	src/go/doc/testdata/examples/whole_function.s
src.go.doc.testdata.examples	src/go/doc/testdata/examples/whole_function_external.s
src.go.doc.testdata.pkgdoc	src/go/doc/testdata/pkgdoc/doc.s
src.go.format	src/go/format/format.s
src.go.format	src/go/format/internal.s
src.go.importer	src/go/importer/importer.s
src.go.internal.gccgoimporter	src/go/internal/gccgoimporter/ar.s
src.go.internal.gccgoimporter	src/go/internal/gccgoimporter/gccgoinstallation.s
src.go.internal.gccgoimporter	src/go/internal/gccgoimporter/importer.s
src.go.internal.gccgoimporter	src/go/internal/gccgoimporter/parser.s
src.go.internal.gccgoimporter.testdata	src/go/internal/gccgoimporter/testdata/aliases.s
src.go.internal.gccgoimporter.testdata	src/go/internal/gccgoimporter/testdata/complexnums.s
src.go.internal.gccgoimporter.testdata	src/go/internal/gccgoimporter/testdata/conversions.s
src.go.internal.gccgoimporter.testdata	src/go/internal/gccgoimporter/testdata/escapeinfo.s
src.go.internal.gccgoimporter.testdata	src/go/internal/gccgoimporter/testdata/imports.s
src.go.internal.gccgoimporter.testdata	src/go/internal/gccgoimporter/testdata/issue27856.s
src.go.internal.gccgoimporter.testdata	src/go/internal/gccgoimporter/testdata/issue29198.s
src.go.internal.gccgoimporter.testdata	src/go/internal/gccgoimporter/testdata/issue30628.s
src.go.internal.gccgoimporter.testdata	src/go/internal/gccgoimporter/testdata/issue31540.s
src.go.internal.gccgoimporter.testdata	src/go/internal/gccgoimporter/testdata/issue34182.s
src.go.internal.gccgoimporter.testdata	src/go/internal/gccgoimporter/testdata/nointerface.s
src.go.internal.gccgoimporter.testdata	src/go/internal/gccgoimporter/testdata/notinheap.s
src.go.internal.gccgoimporter.testdata	src/go/internal/gccgoimporter/testdata/pointer.s
src.go.internal.gcimporter	src/go/internal/gcimporter/gcimporter.s
src.go.internal.gcimporter	src/go/internal/gcimporter/support.s
src.go.internal.gcimporter	src/go/internal/gcimporter/ureader.s
src.go.internal.gcimporter.testdata	src/go/internal/gcimporter/testdata/a.s
src.go.internal.gcimporter.testdata	src/go/internal/gcimporter/testdata/b.s
src.go.internal.gcimporter.testdata	src/go/internal/gcimporter/testdata/exports.s
src.go.internal.gcimporter.testdata	src/go/internal/gcimporter/testdata/g.s
src.go.internal.gcimporter.testdata	src/go/internal/gcimporter/testdata/generics.s
src.go.internal.gcimporter.testdata	src/go/internal/gcimporter/testdata/genmeth.s
src.go.internal.gcimporter.testdata	src/go/internal/gcimporter/testdata/issue15920.s
src.go.internal.gcimporter.testdata	src/go/internal/gcimporter/testdata/issue20046.s
src.go.internal.gcimporter.testdata	src/go/internal/gcimporter/testdata/issue25301.s
src.go.internal.gcimporter.testdata	src/go/internal/gcimporter/testdata/issue25596.s
src.go.internal.gcimporter.testdata	src/go/internal/gcimporter/testdata/issue57015.s
src.go.internal.gcimporter.testdata	src/go/internal/gcimporter/testdata/issue69912.s
src.go.internal.gcimporter.testdata	src/go/internal/gcimporter/testdata/p.s
src.go.internal.gcimporter.testdata.versions	src/go/internal/gcimporter/testdata/versions/test.s
src.go.internal.srcimporter	src/go/internal/srcimporter/srcimporter.s
src.go.internal.srcimporter.testdata.issue20855	src/go/internal/srcimporter/testdata/issue20855/issue20855.s
src.go.internal.srcimporter.testdata.issue23092	src/go/internal/srcimporter/testdata/issue23092/issue23092.s
src.go.internal.srcimporter.testdata.issue24392	src/go/internal/srcimporter/testdata/issue24392/issue24392.s
src.go.parser	src/go/parser/interface.s
src.go.parser	src/go/parser/parser.s
src.go.parser	src/go/parser/resolver.s
src.go.parser.testdata.goversion	src/go/parser/testdata/goversion/t01.s
src.go.parser.testdata.goversion	src/go/parser/testdata/goversion/t02.s
src.go.parser.testdata.goversion	src/go/parser/testdata/goversion/t03.s
src.go.parser.testdata.goversion	src/go/parser/testdata/goversion/t04.s
src.go.parser.testdata.goversion	src/go/parser/testdata/goversion/t05.s
src.go.parser.testdata.goversion	src/go/parser/testdata/goversion/t06.s
src.go.parser.testdata.issue42951.not_a_file.go	src/go/parser/testdata/issue42951/not_a_file.go/invalid.s
src.go.printer	src/go/printer/comment.s
src.go.printer	src/go/printer/gobuild.s
src.go.printer	src/go/printer/math.s
src.go.printer	src/go/printer/nodes.s
src.go.printer	src/go/printer/printer.s
src.go.printer.testdata	src/go/printer/testdata/parser.s
src.go.scanner	src/go/scanner/errors.s
src.go.scanner	src/go/scanner/scanner.s
src.go.token	src/go/token/position.s
src.go.token	src/go/token/serialize.s
src.go.token	src/go/token/token.s
src.go.token	src/go/token/tree.s
src.go.types	src/go/types/alias.s
src.go.types	src/go/types/api.s
src.go.types	src/go/types/api_predicates.s
src.go.types	src/go/types/array.s
src.go.types	src/go/types/assignments.s
src.go.types	src/go/types/badlinkname.s
src.go.types	src/go/types/basic.s
src.go.types	src/go/types/builtins.s
src.go.types	src/go/types/call.s
src.go.types	src/go/types/chan.s
src.go.types	src/go/types/check.s
src.go.types	src/go/types/const.s
src.go.types	src/go/types/context.s
src.go.types	src/go/types/conversions.s
src.go.types	src/go/types/cycles.s
src.go.types	src/go/types/decl.s
src.go.types	src/go/types/errors.s
src.go.types	src/go/types/errsupport.s
src.go.types	src/go/types/eval.s
src.go.types	src/go/types/expr.s
src.go.types	src/go/types/exprstring.s
src.go.types	src/go/types/format.s
src.go.types	src/go/types/gccgosizes.s
src.go.types	src/go/types/gcsizes.s
src.go.types	src/go/types/generate.s
src.go.types	src/go/types/gotype.s
src.go.types	src/go/types/hash.s
src.go.types	src/go/types/index.s
src.go.types	src/go/types/infer.s
src.go.types	src/go/types/initorder.s
src.go.types	src/go/types/instantiate.s
src.go.types	src/go/types/interface.s
src.go.types	src/go/types/iter.s
src.go.types	src/go/types/labels.s
src.go.types	src/go/types/literals.s
src.go.types	src/go/types/lookup.s
src.go.types	src/go/types/map.s
src.go.types	src/go/types/methodset.s
src.go.types	src/go/types/mono.s
src.go.types	src/go/types/named.s
src.go.types	src/go/types/object.s
src.go.types	src/go/types/objset.s
src.go.types	src/go/types/operand.s
src.go.types	src/go/types/package.s
src.go.types	src/go/types/pointer.s
src.go.types	src/go/types/predicates.s
src.go.types	src/go/types/range.s
src.go.types	src/go/types/recording.s
src.go.types	src/go/types/resolver.s
src.go.types	src/go/types/return.s
src.go.types	src/go/types/scope.s
src.go.types	src/go/types/scope2.s
src.go.types	src/go/types/selection.s
src.go.types	src/go/types/signature.s
src.go.types	src/go/types/sizes.s
src.go.types	src/go/types/slice.s
src.go.types	src/go/types/stmt.s
src.go.types	src/go/types/struct.s
src.go.types	src/go/types/subst.s
src.go.types	src/go/types/termlist.s
src.go.types	src/go/types/trie.s
src.go.types	src/go/types/tuple.s
src.go.types	src/go/types/type.s
src.go.types	src/go/types/typelists.s
src.go.types	src/go/types/typeparam.s
src.go.types	src/go/types/typeset.s
src.go.types	src/go/types/typestring.s
src.go.types	src/go/types/typeterm.s
src.go.types	src/go/types/typexpr.s
src.go.types	src/go/types/under.s
src.go.types	src/go/types/unify.s
src.go.types	src/go/types/union.s
src.go.types	src/go/types/universe.s
src.go.types	src/go/types/util.s
src.go.types	src/go/types/validtype.s
src.go.types	src/go/types/version.s
src.go.types.testdata	src/go/types/testdata/manual.s
src.go.types.testdata.local	src/go/types/testdata/local/issue47996.s
src.go.types.testdata.local	src/go/types/testdata/local/shifts.s
src.go.version	src/go/version/version.s
src.hash	src/hash/hash.s
src.hash.adler32	src/hash/adler32/adler32.s
src.hash.crc32	src/hash/crc32/crc32.s
src.hash.crc32	src/hash/crc32/crc32_amd64.s
src.hash.crc32	src/hash/crc32/crc32_arm64.s
src.hash.crc32	src/hash/crc32/crc32_generic.s
src.hash.crc32	src/hash/crc32/crc32_loong64.s
src.hash.crc32	src/hash/crc32/crc32_otherarch.s
src.hash.crc32	src/hash/crc32/crc32_ppc64le.s
src.hash.crc32	src/hash/crc32/crc32_s390x.s
src.hash.crc32	src/hash/crc32/gen.s
src.hash.crc32	src/hash/crc32/gen_const_ppc64le.s
src.hash.crc64	src/hash/crc64/crc64.s
src.hash.fnv	src/hash/fnv/fnv.s
src.hash.maphash	src/hash/maphash/hasher.s
src.hash.maphash	src/hash/maphash/maphash.s
src.html	src/html/entity.s
src.html	src/html/escape.s
src.html.template	src/html/template/attr.s
src.html.template	src/html/template/attr_string.s
src.html.template	src/html/template/content.s
src.html.template	src/html/template/context.s
src.html.template	src/html/template/css.s
src.html.template	src/html/template/delim_string.s
src.html.template	src/html/template/doc.s
src.html.template	src/html/template/element_string.s
src.html.template	src/html/template/error.s
src.html.template	src/html/template/escape.s
src.html.template	src/html/template/html.s
src.html.template	src/html/template/js.s
src.html.template	src/html/template/jsctx_string.s
src.html.template	src/html/template/state_string.s
src.html.template	src/html/template/template.s
src.html.template	src/html/template/transition.s
src.html.template	src/html/template/url.s
src.html.template	src/html/template/urlpart_string.s
src.image	src/image/format.s
src.image	src/image/geom.s
src.image	src/image/image.s
src.image	src/image/names.s
src.image	src/image/ycbcr.s
src.image.color	src/image/color/color.s
src.image.color	src/image/color/ycbcr.s
src.image.color.palette	src/image/color/palette/gen.s
src.image.color.palette	src/image/color/palette/generate.s
src.image.color.palette	src/image/color/palette/palette.s
src.image.draw	src/image/draw/draw.s
src.image.gif	src/image/gif/reader.s
src.image.gif	src/image/gif/writer.s
src.image.internal.imageutil	src/image/internal/imageutil/gen.s
src.image.internal.imageutil	src/image/internal/imageutil/imageutil.s
src.image.internal.imageutil	src/image/internal/imageutil/impl.s
src.image.jpeg	src/image/jpeg/dct.s
src.image.jpeg	src/image/jpeg/huffman.s
src.image.jpeg	src/image/jpeg/reader.s
src.image.jpeg	src/image/jpeg/scan.s
src.image.jpeg	src/image/jpeg/writer.s
src.image.png	src/image/png/paeth.s
src.image.png	src/image/png/reader.s
src.image.png	src/image/png/writer.s
src.index.suffixarray	src/index/suffixarray/gen.s
src.index.suffixarray	src/index/suffixarray/sais.s
src.index.suffixarray	src/index/suffixarray/sais2.s
src.index.suffixarray	src/index/suffixarray/suffixarray.s
src.internal.abi	src/internal/abi/abi.s
src.internal.abi	src/internal/abi/abi_amd64.s
src.internal.abi	src/internal/abi/abi_arm64.s
src.internal.abi	src/internal/abi/abi_generic.s
src.internal.abi	src/internal/abi/abi_loong64.s
src.internal.abi	src/internal/abi/abi_ppc64x.s
src.internal.abi	src/internal/abi/abi_riscv64.s
src.internal.abi	src/internal/abi/abi_s390x.s
src.internal.abi	src/internal/abi/bounds.s
src.internal.abi	src/internal/abi/compiletype.s
src.internal.abi	src/internal/abi/escape.s
src.internal.abi	src/internal/abi/funcpc.s
src.internal.abi	src/internal/abi/funcpc_gccgo.s
src.internal.abi	src/internal/abi/iface.s
src.internal.abi	src/internal/abi/map.s
src.internal.abi	src/internal/abi/rangefuncconsts.s
src.internal.abi	src/internal/abi/runtime.s
src.internal.abi	src/internal/abi/stack.s
src.internal.abi	src/internal/abi/switch.s
src.internal.abi	src/internal/abi/symtab.s
src.internal.abi	src/internal/abi/type.s
src.internal.abi.testdata	src/internal/abi/testdata/x.s
src.internal.asan	src/internal/asan/asan.s
src.internal.asan	src/internal/asan/doc.s
src.internal.asan	src/internal/asan/noasan.s
src.internal.bisect	src/internal/bisect/bisect.s
src.internal.buildcfg	src/internal/buildcfg/cfg.s
src.internal.buildcfg	src/internal/buildcfg/exp.s
src.internal.bytealg	src/internal/bytealg/bytealg.s
src.internal.bytealg	src/internal/bytealg/compare_generic.s
src.internal.bytealg	src/internal/bytealg/compare_native.s
src.internal.bytealg	src/internal/bytealg/count_generic.s
src.internal.bytealg	src/internal/bytealg/count_native.s
src.internal.bytealg	src/internal/bytealg/equal_generic.s
src.internal.bytealg	src/internal/bytealg/equal_native.s
src.internal.bytealg	src/internal/bytealg/index_amd64.s
src.internal.bytealg	src/internal/bytealg/index_arm64.s
src.internal.bytealg	src/internal/bytealg/index_generic.s
src.internal.bytealg	src/internal/bytealg/index_loong64.s
src.internal.bytealg	src/internal/bytealg/index_native.s
src.internal.bytealg	src/internal/bytealg/index_ppc64x.s
src.internal.bytealg	src/internal/bytealg/index_s390x.s
src.internal.bytealg	src/internal/bytealg/indexbyte_generic.s
src.internal.bytealg	src/internal/bytealg/indexbyte_native.s
src.internal.bytealg	src/internal/bytealg/lastindexbyte_generic.s
src.internal.byteorder	src/internal/byteorder/byteorder.s
src.internal.cfg	src/internal/cfg/cfg.s
src.internal.cgrouptest	src/internal/cgrouptest/cgrouptest_linux.s
src.internal.chacha8rand	src/internal/chacha8rand/chacha8.s
src.internal.chacha8rand	src/internal/chacha8rand/chacha8_generic.s
src.internal.cpu	src/internal/cpu/cpu.s
src.internal.cpu	src/internal/cpu/cpu_arm.s
src.internal.cpu	src/internal/cpu/cpu_arm64.s
src.internal.cpu	src/internal/cpu/cpu_arm64_android.s
src.internal.cpu	src/internal/cpu/cpu_arm64_darwin.s
src.internal.cpu	src/internal/cpu/cpu_arm64_freebsd.s
src.internal.cpu	src/internal/cpu/cpu_arm64_hwcap.s
src.internal.cpu	src/internal/cpu/cpu_arm64_linux.s
src.internal.cpu	src/internal/cpu/cpu_arm64_openbsd.s
src.internal.cpu	src/internal/cpu/cpu_arm64_other.s
src.internal.cpu	src/internal/cpu/cpu_arm64_windows.s
src.internal.cpu	src/internal/cpu/cpu_darwin.s
src.internal.cpu	src/internal/cpu/cpu_loong64.s
src.internal.cpu	src/internal/cpu/cpu_loong64_hwcap.s
src.internal.cpu	src/internal/cpu/cpu_loong64_linux.s
src.internal.cpu	src/internal/cpu/cpu_mips.s
src.internal.cpu	src/internal/cpu/cpu_mips64x.s
src.internal.cpu	src/internal/cpu/cpu_mipsle.s
src.internal.cpu	src/internal/cpu/cpu_no_name.s
src.internal.cpu	src/internal/cpu/cpu_ppc64x.s
src.internal.cpu	src/internal/cpu/cpu_ppc64x_aix.s
src.internal.cpu	src/internal/cpu/cpu_ppc64x_linux.s
src.internal.cpu	src/internal/cpu/cpu_ppc64x_other.s
src.internal.cpu	src/internal/cpu/cpu_riscv64.s
src.internal.cpu	src/internal/cpu/cpu_riscv64_linux.s
src.internal.cpu	src/internal/cpu/cpu_riscv64_other.s
src.internal.cpu	src/internal/cpu/cpu_s390x.s
src.internal.cpu	src/internal/cpu/cpu_wasm.s
src.internal.cpu	src/internal/cpu/cpu_windows.s
src.internal.cpu	src/internal/cpu/cpu_x86.s
src.internal.cpu	src/internal/cpu/cpu_x86_darwin.s
src.internal.cpu	src/internal/cpu/cpu_x86_other.s
src.internal.cpu	src/internal/cpu/datacache_unsupported.s
src.internal.cpu	src/internal/cpu/datacache_x86.s
src.internal.dag	src/internal/dag/alg.s
src.internal.dag	src/internal/dag/parse.s
src.internal.diff	src/internal/diff/diff.s
src.internal.exportdata	src/internal/exportdata/exportdata.s
src.internal.exportdata	src/internal/exportdata/support.s
src.internal.filepathlite	src/internal/filepathlite/path.s
src.internal.filepathlite	src/internal/filepathlite/path_nonwindows.s
src.internal.filepathlite	src/internal/filepathlite/path_plan9.s
src.internal.filepathlite	src/internal/filepathlite/path_unix.s
src.internal.filepathlite	src/internal/filepathlite/path_windows.s
src.internal.fmtsort	src/internal/fmtsort/sort.s
src.internal.fuzz	src/internal/fuzz/counters_supported.s
src.internal.fuzz	src/internal/fuzz/counters_unsupported.s
src.internal.fuzz	src/internal/fuzz/coverage.s
src.internal.fuzz	src/internal/fuzz/encoding.s
src.internal.fuzz	src/internal/fuzz/fuzz.s
src.internal.fuzz	src/internal/fuzz/mem.s
src.internal.fuzz	src/internal/fuzz/minimize.s
src.internal.fuzz	src/internal/fuzz/mutator.s
src.internal.fuzz	src/internal/fuzz/mutators_byteslice.s
src.internal.fuzz	src/internal/fuzz/pcg.s
src.internal.fuzz	src/internal/fuzz/queue.s
src.internal.fuzz	src/internal/fuzz/sys_posix.s
src.internal.fuzz	src/internal/fuzz/sys_unimplemented.s
src.internal.fuzz	src/internal/fuzz/sys_windows.s
src.internal.fuzz	src/internal/fuzz/trace.s
src.internal.fuzz	src/internal/fuzz/worker.s
src.internal.gate	src/internal/gate/gate.s
src.internal.goarch	src/internal/goarch/gengoarch.s
src.internal.goarch	src/internal/goarch/goarch.s
src.internal.goarch	src/internal/goarch/goarch_386.s
src.internal.goarch	src/internal/goarch/goarch_amd64.s
src.internal.goarch	src/internal/goarch/goarch_arm.s
src.internal.goarch	src/internal/goarch/goarch_arm64.s
src.internal.goarch	src/internal/goarch/goarch_loong64.s
src.internal.goarch	src/internal/goarch/goarch_mips.s
src.internal.goarch	src/internal/goarch/goarch_mips64.s
src.internal.goarch	src/internal/goarch/goarch_mips64le.s
src.internal.goarch	src/internal/goarch/goarch_mipsle.s
src.internal.goarch	src/internal/goarch/goarch_ppc64.s
src.internal.goarch	src/internal/goarch/goarch_ppc64le.s
src.internal.goarch	src/internal/goarch/goarch_riscv64.s
src.internal.goarch	src/internal/goarch/goarch_s390x.s
src.internal.goarch	src/internal/goarch/goarch_wasm.s
src.internal.goarch	src/internal/goarch/zgoarch_386.s
src.internal.goarch	src/internal/goarch/zgoarch_amd64.s
src.internal.goarch	src/internal/goarch/zgoarch_arm.s
src.internal.goarch	src/internal/goarch/zgoarch_arm64.s
src.internal.goarch	src/internal/goarch/zgoarch_arm64be.s
src.internal.goarch	src/internal/goarch/zgoarch_armbe.s
src.internal.goarch	src/internal/goarch/zgoarch_loong64.s
src.internal.goarch	src/internal/goarch/zgoarch_mips.s
src.internal.goarch	src/internal/goarch/zgoarch_mips64.s
src.internal.goarch	src/internal/goarch/zgoarch_mips64le.s
src.internal.goarch	src/internal/goarch/zgoarch_mips64p32.s
src.internal.goarch	src/internal/goarch/zgoarch_mips64p32le.s
src.internal.goarch	src/internal/goarch/zgoarch_mipsle.s
src.internal.goarch	src/internal/goarch/zgoarch_ppc.s
src.internal.goarch	src/internal/goarch/zgoarch_ppc64.s
src.internal.goarch	src/internal/goarch/zgoarch_ppc64le.s
src.internal.goarch	src/internal/goarch/zgoarch_riscv.s
src.internal.goarch	src/internal/goarch/zgoarch_riscv64.s
src.internal.goarch	src/internal/goarch/zgoarch_s390.s
src.internal.goarch	src/internal/goarch/zgoarch_s390x.s
src.internal.goarch	src/internal/goarch/zgoarch_sparc.s
src.internal.goarch	src/internal/goarch/zgoarch_sparc64.s
src.internal.goarch	src/internal/goarch/zgoarch_wasm.s
src.internal.godebug	src/internal/godebug/godebug.s
src.internal.godebugs	src/internal/godebugs/table.s
src.internal.goexperiment	src/internal/goexperiment/exp_arenas_off.s
src.internal.goexperiment	src/internal/goexperiment/exp_arenas_on.s
src.internal.goexperiment	src/internal/goexperiment/exp_boringcrypto_off.s
src.internal.goexperiment	src/internal/goexperiment/exp_boringcrypto_on.s
src.internal.goexperiment	src/internal/goexperiment/exp_cgocheck2_off.s
src.internal.goexperiment	src/internal/goexperiment/exp_cgocheck2_on.s
src.internal.goexperiment	src/internal/goexperiment/exp_dwarf5_off.s
src.internal.goexperiment	src/internal/goexperiment/exp_dwarf5_on.s
src.internal.goexperiment	src/internal/goexperiment/exp_fieldtrack_off.s
src.internal.goexperiment	src/internal/goexperiment/exp_fieldtrack_on.s
src.internal.goexperiment	src/internal/goexperiment/exp_greenteagc_off.s
src.internal.goexperiment	src/internal/goexperiment/exp_greenteagc_on.s
src.internal.goexperiment	src/internal/goexperiment/exp_heapminimum512kib_off.s
src.internal.goexperiment	src/internal/goexperiment/exp_heapminimum512kib_on.s
src.internal.goexperiment	src/internal/goexperiment/exp_jsonv2_off.s
src.internal.goexperiment	src/internal/goexperiment/exp_jsonv2_on.s
src.internal.goexperiment	src/internal/goexperiment/exp_loopvar_off.s
src.internal.goexperiment	src/internal/goexperiment/exp_loopvar_on.s
src.internal.goexperiment	src/internal/goexperiment/exp_mapsplitgroup_off.s
src.internal.goexperiment	src/internal/goexperiment/exp_mapsplitgroup_on.s
src.internal.goexperiment	src/internal/goexperiment/exp_newinliner_off.s
src.internal.goexperiment	src/internal/goexperiment/exp_newinliner_on.s
src.internal.goexperiment	src/internal/goexperiment/exp_preemptibleloops_off.s
src.internal.goexperiment	src/internal/goexperiment/exp_preemptibleloops_on.s
src.internal.goexperiment	src/internal/goexperiment/exp_randomizedheapbase64_off.s
src.internal.goexperiment	src/internal/goexperiment/exp_randomizedheapbase64_on.s
src.internal.goexperiment	src/internal/goexperiment/exp_regabiargs_off.s
src.internal.goexperiment	src/internal/goexperiment/exp_regabiargs_on.s
src.internal.goexperiment	src/internal/goexperiment/exp_regabiwrappers_off.s
src.internal.goexperiment	src/internal/goexperiment/exp_regabiwrappers_on.s
src.internal.goexperiment	src/internal/goexperiment/exp_runtimefreegc_off.s
src.internal.goexperiment	src/internal/goexperiment/exp_runtimefreegc_on.s
src.internal.goexperiment	src/internal/goexperiment/exp_runtimesecret_off.s
src.internal.goexperiment	src/internal/goexperiment/exp_runtimesecret_on.s
src.internal.goexperiment	src/internal/goexperiment/exp_simd_off.s
src.internal.goexperiment	src/internal/goexperiment/exp_simd_on.s
src.internal.goexperiment	src/internal/goexperiment/exp_sizespecializedmalloc_off.s
src.internal.goexperiment	src/internal/goexperiment/exp_sizespecializedmalloc_on.s
src.internal.goexperiment	src/internal/goexperiment/exp_sroutineleakprofile_off.s
src.internal.goexperiment	src/internal/goexperiment/exp_sroutineleakprofile_on.s
src.internal.goexperiment	src/internal/goexperiment/exp_staticlockranking_off.s
src.internal.goexperiment	src/internal/goexperiment/exp_staticlockranking_on.s
src.internal.goexperiment	src/internal/goexperiment/flags.s
src.internal.goexperiment	src/internal/goexperiment/mkconsts.s
src.internal.goos	src/internal/goos/gengoos.s
src.internal.goos	src/internal/goos/goos.s
src.internal.goos	src/internal/goos/nonunix.s
src.internal.goos	src/internal/goos/unix.s
src.internal.goos	src/internal/goos/zgoos_aix.s
src.internal.goos	src/internal/goos/zgoos_android.s
src.internal.goos	src/internal/goos/zgoos_darwin.s
src.internal.goos	src/internal/goos/zgoos_dragonfly.s
src.internal.goos	src/internal/goos/zgoos_freebsd.s
src.internal.goos	src/internal/goos/zgoos_hurd.s
src.internal.goos	src/internal/goos/zgoos_illumos.s
src.internal.goos	src/internal/goos/zgoos_ios.s
src.internal.goos	src/internal/goos/zgoos_js.s
src.internal.goos	src/internal/goos/zgoos_linux.s
src.internal.goos	src/internal/goos/zgoos_netbsd.s
src.internal.goos	src/internal/goos/zgoos_openbsd.s
src.internal.goos	src/internal/goos/zgoos_plan9.s
src.internal.goos	src/internal/goos/zgoos_solaris.s
src.internal.goos	src/internal/goos/zgoos_wasip1.s
src.internal.goos	src/internal/goos/zgoos_windows.s
src.internal.goos	src/internal/goos/zgoos_zos.s
src.internal.goroot	src/internal/goroot/gc.s
src.internal.goroot	src/internal/goroot/gccgo.s
src.internal.gover	src/internal/gover/gover.s
src.internal.goversion	src/internal/goversion/goversion.s
src.internal.lazyregexp	src/internal/lazyregexp/lazyre.s
src.internal.lazytemplate	src/internal/lazytemplate/lazytemplate.s
src.internal.msan	src/internal/msan/doc.s
src.internal.msan	src/internal/msan/msan.s
src.internal.msan	src/internal/msan/nomsan.s
src.internal.nettrace	src/internal/nettrace/nettrace.s
src.internal.obscuretestdata	src/internal/obscuretestdata/obscuretestdata.s
src.internal.oserror	src/internal/oserror/errors.s
src.internal.pkgbits	src/internal/pkgbits/codes.s
src.internal.pkgbits	src/internal/pkgbits/decoder.s
src.internal.pkgbits	src/internal/pkgbits/doc.s
src.internal.pkgbits	src/internal/pkgbits/encoder.s
src.internal.pkgbits	src/internal/pkgbits/flags.s
src.internal.pkgbits	src/internal/pkgbits/reloc.s
src.internal.pkgbits	src/internal/pkgbits/support.s
src.internal.pkgbits	src/internal/pkgbits/sync.s
src.internal.pkgbits	src/internal/pkgbits/syncmarker_string.s
src.internal.pkgbits	src/internal/pkgbits/version.s
src.internal.platform	src/internal/platform/supported.s
src.internal.platform	src/internal/platform/zosarch.s
src.internal.poll	src/internal/poll/copy_file_range_freebsd.s
src.internal.poll	src/internal/poll/copy_file_range_linux.s
src.internal.poll	src/internal/poll/copy_file_range_unix.s
src.internal.poll	src/internal/poll/errno_unix.s
src.internal.poll	src/internal/poll/errno_windows.s
src.internal.poll	src/internal/poll/fd.s
src.internal.poll	src/internal/poll/fd_fsync_darwin.s
src.internal.poll	src/internal/poll/fd_fsync_posix.s
src.internal.poll	src/internal/poll/fd_fsync_windows.s
src.internal.poll	src/internal/poll/fd_io_plan9.s
src.internal.poll	src/internal/poll/fd_mutex.s
src.internal.poll	src/internal/poll/fd_opendir_darwin.s
src.internal.poll	src/internal/poll/fd_plan9.s
src.internal.poll	src/internal/poll/fd_poll_js.s
src.internal.poll	src/internal/poll/fd_poll_runtime.s
src.internal.poll	src/internal/poll/fd_posix.s
src.internal.poll	src/internal/poll/fd_unix.s
src.internal.poll	src/internal/poll/fd_unixjs.s
src.internal.poll	src/internal/poll/fd_wasip1.s
src.internal.poll	src/internal/poll/fd_windows.s
src.internal.poll	src/internal/poll/fd_writev_libc.s
src.internal.poll	src/internal/poll/fd_writev_unix.s
src.internal.poll	src/internal/poll/file_plan9.s
src.internal.poll	src/internal/poll/fstatat_unix.s
src.internal.poll	src/internal/poll/hook_cloexec.s
src.internal.poll	src/internal/poll/hook_unix.s
src.internal.poll	src/internal/poll/hook_windows.s
src.internal.poll	src/internal/poll/iovec_solaris.s
src.internal.poll	src/internal/poll/iovec_unix.s
src.internal.poll	src/internal/poll/sendfile.s
src.internal.poll	src/internal/poll/sendfile_solaris.s
src.internal.poll	src/internal/poll/sendfile_unix.s
src.internal.poll	src/internal/poll/sendfile_windows.s
src.internal.poll	src/internal/poll/sock_cloexec.s
src.internal.poll	src/internal/poll/sock_cloexec_solaris.s
src.internal.poll	src/internal/poll/sockopt.s
src.internal.poll	src/internal/poll/sockopt_linux.s
src.internal.poll	src/internal/poll/sockopt_unix.s
src.internal.poll	src/internal/poll/sockopt_windows.s
src.internal.poll	src/internal/poll/sockoptip.s
src.internal.poll	src/internal/poll/splice_linux.s
src.internal.poll	src/internal/poll/sys_cloexec.s
src.internal.poll	src/internal/poll/writev.s
src.internal.profile	src/internal/profile/encode.s
src.internal.profile	src/internal/profile/filter.s
src.internal.profile	src/internal/profile/graph.s
src.internal.profile	src/internal/profile/merge.s
src.internal.profile	src/internal/profile/profile.s
src.internal.profile	src/internal/profile/proto.s
src.internal.profile	src/internal/profile/prune.s
src.internal.profilerecord	src/internal/profilerecord/profilerecord.s
src.internal.race	src/internal/race/doc.s
src.internal.race	src/internal/race/norace.s
src.internal.race	src/internal/race/race.s
src.internal.reflectlite	src/internal/reflectlite/swapper.s
src.internal.reflectlite	src/internal/reflectlite/type.s
src.internal.reflectlite	src/internal/reflectlite/value.s
src.internal.routebsd	src/internal/routebsd/address.s
src.internal.routebsd	src/internal/routebsd/binary.s
src.internal.routebsd	src/internal/routebsd/interface.s
src.internal.routebsd	src/internal/routebsd/interface_classic.s
src.internal.routebsd	src/internal/routebsd/interface_freebsd.s
src.internal.routebsd	src/internal/routebsd/interface_multicast.s
src.internal.routebsd	src/internal/routebsd/interface_openbsd.s
src.internal.routebsd	src/internal/routebsd/message.s
src.internal.routebsd	src/internal/routebsd/route.s
src.internal.routebsd	src/internal/routebsd/sys.s
src.internal.routebsd	src/internal/routebsd/sys_darwin.s
src.internal.routebsd	src/internal/routebsd/sys_dragonfly.s
src.internal.routebsd	src/internal/routebsd/sys_freebsd.s
src.internal.routebsd	src/internal/routebsd/sys_netbsd.s
src.internal.routebsd	src/internal/routebsd/sys_openbsd.s
src.internal.runtime.atomic	src/internal/runtime/atomic/atomic_386.s
src.internal.runtime.atomic	src/internal/runtime/atomic/atomic_amd64.s
src.internal.runtime.atomic	src/internal/runtime/atomic/atomic_andor_generic.s
src.internal.runtime.atomic	src/internal/runtime/atomic/atomic_arm.s
src.internal.runtime.atomic	src/internal/runtime/atomic/atomic_arm64.s
src.internal.runtime.atomic	src/internal/runtime/atomic/atomic_loong64.s
src.internal.runtime.atomic	src/internal/runtime/atomic/atomic_mips64x.s
src.internal.runtime.atomic	src/internal/runtime/atomic/atomic_mipsx.s
src.internal.runtime.atomic	src/internal/runtime/atomic/atomic_ppc64x.s
src.internal.runtime.atomic	src/internal/runtime/atomic/atomic_riscv64.s
src.internal.runtime.atomic	src/internal/runtime/atomic/atomic_s390x.s
src.internal.runtime.atomic	src/internal/runtime/atomic/atomic_wasm.s
src.internal.runtime.atomic	src/internal/runtime/atomic/doc.s
src.internal.runtime.atomic	src/internal/runtime/atomic/linkname.s
src.internal.runtime.atomic	src/internal/runtime/atomic/stubs.s
src.internal.runtime.atomic	src/internal/runtime/atomic/types.s
src.internal.runtime.atomic	src/internal/runtime/atomic/types_64bit.s
src.internal.runtime.atomic	src/internal/runtime/atomic/unaligned.s
src.internal.runtime.atomic	src/internal/runtime/atomic/xchg8.s
src.internal.runtime.cgobench	src/internal/runtime/cgobench/funcs.s
src.internal.runtime.cgroup	src/internal/runtime/cgroup/cgroup.s
src.internal.runtime.cgroup	src/internal/runtime/cgroup/cgroup_linux.s
src.internal.runtime.cgroup	src/internal/runtime/cgroup/line_reader.s
src.internal.runtime.cgroup	src/internal/runtime/cgroup/runtime.s
src.internal.runtime.exithook	src/internal/runtime/exithook/hooks.s
src.internal.runtime.gc	src/internal/runtime/gc/malloc.s
src.internal.runtime.gc	src/internal/runtime/gc/scan.s
src.internal.runtime.gc	src/internal/runtime/gc/sizeclasses.s
src.internal.runtime.gc.internal.gen	src/internal/runtime/gc/internal/gen/gen.s
src.internal.runtime.gc.internal.gen	src/internal/runtime/gc/internal/gen/gp.s
src.internal.runtime.gc.internal.gen	src/internal/runtime/gc/internal/gen/regalloc.s
src.internal.runtime.gc.internal.gen	src/internal/runtime/gc/internal/gen/simd.s
src.internal.runtime.gc.internal.gen	src/internal/runtime/gc/internal/gen/val.s
src.internal.runtime.gc.scan	src/internal/runtime/gc/scan/expand_amd64.s
src.internal.runtime.gc.scan	src/internal/runtime/gc/scan/expand_reference.s
src.internal.runtime.gc.scan	src/internal/runtime/gc/scan/filter.s
src.internal.runtime.gc.scan	src/internal/runtime/gc/scan/filter_amd64.s
src.internal.runtime.gc.scan	src/internal/runtime/gc/scan/mkasm.s
src.internal.runtime.gc.scan	src/internal/runtime/gc/scan/scan_amd64.s
src.internal.runtime.gc.scan	src/internal/runtime/gc/scan/scan_generic.s
src.internal.runtime.gc.scan	src/internal/runtime/gc/scan/scan_go.s
src.internal.runtime.gc.scan	src/internal/runtime/gc/scan/scan_reference.s
src.internal.runtime.maps	src/internal/runtime/maps/group.s
src.internal.runtime.maps	src/internal/runtime/maps/map.s
src.internal.runtime.maps	src/internal/runtime/maps/runtime.s
src.internal.runtime.maps	src/internal/runtime/maps/runtime_fast32.s
src.internal.runtime.maps	src/internal/runtime/maps/runtime_fast64.s
src.internal.runtime.maps	src/internal/runtime/maps/runtime_faststr.s
src.internal.runtime.maps	src/internal/runtime/maps/table.s
src.internal.runtime.maps	src/internal/runtime/maps/table_debug.s
src.internal.runtime.pprof.label	src/internal/runtime/pprof/label/labelset.s
src.internal.runtime.startlinetest	src/internal/runtime/startlinetest/func_amd64.s
src.internal.runtime.switch	src/internal/runtime/math/math.s
src.internal.runtime.sys	src/internal/runtime/sys/consts.s
src.internal.runtime.sys	src/internal/runtime/sys/consts_norace.s
src.internal.runtime.sys	src/internal/runtime/sys/consts_race.s
src.internal.runtime.sys	src/internal/runtime/sys/dit_arm64.s
src.internal.runtime.sys	src/internal/runtime/sys/intrinsics.s
src.internal.runtime.sys	src/internal/runtime/sys/nih.s
src.internal.runtime.sys	src/internal/runtime/sys/no_dit.s
src.internal.runtime.sys	src/internal/runtime/sys/sys.s
src.internal.runtime.syscall.linux	src/internal/runtime/syscall/linux/defs_linux.s
src.internal.runtime.syscall.linux	src/internal/runtime/syscall/linux/defs_linux_386.s
src.internal.runtime.syscall.linux	src/internal/runtime/syscall/linux/defs_linux_amd64.s
src.internal.runtime.syscall.linux	src/internal/runtime/syscall/linux/defs_linux_arm.s
src.internal.runtime.syscall.linux	src/internal/runtime/syscall/linux/defs_linux_arm64.s
src.internal.runtime.syscall.linux	src/internal/runtime/syscall/linux/defs_linux_loong64.s
src.internal.runtime.syscall.linux	src/internal/runtime/syscall/linux/defs_linux_mips64x.s
src.internal.runtime.syscall.linux	src/internal/runtime/syscall/linux/defs_linux_mipsx.s
src.internal.runtime.syscall.linux	src/internal/runtime/syscall/linux/defs_linux_ppc64x.s
src.internal.runtime.syscall.linux	src/internal/runtime/syscall/linux/defs_linux_riscv64.s
src.internal.runtime.syscall.linux	src/internal/runtime/syscall/linux/defs_linux_s390x.s
src.internal.runtime.syscall.linux	src/internal/runtime/syscall/linux/syscall_linux.s
src.internal.runtime.syscall.windows	src/internal/runtime/syscall/windows/defs_windows.s
src.internal.runtime.syscall.windows	src/internal/runtime/syscall/windows/defs_windows_386.s
src.internal.runtime.syscall.windows	src/internal/runtime/syscall/windows/defs_windows_amd64.s
src.internal.runtime.syscall.windows	src/internal/runtime/syscall/windows/defs_windows_arm64.s
src.internal.runtime.syscall.windows	src/internal/runtime/syscall/windows/syscall_windows.s
src.internal.runtime.wasitest.testdata	src/internal/runtime/wasitest/testdata/nonblock.s
src.internal.runtime.wasitest.testdata	src/internal/runtime/wasitest/testdata/tcpecho.s
src.internal.saferio	src/internal/saferio/io.s
src.internal.singleflight	src/internal/singleflight/singleflight.s
src.internal.strconv	src/internal/strconv/atob.s
src.internal.strconv	src/internal/strconv/atoc.s
src.internal.strconv	src/internal/strconv/atof.s
src.internal.strconv	src/internal/strconv/atofeisel.s
src.internal.strconv	src/internal/strconv/atoi.s
src.internal.strconv	src/internal/strconv/ctoa.s
src.internal.strconv	src/internal/strconv/decimal.s
src.internal.strconv	src/internal/strconv/deps.s
src.internal.strconv	src/internal/strconv/ftoa.s
src.internal.strconv	src/internal/strconv/ftoadbox.s
src.internal.strconv	src/internal/strconv/ftoafixed.s
src.internal.strconv	src/internal/strconv/itoa.s
src.internal.strconv	src/internal/strconv/math.s
src.internal.strconv	src/internal/strconv/pow10gen.s
src.internal.strconv	src/internal/strconv/pow10tab.s
src.internal.stringslite	src/internal/stringslite/strings.s
src.internal.sync	src/internal/sync/hashtriemap.s
src.internal.sync	src/internal/sync/mutex.s
src.internal.sync	src/internal/sync/runtime.s
src.internal.synctest	src/internal/synctest/synctest.s
src.internal.syscall.execenv	src/internal/syscall/execenv/execenv_default.s
src.internal.syscall.execenv	src/internal/syscall/execenv/execenv_windows.s
src.internal.syscall.unix	src/internal/syscall/unix/arandom_netbsd.s
src.internal.syscall.unix	src/internal/syscall/unix/arc4random_darwin.s
src.internal.syscall.unix	src/internal/syscall/unix/arc4random_openbsd.s
src.internal.syscall.unix	src/internal/syscall/unix/at.s
src.internal.syscall.unix	src/internal/syscall/unix/at_aix.s
src.internal.syscall.unix	src/internal/syscall/unix/at_darwin.s
src.internal.syscall.unix	src/internal/syscall/unix/at_fstatat.s
src.internal.syscall.unix	src/internal/syscall/unix/at_fstatat2.s
src.internal.syscall.unix	src/internal/syscall/unix/at_js.s
src.internal.syscall.unix	src/internal/syscall/unix/at_libc.s
src.internal.syscall.unix	src/internal/syscall/unix/at_libc2.s
src.internal.syscall.unix	src/internal/syscall/unix/at_openbsd.s
src.internal.syscall.unix	src/internal/syscall/unix/at_solaris.s
src.internal.syscall.unix	src/internal/syscall/unix/at_sysnum_darwin.s
src.internal.syscall.unix	src/internal/syscall/unix/at_sysnum_dragonfly.s
src.internal.syscall.unix	src/internal/syscall/unix/at_sysnum_freebsd.s
src.internal.syscall.unix	src/internal/syscall/unix/at_sysnum_fstatat64_linux.s
src.internal.syscall.unix	src/internal/syscall/unix/at_sysnum_fstatat_linux.s
src.internal.syscall.unix	src/internal/syscall/unix/at_sysnum_linux.s
src.internal.syscall.unix	src/internal/syscall/unix/at_sysnum_netbsd.s
src.internal.syscall.unix	src/internal/syscall/unix/at_sysnum_newfstatat_linux.s
src.internal.syscall.unix	src/internal/syscall/unix/at_sysnum_openbsd.s
src.internal.syscall.unix	src/internal/syscall/unix/at_wasip1.s
src.internal.syscall.unix	src/internal/syscall/unix/constants.s
src.internal.syscall.unix	src/internal/syscall/unix/copy_file_range_unix.s
src.internal.syscall.unix	src/internal/syscall/unix/eaccess.s
src.internal.syscall.unix	src/internal/syscall/unix/faccessat_bsd.s
src.internal.syscall.unix	src/internal/syscall/unix/faccessat_darwin.s
src.internal.syscall.unix	src/internal/syscall/unix/faccessat_openbsd.s
src.internal.syscall.unix	src/internal/syscall/unix/faccessat_solaris.s
src.internal.syscall.unix	src/internal/syscall/unix/faccessat_syscall.s
src.internal.syscall.unix	src/internal/syscall/unix/fallocate_bsd_386.s
src.internal.syscall.unix	src/internal/syscall/unix/fallocate_bsd_64bit.s
src.internal.syscall.unix	src/internal/syscall/unix/fallocate_bsd_arm.s
src.internal.syscall.unix	src/internal/syscall/unix/fchmodat_linux.s
src.internal.syscall.unix	src/internal/syscall/unix/fchmodat_other.s
src.internal.syscall.unix	src/internal/syscall/unix/fcntl_js.s
src.internal.syscall.unix	src/internal/syscall/unix/fcntl_unix.s
src.internal.syscall.unix	src/internal/syscall/unix/fcntl_wasip1.s
src.internal.syscall.unix	src/internal/syscall/unix/getrandom.s
src.internal.syscall.unix	src/internal/syscall/unix/getrandom_dragonfly.s
src.internal.syscall.unix	src/internal/syscall/unix/getrandom_freebsd.s
src.internal.syscall.unix	src/internal/syscall/unix/getrandom_linux.s
src.internal.syscall.unix	src/internal/syscall/unix/getrandom_solaris.s
src.internal.syscall.unix	src/internal/syscall/unix/ioctl_aix.s
src.internal.syscall.unix	src/internal/syscall/unix/kernel_version_freebsd.s
src.internal.syscall.unix	src/internal/syscall/unix/kernel_version_ge.s
src.internal.syscall.unix	src/internal/syscall/unix/kernel_version_linux.s
src.internal.syscall.unix	src/internal/syscall/unix/kernel_version_other.s
src.internal.syscall.unix	src/internal/syscall/unix/kernel_version_solaris.s
src.internal.syscall.unix	src/internal/syscall/unix/net.s
src.internal.syscall.unix	src/internal/syscall/unix/net_darwin.s
src.internal.syscall.unix	src/internal/syscall/unix/net_js.s
src.internal.syscall.unix	src/internal/syscall/unix/net_wasip1.s
src.internal.syscall.unix	src/internal/syscall/unix/nofollow_bsd.s
src.internal.syscall.unix	src/internal/syscall/unix/nofollow_netbsd.s
src.internal.syscall.unix	src/internal/syscall/unix/nofollow_posix.s
src.internal.syscall.unix	src/internal/syscall/unix/nonblocking_js.s
src.internal.syscall.unix	src/internal/syscall/unix/nonblocking_unix.s
src.internal.syscall.unix	src/internal/syscall/unix/nonblocking_wasip1.s
src.internal.syscall.unix	src/internal/syscall/unix/pidfd_linux.s
src.internal.syscall.unix	src/internal/syscall/unix/pty_darwin.s
src.internal.syscall.unix	src/internal/syscall/unix/renameat2_sysnum_linux.s
src.internal.syscall.unix	src/internal/syscall/unix/renameat_sysnum_linux.s
src.internal.syscall.unix	src/internal/syscall/unix/siginfo_linux.s
src.internal.syscall.unix	src/internal/syscall/unix/siginfo_linux_mipsx.s
src.internal.syscall.unix	src/internal/syscall/unix/siginfo_linux_other.s
src.internal.syscall.unix	src/internal/syscall/unix/syscall.s
src.internal.syscall.unix	src/internal/syscall/unix/sysnum_freebsd.s
src.internal.syscall.unix	src/internal/syscall/unix/sysnum_linux_386.s
src.internal.syscall.unix	src/internal/syscall/unix/sysnum_linux_amd64.s
src.internal.syscall.unix	src/internal/syscall/unix/sysnum_linux_arm.s
src.internal.syscall.unix	src/internal/syscall/unix/sysnum_linux_generic.s
src.internal.syscall.unix	src/internal/syscall/unix/sysnum_linux_mips64x.s
src.internal.syscall.unix	src/internal/syscall/unix/sysnum_linux_mipsx.s
src.internal.syscall.unix	src/internal/syscall/unix/sysnum_linux_ppc64x.s
src.internal.syscall.unix	src/internal/syscall/unix/sysnum_linux_s390x.s
src.internal.syscall.unix	src/internal/syscall/unix/tcsetpgrp_bsd.s
src.internal.syscall.unix	src/internal/syscall/unix/tcsetpgrp_linux.s
src.internal.syscall.unix	src/internal/syscall/unix/user_darwin.s
src.internal.syscall.unix	src/internal/syscall/unix/utimes.s
src.internal.syscall.unix	src/internal/syscall/unix/utimes_wasip1.s
src.internal.syscall.unix	src/internal/syscall/unix/waitid_linux.s
src.internal.syscall.windows	src/internal/syscall/windows/at_windows.s
src.internal.syscall.windows	src/internal/syscall/windows/mksyscall.s
src.internal.syscall.windows	src/internal/syscall/windows/net_windows.s
src.internal.syscall.windows	src/internal/syscall/windows/nonblocking_windows.s
src.internal.syscall.windows	src/internal/syscall/windows/psapi_windows.s
src.internal.syscall.windows	src/internal/syscall/windows/reparse_windows.s
src.internal.syscall.windows	src/internal/syscall/windows/security_windows.s
src.internal.syscall.windows	src/internal/syscall/windows/string_windows.s
src.internal.syscall.windows	src/internal/syscall/windows/symlink_windows.s
src.internal.syscall.windows	src/internal/syscall/windows/syscall_windows.s
src.internal.syscall.windows	src/internal/syscall/windows/types_windows.s
src.internal.syscall.windows	src/internal/syscall/windows/version_windows.s
src.internal.syscall.windows	src/internal/syscall/windows/zsyscall_windows.s
src.internal.syscall.windows.registry	src/internal/syscall/windows/registry/key.s
src.internal.syscall.windows.registry	src/internal/syscall/windows/registry/mksyscall.s
src.internal.syscall.windows.registry	src/internal/syscall/windows/registry/syscall.s
src.internal.syscall.windows.registry	src/internal/syscall/windows/registry/value.s
src.internal.syscall.windows.registry	src/internal/syscall/windows/registry/zsyscall_windows.s
src.internal.syscall.windows.sysdll	src/internal/syscall/windows/sysdll/sysdll.s
src.internal.sysinfo	src/internal/sysinfo/cpuinfo_bsd.s
src.internal.sysinfo	src/internal/sysinfo/cpuinfo_linux.s
src.internal.sysinfo	src/internal/sysinfo/cpuinfo_stub.s
src.internal.sysinfo	src/internal/sysinfo/sysinfo.s
src.internal.syslist	src/internal/syslist/syslist.s
src.internal.testenv	src/internal/testenv/exec.s
src.internal.testenv	src/internal/testenv/noopt.s
src.internal.testenv	src/internal/testenv/opt.s
src.internal.testenv	src/internal/testenv/testenv.s
src.internal.testenv	src/internal/testenv/testenv_notunix.s
src.internal.testenv	src/internal/testenv/testenv_notwin.s
src.internal.testenv	src/internal/testenv/testenv_unix.s
src.internal.testenv	src/internal/testenv/testenv_windows.s
src.internal.testhash	src/internal/testhash/hash.s
src.internal.testlog	src/internal/testlog/exit.s
src.internal.testlog	src/internal/testlog/log.s
src.internal.testpty	src/internal/testpty/pty.s
src.internal.testpty	src/internal/testpty/pty_cgo.s
src.internal.testpty	src/internal/testpty/pty_darwin.s
src.internal.testpty	src/internal/testpty/pty_none.s
src.internal.trace	src/internal/trace/base.s
src.internal.trace	src/internal/trace/batch.s
src.internal.trace	src/internal/trace/batchcursor.s
src.internal.trace	src/internal/trace/event.s
src.internal.trace	src/internal/trace/gc.s
src.internal.trace	src/internal/trace/generation.s
src.internal.trace	src/internal/trace/mud.s
src.internal.trace	src/internal/trace/order.s
src.internal.trace	src/internal/trace/reader.s
src.internal.trace	src/internal/trace/resources.s
src.internal.trace	src/internal/trace/summary.s
src.internal.trace	src/internal/trace/tracev1.s
src.internal.trace	src/internal/trace/value.s
src.internal.trace.internal.testgen	src/internal/trace/internal/testgen/trace.s
src.internal.trace.internal.tracev1	src/internal/trace/internal/tracev1/order.s
src.internal.trace.internal.tracev1	src/internal/trace/internal/tracev1/parser.s
src.internal.trace.raw	src/internal/trace/raw/doc.s
src.internal.trace.raw	src/internal/trace/raw/event.s
src.internal.trace.raw	src/internal/trace/raw/reader.s
src.internal.trace.raw	src/internal/trace/raw/textreader.s
src.internal.trace.raw	src/internal/trace/raw/textwriter.s
src.internal.trace.raw	src/internal/trace/raw/writer.s
src.internal.trace.testdata	src/internal/trace/testdata/generate.s
src.internal.trace.testdata	src/internal/trace/testdata/mktests.s
src.internal.trace.testdata.generators	src/internal/trace/testdata/generators/go122-confuse-seq-across-generations.s
src.internal.trace.testdata.generators	src/internal/trace/testdata/generators/go122-create-syscall-reuse-thread-id.s
src.internal.trace.testdata.generators	src/internal/trace/testdata/generators/go122-create-syscall-with-p.s
src.internal.trace.testdata.generators	src/internal/trace/testdata/generators/go122-fail-first-gen-first.s
src.internal.trace.testdata.generators	src/internal/trace/testdata/generators/go122-go-create-without-running-g.s
src.internal.trace.testdata.generators	src/internal/trace/testdata/generators/go122-syscall-steal-proc-ambiguous.s
src.internal.trace.testdata.generators	src/internal/trace/testdata/generators/go122-syscall-steal-proc-gen-boundary-bare-m.s
src.internal.trace.testdata.generators	src/internal/trace/testdata/generators/go122-syscall-steal-proc-gen-boundary-reacquire-new-proc-bare-m.s
src.internal.trace.testdata.generators	src/internal/trace/testdata/generators/go122-syscall-steal-proc-gen-boundary-reacquire-new-proc.s
src.internal.trace.testdata.generators	src/internal/trace/testdata/generators/go122-syscall-steal-proc-gen-boundary.s
src.internal.trace.testdata.generators	src/internal/trace/testdata/generators/go122-syscall-steal-proc-reacquire-new-proc-bare-m.s
src.internal.trace.testdata.generators	src/internal/trace/testdata/generators/go122-syscall-steal-proc-reacquire-new-proc.s
src.internal.trace.testdata.generators	src/internal/trace/testdata/generators/go122-syscall-steal-proc-self.s
src.internal.trace.testdata.generators	src/internal/trace/testdata/generators/go122-syscall-steal-proc-simple-bare-m.s
src.internal.trace.testdata.generators	src/internal/trace/testdata/generators/go122-syscall-steal-proc-simple.s
src.internal.trace.testdata.generators	src/internal/trace/testdata/generators/go122-syscall-steal-proc-sitting-in-syscall.s
src.internal.trace.testdata.generators	src/internal/trace/testdata/generators/go122-task-across-generations.s
src.internal.trace.testdata.generators	src/internal/trace/testdata/generators/go123-sync.s
src.internal.trace.testdata.generators	src/internal/trace/testdata/generators/go125-sync.s
src.internal.trace.testdata.testprog	src/internal/trace/testdata/testprog/annotations-stress.s
src.internal.trace.testdata.testprog	src/internal/trace/testdata/testprog/annotations.s
src.internal.trace.testdata.testprog	src/internal/trace/testdata/testprog/cgo-callback.s
src.internal.trace.testdata.testprog	src/internal/trace/testdata/testprog/cpu-profile.s
src.internal.trace.testdata.testprog	src/internal/trace/testdata/testprog/futile-wakeup.s
src.internal.trace.testdata.testprog	src/internal/trace/testdata/testprog/gc-stress.s
src.internal.trace.testdata.testprog	src/internal/trace/testdata/testprog/gomaxprocs.s
src.internal.trace.testdata.testprog	src/internal/trace/testdata/testprog/iter-pull.s
src.internal.trace.testdata.testprog	src/internal/trace/testdata/testprog/many-start-stop.s
src.internal.trace.testdata.testprog	src/internal/trace/testdata/testprog/stacks.s
src.internal.trace.testdata.testprog	src/internal/trace/testdata/testprog/stress-start-stop.s
src.internal.trace.testdata.testprog	src/internal/trace/testdata/testprog/stress.s
src.internal.trace.testdata.testprog	src/internal/trace/testdata/testprog/wait-on-pipe.s
src.internal.trace.testtrace	src/internal/trace/testtrace/expectation.s
src.internal.trace.testtrace	src/internal/trace/testtrace/format.s
src.internal.trace.testtrace	src/internal/trace/testtrace/helpers.s
src.internal.trace.testtrace	src/internal/trace/testtrace/platforms.s
src.internal.trace.testtrace	src/internal/trace/testtrace/validation.s
src.internal.trace.tracev2	src/internal/trace/tracev2/doc.s
src.internal.trace.tracev2	src/internal/trace/tracev2/events.s
src.internal.trace.tracev2	src/internal/trace/tracev2/spec.s
src.internal.trace.traceviewer	src/internal/trace/traceviewer/emitter.s
src.internal.trace.traceviewer	src/internal/trace/traceviewer/fakep.s
src.internal.trace.traceviewer	src/internal/trace/traceviewer/histogram.s
src.internal.trace.traceviewer	src/internal/trace/traceviewer/http.s
src.internal.trace.traceviewer	src/internal/trace/traceviewer/mmu.s
src.internal.trace.traceviewer	src/internal/trace/traceviewer/pprof.s
src.internal.trace.traceviewer.format	src/internal/trace/traceviewer/format/format.s
src.internal.trace.version	src/internal/trace/version/version.s
src.internal.txtar	src/internal/txtar/archive.s
src.internal.types.errors	src/internal/types/errors/code_string.s
src.internal.types.errors	src/internal/types/errors/codes.s
src.internal.types.errors	src/internal/types/errors/generrordocs.s
src.internal.types.testdata.check	src/internal/types/testdata/check/blank.s
src.internal.types.testdata.check	src/internal/types/testdata/check/builtins0.s
src.internal.types.testdata.check	src/internal/types/testdata/check/builtins1.s
src.internal.types.testdata.check	src/internal/types/testdata/check/chans.s
src.internal.types.testdata.check	src/internal/types/testdata/check/compliterals.s
src.internal.types.testdata.check	src/internal/types/testdata/check/const0.s
src.internal.types.testdata.check	src/internal/types/testdata/check/const1.s
src.internal.types.testdata.check	src/internal/types/testdata/check/constdecl.s
src.internal.types.testdata.check	src/internal/types/testdata/check/conversions0.s
src.internal.types.testdata.check	src/internal/types/testdata/check/conversions1.s
src.internal.types.testdata.check	src/internal/types/testdata/check/cycles0.s
src.internal.types.testdata.check	src/internal/types/testdata/check/cycles1.s
src.internal.types.testdata.check	src/internal/types/testdata/check/cycles2.s
src.internal.types.testdata.check	src/internal/types/testdata/check/cycles3.s
src.internal.types.testdata.check	src/internal/types/testdata/check/cycles4.s
src.internal.types.testdata.check	src/internal/types/testdata/check/cycles5.s
src.internal.types.testdata.check	src/internal/types/testdata/check/cycles6.s
src.internal.types.testdata.check	src/internal/types/testdata/check/decls0.s
src.internal.types.testdata.check	src/internal/types/testdata/check/decls1.s
src.internal.types.testdata.check	src/internal/types/testdata/check/decls3.s
src.internal.types.testdata.check	src/internal/types/testdata/check/decls4.s
src.internal.types.testdata.check	src/internal/types/testdata/check/decls5.s
src.internal.types.testdata.check	src/internal/types/testdata/check/doubled_labels.s
src.internal.types.testdata.check	src/internal/types/testdata/check/errors.s
src.internal.types.testdata.check	src/internal/types/testdata/check/expr0.s
src.internal.types.testdata.check	src/internal/types/testdata/check/expr1.s
src.internal.types.testdata.check	src/internal/types/testdata/check/expr2.s
src.internal.types.testdata.check	src/internal/types/testdata/check/expr3.s
src.internal.types.testdata.check	src/internal/types/testdata/check/funcinference.s
src.internal.types.testdata.check	src/internal/types/testdata/check/go1_12.s
src.internal.types.testdata.check	src/internal/types/testdata/check/go1_13.s
src.internal.types.testdata.check	src/internal/types/testdata/check/go1_16.s
src.internal.types.testdata.check	src/internal/types/testdata/check/go1_19.s
src.internal.types.testdata.check	src/internal/types/testdata/check/go1_19_20.s
src.internal.types.testdata.check	src/internal/types/testdata/check/go1_20_19.s
src.internal.types.testdata.check	src/internal/types/testdata/check/go1_21_19.s
src.internal.types.testdata.check	src/internal/types/testdata/check/go1_21_22.s
src.internal.types.testdata.check	src/internal/types/testdata/check/go1_22_21.s
src.internal.types.testdata.check	src/internal/types/testdata/check/go1_25.s
src.internal.types.testdata.check	src/internal/types/testdata/check/go1_8.s
src.internal.types.testdata.check	src/internal/types/testdata/check/go1_xx_19.s
src.internal.types.testdata.check	src/internal/types/testdata/check/gotos.s
src.internal.types.testdata.check	src/internal/types/testdata/check/importC.s
src.internal.types.testdata.check	src/internal/types/testdata/check/init0.s
src.internal.types.testdata.check	src/internal/types/testdata/check/init1.s
src.internal.types.testdata.check	src/internal/types/testdata/check/init2.s
src.internal.types.testdata.check	src/internal/types/testdata/check/issue70974.s
src.internal.types.testdata.check	src/internal/types/testdata/check/issues0.s
src.internal.types.testdata.check	src/internal/types/testdata/check/issues1.s
src.internal.types.testdata.check	src/internal/types/testdata/check/labels.s
src.internal.types.testdata.check	src/internal/types/testdata/check/linalg.s
src.internal.types.testdata.check	src/internal/types/testdata/check/literals.s
src.internal.types.testdata.check	src/internal/types/testdata/check/lookup1.s
src.internal.types.testdata.check	src/internal/types/testdata/check/lookup2.s
src.internal.types.testdata.check	src/internal/types/testdata/check/main0.s
src.internal.types.testdata.check	src/internal/types/testdata/check/main1.s
src.internal.types.testdata.check	src/internal/types/testdata/check/map0.s
src.internal.types.testdata.check	src/internal/types/testdata/check/map1.s
src.internal.types.testdata.check	src/internal/types/testdata/check/methodsets.s
src.internal.types.testdata.check	src/internal/types/testdata/check/shifts.s
src.internal.types.testdata.check	src/internal/types/testdata/check/slices.s
src.internal.types.testdata.check	src/internal/types/testdata/check/stmt0.s
src.internal.types.testdata.check	src/internal/types/testdata/check/stmt1.s
src.internal.types.testdata.check	src/internal/types/testdata/check/typeinference.s
src.internal.types.testdata.check	src/internal/types/testdata/check/typeinst0.s
src.internal.types.testdata.check	src/internal/types/testdata/check/typeinst1.s
src.internal.types.testdata.check	src/internal/types/testdata/check/typeinstcycles.s
src.internal.types.testdata.check	src/internal/types/testdata/check/typeparams.s
src.internal.types.testdata.check	src/internal/types/testdata/check/unions.s
src.internal.types.testdata.check	src/internal/types/testdata/check/vardecl.s
src.internal.types.testdata.check.decls2	src/internal/types/testdata/check/decls2/decls2a.s
src.internal.types.testdata.check.decls2	src/internal/types/testdata/check/decls2/decls2b.s
src.internal.types.testdata.check.importdecl0	src/internal/types/testdata/check/importdecl0/importdecl0a.s
src.internal.types.testdata.check.importdecl0	src/internal/types/testdata/check/importdecl0/importdecl0b.s
src.internal.types.testdata.check.importdecl1	src/internal/types/testdata/check/importdecl1/importdecl1a.s
src.internal.types.testdata.check.importdecl1	src/internal/types/testdata/check/importdecl1/importdecl1b.s
src.internal.types.testdata.check.issue25008	src/internal/types/testdata/check/issue25008/issue25008a.s
src.internal.types.testdata.check.issue25008	src/internal/types/testdata/check/issue25008/issue25008b.s
src.internal.types.testdata.examples	src/internal/types/testdata/examples/constraints.s
src.internal.types.testdata.examples	src/internal/types/testdata/examples/functions.s
src.internal.types.testdata.examples	src/internal/types/testdata/examples/inference.s
src.internal.types.testdata.examples	src/internal/types/testdata/examples/inference2.s
src.internal.types.testdata.examples	src/internal/types/testdata/examples/methods.s
src.internal.types.testdata.examples	src/internal/types/testdata/examples/operations.s
src.internal.types.testdata.examples	src/internal/types/testdata/examples/types.s
src.internal.types.testdata.examples	src/internal/types/testdata/examples/typesets.s
src.internal.types.testdata.fixedbugs	src/internal/types/testdata/fixedbugs/issue20583.s
src.internal.types.testdata.fixedbugs	src/internal/types/testdata/fixedbugs/issue23203a.s
src.internal.types.testdata.fixedbugs	src/internal/types/testdata/fixedbugs/issue23203b.s
src.internal.types.testdata.fixedbugs	src/internal/types/testdata/fixedbugs/issue25838.s
src.internal.types.testdata.fixedbugs	src/internal/types/testdata/fixedbugs/issue26390.s
src.internal.types.testdata.fixedbugs	src/internal/types/testdata/fixedbugs/issue28251.s
src.internal.types.testdata.fixedbugs	src/internal/types/testdata/fixedbugs/issue3117.s
src.internal.types.testdata.fixedbugs	src/internal/types/testdata/fixedbugs/issue39634.s
src.internal.types.testdata.fixedbugs	src/internal/types/testdata/fixedbugs/issue39664.s
src.internal.types.testdata.fixedbugs	src/internal/types/testdata/fixedbugs/issue39680.s
src.internal.types.testdata.fixedbugs	src/internal/types/testdata/fixedbugs/issue39693.s
src.internal.types.testdata.fixedbugs	src/internal/types/testdata/fixedbugs/issue39699.s
src.internal.types.testdata.fixedbugs	src/internal/types/testdata/fixedbugs/issue39711.s
src.internal.types.testdata.fixedbugs	src/internal/types/testdata/fixedbugs/issue39723.s
src.internal.types.testdata.fixedbugs	src/internal/types/testdata/fixedbugs/issue39725.s
src.internal.types.testdata.fixedbugs	src/internal/types/testdata/fixedbugs/issue39754.s
src.internal.types.testdata.fixedbugs	src/internal/types/testdata/fixedbugs/issue39755.s
src.internal.types.testdata.fixedbugs	src/internal/types/testdata/fixedbugs/issue39768.s
src.internal.types.testdata.fixedbugs	src/internal/types/testdata/fixedbugs/issue39938.s
src.internal.types.testdata.fixedbugs	src/internal/types/testdata/fixedbugs/issue39948.s
src.internal.types.testdata.fixedbugs	src/internal/types/testdata/fixedbugs/issue39976.s
src.internal.types.testdata.fixedbugs	src/internal/types/testdata/fixedbugs/issue39982.s
src.internal.types.testdata.fixedbugs	src/internal/types/testdata/fixedbugs/issue40038.s
src.internal.types.testdata.fixedbugs	src/internal/types/testdata/fixedbugs/issue40056.s
src.internal.types.testdata.fixedbugs	src/internal/types/testdata/fixedbugs/issue40057.s
src.internal.types.testdata.fixedbugs	src/internal/types/testdata/fixedbugs/issue40301.s
src.internal.types.testdata.fixedbugs	src/internal/types/testdata/fixedbugs/issue40350.s
src.internal.types.testdata.fixedbugs	src/internal/types/testdata/fixedbugs/issue40684.s
src.internal.types.testdata.fixedbugs	src/internal/types/testdata/fixedbugs/issue40789.s
src.internal.types.testdata.fixedbugs	src/internal/types/testdata/fixedbugs/issue41124.s
src.internal.types.testdata.fixedbugs	src/internal/types/testdata/fixedbugs/issue41176.s
src.internal.types.testdata.fixedbugs	src/internal/types/testdata/fixedbugs/issue42695.s
src.internal.types.testdata.fixedbugs	src/internal/types/testdata/fixedbugs/issue42758.s
src.internal.types.testdata.fixedbugs	src/internal/types/testdata/fixedbugs/issue42881.s
src.internal.types.testdata.fixedbugs	src/internal/types/testdata/fixedbugs/issue42987.s
src.internal.types.testdata.fixedbugs	src/internal/types/testdata/fixedbugs/issue43056.s
src.internal.types.testdata.fixedbugs	src/internal/types/testdata/fixedbugs/issue43087.s
src.internal.types.testdata.fixedbugs	src/internal/types/testdata/fixedbugs/issue43109.s
src.internal.types.testdata.fixedbugs	src/internal/types/testdata/fixedbugs/issue43110.s
src.internal.types.testdata.fixedbugs	src/internal/types/testdata/fixedbugs/issue43124.s
src.internal.types.testdata.fixedbugs	src/internal/types/testdata/fixedbugs/issue43190.s
src.internal.types.testdata.fixedbugs	src/internal/types/testdata/fixedbugs/issue43527.s
src.internal.types.testdata.fixedbugs	src/internal/types/testdata/fixedbugs/issue43671.s
src.internal.types.testdata.fixedbugs	src/internal/types/testdata/fixedbugs/issue44688.s
src.internal.types.testdata.fixedbugs	src/internal/types/testdata/fixedbugs/issue44799.s
src.internal.types.testdata.fixedbugs	src/internal/types/testdata/fixedbugs/issue45114.s
src.internal.types.testdata.fixedbugs	src/internal/types/testdata/fixedbugs/issue45548.s
src.internal.types.testdata.fixedbugs	src/internal/types/testdata/fixedbugs/issue45550.s
src.internal.types.testdata.fixedbugs	src/internal/types/testdata/fixedbugs/issue45635.s
src.internal.types.testdata.fixedbugs	src/internal/types/testdata/fixedbugs/issue45639.s
src.internal.types.testdata.fixedbugs	src/internal/types/testdata/fixedbugs/issue45920.s
src.internal.types.testdata.fixedbugs	src/internal/types/testdata/fixedbugs/issue45985.s
src.internal.types.testdata.fixedbugs	src/internal/types/testdata/fixedbugs/issue46090.s
src.internal.types.testdata.fixedbugs	src/internal/types/testdata/fixedbugs/issue46275.s
src.internal.types.testdata.fixedbugs	src/internal/types/testdata/fixedbugs/issue46403.s
src.internal.types.testdata.fixedbugs	src/internal/types/testdata/fixedbugs/issue46404.s
src.internal.types.testdata.fixedbugs	src/internal/types/testdata/fixedbugs/issue46461.s
src.internal.types.testdata.fixedbugs	src/internal/types/testdata/fixedbugs/issue46583.s
src.internal.types.testdata.fixedbugs	src/internal/types/testdata/fixedbugs/issue47031.s
src.internal.types.testdata.fixedbugs	src/internal/types/testdata/fixedbugs/issue47115.s
src.internal.types.testdata.fixedbugs	src/internal/types/testdata/fixedbugs/issue47127.s
src.internal.types.testdata.fixedbugs	src/internal/types/testdata/fixedbugs/issue47411.s
src.internal.types.testdata.fixedbugs	src/internal/types/testdata/fixedbugs/issue47747.s
src.internal.types.testdata.fixedbugs	src/internal/types/testdata/fixedbugs/issue47796.s
src.internal.types.testdata.fixedbugs	src/internal/types/testdata/fixedbugs/issue47818.s
src.internal.types.testdata.fixedbugs	src/internal/types/testdata/fixedbugs/issue47887.s
src.internal.types.testdata.fixedbugs	src/internal/types/testdata/fixedbugs/issue47968.s
src.internal.types.testdata.fixedbugs	src/internal/types/testdata/fixedbugs/issue48008.s
src.internal.types.testdata.fixedbugs	src/internal/types/testdata/fixedbugs/issue48018.s
src.internal.types.testdata.fixedbugs	src/internal/types/testdata/fixedbugs/issue48048.s
src.internal.types.testdata.fixedbugs	src/internal/types/testdata/fixedbugs/issue48082.s
src.internal.types.testdata.fixedbugs	src/internal/types/testdata/fixedbugs/issue48083.s
src.internal.types.testdata.fixedbugs	src/internal/types/testdata/fixedbugs/issue48136.s
src.internal.types.testdata.fixedbugs	src/internal/types/testdata/fixedbugs/issue48234.s
src.internal.types.testdata.fixedbugs	src/internal/types/testdata/fixedbugs/issue48312.s
src.internal.types.testdata.fixedbugs	src/internal/types/testdata/fixedbugs/issue48472.s
src.internal.types.testdata.fixedbugs	src/internal/types/testdata/fixedbugs/issue48529.s
src.internal.types.testdata.fixedbugs	src/internal/types/testdata/fixedbugs/issue48582.s
src.internal.types.testdata.fixedbugs	src/internal/types/testdata/fixedbugs/issue48619.s
src.internal.types.testdata.fixedbugs	src/internal/types/testdata/fixedbugs/issue48656.s
src.internal.types.testdata.fixedbugs	src/internal/types/testdata/fixedbugs/issue48695.s
src.internal.types.testdata.fixedbugs	src/internal/types/testdata/fixedbugs/issue48703.s
src.internal.types.testdata.fixedbugs	src/internal/types/testdata/fixedbugs/issue48712.s
src.internal.types.testdata.fixedbugs	src/internal/types/testdata/fixedbugs/issue48819.s
src.internal.types.testdata.fixedbugs	src/internal/types/testdata/fixedbugs/issue48827.s
src.internal.types.testdata.fixedbugs	src/internal/types/testdata/fixedbugs/issue48951.s
src.internal.types.testdata.fixedbugs	src/internal/types/testdata/fixedbugs/issue48962.s
src.internal.types.testdata.fixedbugs	src/internal/types/testdata/fixedbugs/issue48974.s
src.internal.types.testdata.fixedbugs	src/internal/types/testdata/fixedbugs/issue49003.s
src.internal.types.testdata.fixedbugs	src/internal/types/testdata/fixedbugs/issue49005.s
src.internal.types.testdata.fixedbugs	src/internal/types/testdata/fixedbugs/issue49043.s
src.internal.types.testdata.fixedbugs	src/internal/types/testdata/fixedbugs/issue49112.s
src.internal.types.testdata.fixedbugs	src/internal/types/testdata/fixedbugs/issue49179.s
src.internal.types.testdata.fixedbugs	src/internal/types/testdata/fixedbugs/issue49242.s
src.internal.types.testdata.fixedbugs	src/internal/types/testdata/fixedbugs/issue49247.s
src.internal.types.testdata.fixedbugs	src/internal/types/testdata/fixedbugs/issue49276.s
src.internal.types.testdata.fixedbugs	src/internal/types/testdata/fixedbugs/issue49296.s
src.internal.types.testdata.fixedbugs	src/internal/types/testdata/fixedbugs/issue49439.s
src.internal.types.testdata.fixedbugs	src/internal/types/testdata/fixedbugs/issue49482.s
src.internal.types.testdata.fixedbugs	src/internal/types/testdata/fixedbugs/issue49541.s
src.internal.types.testdata.fixedbugs	src/internal/types/testdata/fixedbugs/issue49579.s
src.internal.types.testdata.fixedbugs	src/internal/types/testdata/fixedbugs/issue49592.s
src.internal.types.testdata.fixedbugs	src/internal/types/testdata/fixedbugs/issue49602.s
src.internal.types.testdata.fixedbugs	src/internal/types/testdata/fixedbugs/issue49705.s
src.internal.types.testdata.fixedbugs	src/internal/types/testdata/fixedbugs/issue49735.s
src.internal.types.testdata.fixedbugs	src/internal/types/testdata/fixedbugs/issue49736.s
src.internal.types.testdata.fixedbugs	src/internal/types/testdata/fixedbugs/issue49739.s
src.internal.types.testdata.fixedbugs	src/internal/types/testdata/fixedbugs/issue49864.s
src.internal.types.testdata.fixedbugs	src/internal/types/testdata/fixedbugs/issue50259.s
src.internal.types.testdata.fixedbugs	src/internal/types/testdata/fixedbugs/issue50276.s
src.internal.types.testdata.fixedbugs	src/internal/types/testdata/fixedbugs/issue50281.s
src.internal.types.testdata.fixedbugs	src/internal/types/testdata/fixedbugs/issue50321.s
src.internal.types.testdata.fixedbugs	src/internal/types/testdata/fixedbugs/issue50372.s
src.internal.types.testdata.fixedbugs	src/internal/types/testdata/fixedbugs/issue50417.s
src.internal.types.testdata.fixedbugs	src/internal/types/testdata/fixedbugs/issue50426.s
src.internal.types.testdata.fixedbugs	src/internal/types/testdata/fixedbugs/issue50427a.s
src.internal.types.testdata.fixedbugs	src/internal/types/testdata/fixedbugs/issue50427b.s
src.internal.types.testdata.fixedbugs	src/internal/types/testdata/fixedbugs/issue50450.s
src.internal.types.testdata.fixedbugs	src/internal/types/testdata/fixedbugs/issue50516.s
src.internal.types.testdata.fixedbugs	src/internal/types/testdata/fixedbugs/issue50646.s
src.internal.types.testdata.fixedbugs	src/internal/types/testdata/fixedbugs/issue50729.s
src.internal.types.testdata.fixedbugs	src/internal/types/testdata/fixedbugs/issue50729b.s
src.internal.types.testdata.fixedbugs	src/internal/types/testdata/fixedbugs/issue50755.s
src.internal.types.testdata.fixedbugs	src/internal/types/testdata/fixedbugs/issue50779.s
src.internal.types.testdata.fixedbugs	src/internal/types/testdata/fixedbugs/issue50782.s
src.internal.types.testdata.fixedbugs	src/internal/types/testdata/fixedbugs/issue50816.s
src.internal.types.testdata.fixedbugs	src/internal/types/testdata/fixedbugs/issue50833.s
src.internal.types.testdata.fixedbugs	src/internal/types/testdata/fixedbugs/issue50912.s
src.internal.types.testdata.fixedbugs	src/internal/types/testdata/fixedbugs/issue50918.s
src.internal.types.testdata.fixedbugs	src/internal/types/testdata/fixedbugs/issue50929.s
src.internal.types.testdata.fixedbugs	src/internal/types/testdata/fixedbugs/issue50965.s
src.internal.types.testdata.fixedbugs	src/internal/types/testdata/fixedbugs/issue51025.s
src.internal.types.testdata.fixedbugs	src/internal/types/testdata/fixedbugs/issue51048.s
src.internal.types.testdata.fixedbugs	src/internal/types/testdata/fixedbugs/issue51139.s
src.internal.types.testdata.fixedbugs	src/internal/types/testdata/fixedbugs/issue51145.s
src.internal.types.testdata.fixedbugs	src/internal/types/testdata/fixedbugs/issue51158.s
src.internal.types.testdata.fixedbugs	src/internal/types/testdata/fixedbugs/issue51229.s
src.internal.types.testdata.fixedbugs	src/internal/types/testdata/fixedbugs/issue51232.s
src.internal.types.testdata.fixedbugs	src/internal/types/testdata/fixedbugs/issue51233.s
src.internal.types.testdata.fixedbugs	src/internal/types/testdata/fixedbugs/issue51257.s
src.internal.types.testdata.fixedbugs	src/internal/types/testdata/fixedbugs/issue51335.s
src.internal.types.testdata.fixedbugs	src/internal/types/testdata/fixedbugs/issue51339.s
src.internal.types.testdata.fixedbugs	src/internal/types/testdata/fixedbugs/issue51360.s
src.internal.types.testdata.fixedbugs	src/internal/types/testdata/fixedbugs/issue51376.s
src.internal.types.testdata.fixedbugs	src/internal/types/testdata/fixedbugs/issue51386.s
src.internal.types.testdata.fixedbugs	src/internal/types/testdata/fixedbugs/issue51437.s
src.internal.types.testdata.fixedbugs	src/internal/types/testdata/fixedbugs/issue51472.s
src.internal.types.testdata.fixedbugs	src/internal/types/testdata/fixedbugs/issue51503.s
src.internal.types.testdata.fixedbugs	src/internal/types/testdata/fixedbugs/issue51509.s
src.internal.types.testdata.fixedbugs	src/internal/types/testdata/fixedbugs/issue51525.s
src.internal.types.testdata.fixedbugs	src/internal/types/testdata/fixedbugs/issue51533.s
src.internal.types.testdata.fixedbugs	src/internal/types/testdata/fixedbugs/issue51578.s
src.internal.types.testdata.fixedbugs	src/internal/types/testdata/fixedbugs/issue51593.s
src.internal.types.testdata.fixedbugs	src/internal/types/testdata/fixedbugs/issue51607.s
src.internal.types.testdata.fixedbugs	src/internal/types/testdata/fixedbugs/issue51610.s
src.internal.types.testdata.fixedbugs	src/internal/types/testdata/fixedbugs/issue51616.s
src.internal.types.testdata.fixedbugs	src/internal/types/testdata/fixedbugs/issue51658.s
src.internal.types.testdata.fixedbugs	src/internal/types/testdata/fixedbugs/issue51877.s
src.internal.types.testdata.fixedbugs	src/internal/types/testdata/fixedbugs/issue52031.s
src.internal.types.testdata.fixedbugs	src/internal/types/testdata/fixedbugs/issue52401.s
src.internal.types.testdata.fixedbugs	src/internal/types/testdata/fixedbugs/issue52529.s
src.internal.types.testdata.fixedbugs	src/internal/types/testdata/fixedbugs/issue52698.s
src.internal.types.testdata.fixedbugs	src/internal/types/testdata/fixedbugs/issue52915.s
src.internal.types.testdata.fixedbugs	src/internal/types/testdata/fixedbugs/issue53358.s
src.internal.types.testdata.fixedbugs	src/internal/types/testdata/fixedbugs/issue53535.s
src.internal.types.testdata.fixedbugs	src/internal/types/testdata/fixedbugs/issue53650.s
src.internal.types.testdata.fixedbugs	src/internal/types/testdata/fixedbugs/issue53692.s
src.internal.types.testdata.fixedbugs	src/internal/types/testdata/fixedbugs/issue54280.s
src.internal.types.testdata.fixedbugs	src/internal/types/testdata/fixedbugs/issue54405.s
src.internal.types.testdata.fixedbugs	src/internal/types/testdata/fixedbugs/issue54424.s
src.internal.types.testdata.fixedbugs	src/internal/types/testdata/fixedbugs/issue54942.s
src.internal.types.testdata.fixedbugs	src/internal/types/testdata/fixedbugs/issue56351.s
src.internal.types.testdata.fixedbugs	src/internal/types/testdata/fixedbugs/issue56425.s
src.internal.types.testdata.fixedbugs	src/internal/types/testdata/fixedbugs/issue56665.s
src.internal.types.testdata.fixedbugs	src/internal/types/testdata/fixedbugs/issue57155.s
src.internal.types.testdata.fixedbugs	src/internal/types/testdata/fixedbugs/issue57160.s
src.internal.types.testdata.fixedbugs	src/internal/types/testdata/fixedbugs/issue57192.s
src.internal.types.testdata.fixedbugs	src/internal/types/testdata/fixedbugs/issue57352.s
src.internal.types.testdata.fixedbugs	src/internal/types/testdata/fixedbugs/issue57486.s
src.internal.types.testdata.fixedbugs	src/internal/types/testdata/fixedbugs/issue57500.s
src.internal.types.testdata.fixedbugs	src/internal/types/testdata/fixedbugs/issue57522.s
src.internal.types.testdata.fixedbugs	src/internal/types/testdata/fixedbugs/issue58611.s
src.internal.types.testdata.fixedbugs	src/internal/types/testdata/fixedbugs/issue58612.s
src.internal.types.testdata.fixedbugs	src/internal/types/testdata/fixedbugs/issue58671.s
src.internal.types.testdata.fixedbugs	src/internal/types/testdata/fixedbugs/issue58742.s
src.internal.types.testdata.fixedbugs	src/internal/types/testdata/fixedbugs/issue59190.s
src.internal.types.testdata.fixedbugs	src/internal/types/testdata/fixedbugs/issue59207.s
src.internal.types.testdata.fixedbugs	src/internal/types/testdata/fixedbugs/issue59209.s
src.internal.types.testdata.fixedbugs	src/internal/types/testdata/fixedbugs/issue59338a.s
src.internal.types.testdata.fixedbugs	src/internal/types/testdata/fixedbugs/issue59338b.s
src.internal.types.testdata.fixedbugs	src/internal/types/testdata/fixedbugs/issue59371.s
src.internal.types.testdata.fixedbugs	src/internal/types/testdata/fixedbugs/issue59639.s
src.internal.types.testdata.fixedbugs	src/internal/types/testdata/fixedbugs/issue59740.s
src.internal.types.testdata.fixedbugs	src/internal/types/testdata/fixedbugs/issue59848.s
src.internal.types.testdata.fixedbugs	src/internal/types/testdata/fixedbugs/issue59890.s
src.internal.types.testdata.fixedbugs	src/internal/types/testdata/fixedbugs/issue59953.s
src.internal.types.testdata.fixedbugs	src/internal/types/testdata/fixedbugs/issue59956.s
src.internal.types.testdata.fixedbugs	src/internal/types/testdata/fixedbugs/issue59958.s
src.internal.types.testdata.fixedbugs	src/internal/types/testdata/fixedbugs/issue60346.s
src.internal.types.testdata.fixedbugs	src/internal/types/testdata/fixedbugs/issue60377.s
src.internal.types.testdata.fixedbugs	src/internal/types/testdata/fixedbugs/issue60434.s
src.internal.types.testdata.fixedbugs	src/internal/types/testdata/fixedbugs/issue60460.s
src.internal.types.testdata.fixedbugs	src/internal/types/testdata/fixedbugs/issue60500.s
src.internal.types.testdata.fixedbugs	src/internal/types/testdata/fixedbugs/issue60542.s
src.internal.types.testdata.fixedbugs	src/internal/types/testdata/fixedbugs/issue60556.s
src.internal.types.testdata.fixedbugs	src/internal/types/testdata/fixedbugs/issue60562.s
src.internal.types.testdata.fixedbugs	src/internal/types/testdata/fixedbugs/issue60688.s
src.internal.types.testdata.fixedbugs	src/internal/types/testdata/fixedbugs/issue60747.s
src.internal.types.testdata.fixedbugs	src/internal/types/testdata/fixedbugs/issue60906.s
src.internal.types.testdata.fixedbugs	src/internal/types/testdata/fixedbugs/issue60933.s
src.internal.types.testdata.fixedbugs	src/internal/types/testdata/fixedbugs/issue60946.s
src.internal.types.testdata.fixedbugs	src/internal/types/testdata/fixedbugs/issue61486.s
src.internal.types.testdata.fixedbugs	src/internal/types/testdata/fixedbugs/issue61685.s
src.internal.types.testdata.fixedbugs	src/internal/types/testdata/fixedbugs/issue61822.s
src.internal.types.testdata.fixedbugs	src/internal/types/testdata/fixedbugs/issue61879.s
src.internal.types.testdata.fixedbugs	src/internal/types/testdata/fixedbugs/issue61903.s
src.internal.types.testdata.fixedbugs	src/internal/types/testdata/fixedbugs/issue62157.s
src.internal.types.testdata.fixedbugs	src/internal/types/testdata/fixedbugs/issue63563.s
src.internal.types.testdata.fixedbugs	src/internal/types/testdata/fixedbugs/issue64406.s
src.internal.types.testdata.fixedbugs	src/internal/types/testdata/fixedbugs/issue64704.s
src.internal.types.testdata.fixedbugs	src/internal/types/testdata/fixedbugs/issue65344.s
src.internal.types.testdata.fixedbugs	src/internal/types/testdata/fixedbugs/issue65711.s
src.internal.types.testdata.fixedbugs	src/internal/types/testdata/fixedbugs/issue65854.s
src.internal.types.testdata.fixedbugs	src/internal/types/testdata/fixedbugs/issue66064.s
src.internal.types.testdata.fixedbugs	src/internal/types/testdata/fixedbugs/issue66285.s
src.internal.types.testdata.fixedbugs	src/internal/types/testdata/fixedbugs/issue66323.s
src.internal.types.testdata.fixedbugs	src/internal/types/testdata/fixedbugs/issue66751.s
src.internal.types.testdata.fixedbugs	src/internal/types/testdata/fixedbugs/issue66878.s
src.internal.types.testdata.fixedbugs	src/internal/types/testdata/fixedbugs/issue67547.s
src.internal.types.testdata.fixedbugs	src/internal/types/testdata/fixedbugs/issue67628.s
src.internal.types.testdata.fixedbugs	src/internal/types/testdata/fixedbugs/issue67683.s
src.internal.types.testdata.fixedbugs	src/internal/types/testdata/fixedbugs/issue67872.s
src.internal.types.testdata.fixedbugs	src/internal/types/testdata/fixedbugs/issue67962.s
src.internal.types.testdata.fixedbugs	src/internal/types/testdata/fixedbugs/issue6814.s
src.internal.types.testdata.fixedbugs	src/internal/types/testdata/fixedbugs/issue68162.s
src.internal.types.testdata.fixedbugs	src/internal/types/testdata/fixedbugs/issue68184.s
src.internal.types.testdata.fixedbugs	src/internal/types/testdata/fixedbugs/issue68903.s
src.internal.types.testdata.fixedbugs	src/internal/types/testdata/fixedbugs/issue68935.s
src.internal.types.testdata.fixedbugs	src/internal/types/testdata/fixedbugs/issue69576.s
src.internal.types.testdata.fixedbugs	src/internal/types/testdata/fixedbugs/issue6977.s
src.internal.types.testdata.fixedbugs	src/internal/types/testdata/fixedbugs/issue69955.s
src.internal.types.testdata.fixedbugs	src/internal/types/testdata/fixedbugs/issue70150.s
src.internal.types.testdata.fixedbugs	src/internal/types/testdata/fixedbugs/issue70417.s
src.internal.types.testdata.fixedbugs	src/internal/types/testdata/fixedbugs/issue70526.s
src.internal.types.testdata.fixedbugs	src/internal/types/testdata/fixedbugs/issue70549.s
src.internal.types.testdata.fixedbugs	src/internal/types/testdata/fixedbugs/issue71131.s
src.internal.types.testdata.fixedbugs	src/internal/types/testdata/fixedbugs/issue71198.s
src.internal.types.testdata.fixedbugs	src/internal/types/testdata/fixedbugs/issue71284.s
src.internal.types.testdata.fixedbugs	src/internal/types/testdata/fixedbugs/issue72936.s
src.internal.types.testdata.fixedbugs	src/internal/types/testdata/fixedbugs/issue73428.s
src.internal.types.testdata.fixedbugs	src/internal/types/testdata/fixedbugs/issue75194.s
src.internal.types.testdata.fixedbugs	src/internal/types/testdata/fixedbugs/issue75883.s
src.internal.types.testdata.fixedbugs	src/internal/types/testdata/fixedbugs/issue75885.s
src.internal.types.testdata.fixedbugs	src/internal/types/testdata/fixedbugs/issue75918.s
src.internal.types.testdata.fixedbugs	src/internal/types/testdata/fixedbugs/issue75986.s
src.internal.types.testdata.fixedbugs	src/internal/types/testdata/fixedbugs/issue76103.s
src.internal.types.testdata.fixedbugs	src/internal/types/testdata/fixedbugs/issue76220.s
src.internal.types.testdata.fixedbugs	src/internal/types/testdata/fixedbugs/issue76366.s
src.internal.types.testdata.fixedbugs	src/internal/types/testdata/fixedbugs/issue76383.s
src.internal.types.testdata.fixedbugs	src/internal/types/testdata/fixedbugs/issue76384.s
src.internal.types.testdata.fixedbugs	src/internal/types/testdata/fixedbugs/issue76478.s
src.internal.types.testdata.fixedbugs	src/internal/types/testdata/fixedbugs/issue77245.s
src.internal.types.testdata.fixedbugs	src/internal/types/testdata/fixedbugs/issue77382.s
src.internal.types.testdata.fixedbugs	src/internal/types/testdata/fixedbugs/issue78163.s
src.internal.types.testdata.fixedbugs	src/internal/types/testdata/fixedbugs/issue78346.s
src.internal.types.testdata.fixedbugs	src/internal/types/testdata/fixedbugs/issue78483.s
src.internal.types.testdata.spec	src/internal/types/testdata/spec/assignability.s
src.internal.types.testdata.spec	src/internal/types/testdata/spec/comparable.s
src.internal.types.testdata.spec	src/internal/types/testdata/spec/comparable1.19.s
src.internal.types.testdata.spec	src/internal/types/testdata/spec/comparisons.s
src.internal.types.testdata.spec	src/internal/types/testdata/spec/conversions.s
src.internal.types.testdata.spec	src/internal/types/testdata/spec/methods.s
src.internal.types.testdata.spec	src/internal/types/testdata/spec/range.s
src.internal.types.testdata.spec	src/internal/types/testdata/spec/range_int.s
src.internal.types.testdata.spec	src/internal/types/testdata/spec/receivers.s
src.internal.types.testdata.spec	src/internal/types/testdata/spec/structLits.s
src.internal.types.testdata.spec	src/internal/types/testdata/spec/typeAliases1.22.s
src.internal.types.testdata.spec	src/internal/types/testdata/spec/typeAliases1.23.s
src.internal.types.testdata.spec	src/internal/types/testdata/spec/typeAliases1.8.s
src.internal.unsafeheader	src/internal/unsafeheader/unsafeheader.s
src.internal.xcoff	src/internal/xcoff/ar.s
src.internal.xcoff	src/internal/xcoff/file.s
src.internal.xcoff	src/internal/xcoff/xcoff.s
src.internal.zstd	src/internal/zstd/bits.s
src.internal.zstd	src/internal/zstd/block.s
src.internal.zstd	src/internal/zstd/fse.s
src.internal.zstd	src/internal/zstd/huff.s
src.internal.zstd	src/internal/zstd/literals.s
src.internal.zstd	src/internal/zstd/window.s
src.internal.zstd	src/internal/zstd/xxhash.s
src.internal.zstd	src/internal/zstd/zstd.s
src.io	src/io/multi.s
src.io	src/io/pipe.s
src.io.fs	src/io/fs/format.s
src.io.fs	src/io/fs/fs.s
src.io.fs	src/io/fs/glob.s
src.io.fs	src/io/fs/readdir.s
src.io.fs	src/io/fs/readfile.s
src.io.fs	src/io/fs/readlink.s
src.io.fs	src/io/fs/stat.s
src.io.fs	src/io/fs/sub.s
src.io.fs	src/io/fs/walk.s
src.io.ioutil	src/io/ioutil.s
src.io.ioutil	src/io/ioutil/ioutil.s
src.io.ioutil	src/io/ioutil/tempfile.s
src.iter	src/iter/iter.s
src.log	src/log/log.s
src.log.internal	src/log/internal/internal.s
src.log.slog	src/log/slog/attr.s
src.log.slog	src/log/slog/doc.s
src.log.slog	src/log/slog/handler.s
src.log.slog	src/log/slog/json_handler.s
src.log.slog	src/log/slog/level.s
src.log.slog	src/log/slog/logger.s
src.log.slog	src/log/slog/multi_handler.s
src.log.slog	src/log/slog/record.s
src.log.slog	src/log/slog/text_handler.s
src.log.slog	src/log/slog/value.s
src.log.slog.internal	src/log/slog/internal/ignorepc.s
src.log.slog.internal.benchmarks	src/log/slog/internal/benchmarks/benchmarks.s
src.log.slog.internal.benchmarks	src/log/slog/internal/benchmarks/handlers.s
src.log.slog.internal.buffer	src/log/slog/internal/buffer/buffer.s
src.log.syslog	src/log/syslog/doc.s
src.log.syslog	src/log/syslog/syslog.s
src.log.syslog	src/log/syslog/syslog_unix.s
src.maps	src/maps/iter.s
src.maps	src/maps/maps.s
src.mime	src/mime/encodedword.s
src.mime	src/mime/grammar.s
src.mime	src/mime/mediatype.s
src.mime	src/mime/type.s
src.mime	src/mime/type_dragonfly.s
src.mime	src/mime/type_freebsd.s
src.mime	src/mime/type_openbsd.s
src.mime	src/mime/type_plan9.s
src.mime	src/mime/type_unix.s
src.mime	src/mime/type_windows.s
src.mime.multipart	src/mime/multipart/formdata.s
src.mime.multipart	src/mime/multipart/multipart.s
src.mime.multipart	src/mime/multipart/readmimeheader.s
src.mime.multipart	src/mime/multipart/writer.s
src.mime.quotedprintable	src/mime/quotedprintable/reader.s
src.mime.quotedprintable	src/mime/quotedprintable/writer.s
src.net	src/net/addr.s
src.net	src/net/addrselect.s
src.net	src/net/addrutil.s
src.net	src/net/cgo_aix.s
src.net	src/net/cgo_android.s
src.net	src/net/cgo_bsd.s
src.net	src/net/cgo_darwin.s
src.net	src/net/cgo_linux.s
src.net	src/net/cgo_netbsd.s
src.net	src/net/cgo_openbsd.s
src.net	src/net/cgo_resnew.s
src.net	src/net/cgo_resold.s
src.net	src/net/cgo_socknew.s
src.net	src/net/cgo_sockold.s
src.net	src/net/cgo_solaris.s
src.net	src/net/cgo_stub.s
src.net	src/net/cgo_unix.s
src.net	src/net/cgo_unix_cgo.s
src.net	src/net/cgo_unix_cgo_res.s
src.net	src/net/cgo_unix_cgo_resn.s
src.net	src/net/cgo_unix_syscall.s
src.net	src/net/conf.s
src.net	src/net/conn.s
src.net	src/net/dial.s
src.net	src/net/dnsclient.s
src.net	src/net/dnsclient_unix.s
src.net	src/net/dnsconfig.s
src.net	src/net/dnsconfig_unix.s
src.net	src/net/dnsconfig_windows.s
src.net	src/net/error.s
src.net	src/net/error_plan9.s
src.net	src/net/error_posix.s
src.net	src/net/error_unix.s
src.net	src/net/error_windows.s
src.net	src/net/fd_fake.s
src.net	src/net/fd_js.s
src.net	src/net/fd_plan9.s
src.net	src/net/fd_posix.s
src.net	src/net/fd_unix.s
src.net	src/net/fd_wasip1.s
src.net	src/net/fd_windows.s
src.net	src/net/file.s
src.net	src/net/file_plan9.s
src.net	src/net/file_posix.s
src.net	src/net/file_stub.s
src.net	src/net/file_unix.s
src.net	src/net/file_wasip1.s
src.net	src/net/file_windows.s
src.net	src/net/hook.s
src.net	src/net/hook_plan9.s
src.net	src/net/hook_unix.s
src.net	src/net/hook_windows.s
src.net	src/net/hosts.s
src.net	src/net/interface.s
src.net	src/net/interface_aix.s
src.net	src/net/interface_bsd.s
src.net	src/net/interface_bsdvar.s
src.net	src/net/interface_darwin.s
src.net	src/net/interface_freebsd.s
src.net	src/net/interface_linux.s
src.net	src/net/interface_plan9.s
src.net	src/net/interface_solaris.s
src.net	src/net/interface_stub.s
src.net	src/net/interface_windows.s
src.net	src/net/ip.s
src.net	src/net/iprawsock.s
src.net	src/net/iprawsock_plan9.s
src.net	src/net/iprawsock_posix.s
src.net	src/net/ipsock.s
src.net	src/net/ipsock_plan9.s
src.net	src/net/ipsock_posix.s
src.net	src/net/listen.s
src.net	src/net/listener.s
src.net	src/net/lookup.s
src.net	src/net/lookup_plan9.s
src.net	src/net/lookup_unix.s
src.net	src/net/lookup_windows.s
src.net	src/net/mac.s
src.net	src/net/mptcpsock_linux.s
src.net	src/net/mptcpsock_stub.s
src.net	src/net/net.s
src.net	src/net/net_fake.s
src.net	src/net/netcgo_off.s
src.net	src/net/netcgo_on.s
src.net	src/net/netgo_netcgo.s
src.net	src/net/netgo_off.s
src.net	src/net/netgo_on.s
src.net	src/net/nss.s
src.net	src/net/packetconn.s
src.net	src/net/parse.s
src.net	src/net/pipe.s
src.net	src/net/port.s
src.net	src/net/port_unix.s
src.net	src/net/rawconn.s
src.net	src/net/rlimit_js.s
src.net	src/net/rlimit_unix.s
src.net	src/net/sendfile.s
src.net	src/net/sendfile_nonwindows.s
src.net	src/net/sendfile_stub.s
src.net	src/net/sendfile_windows.s
src.net	src/net/sock_bsd.s
src.net	src/net/sock_cloexec.s
src.net	src/net/sock_cloexec_solaris.s
src.net	src/net/sock_linux.s
src.net	src/net/sock_plan9.s
src.net	src/net/sock_posix.s
src.net	src/net/sock_stub.s
src.net	src/net/sock_windows.s
src.net	src/net/sockaddr_posix.s
src.net	src/net/socket.s
src.net	src/net/sockopt_aix.s
src.net	src/net/sockopt_bsd.s
src.net	src/net/sockopt_fake.s
src.net	src/net/sockopt_linux.s
src.net	src/net/sockopt_plan9.s
src.net	src/net/sockopt_posix.s
src.net	src/net/sockopt_solaris.s
src.net	src/net/sockopt_windows.s
src.net	src/net/sockoptip4_bsdvar.s
src.net	src/net/sockoptip4_linux.s
src.net	src/net/sockoptip4_posix_nonlinux.s
src.net	src/net/sockoptip4_windows.s
src.net	src/net/sockoptip6_posix.s
src.net	src/net/sockoptip_stub.s
src.net	src/net/splice_linux.s
src.net	src/net/splice_stub.s
src.net	src/net/sys_cloexec.s
src.net	src/net/tcpconn.s
src.net	src/net/tcpconn_new.s
src.net	src/net/tcplistener.s
src.net	src/net/tcpsock.s
src.net	src/net/tcpsock_plan9.s
src.net	src/net/tcpsock_posix.s
src.net	src/net/tcpsock_solaris.s
src.net	src/net/tcpsock_unix.s
src.net	src/net/tcpsock_windows.s
src.net	src/net/tcpsockopt_darwin.s
src.net	src/net/tcpsockopt_openbsd.s
src.net	src/net/tcpsockopt_plan9.s
src.net	src/net/tcpsockopt_posix.s
src.net	src/net/tcpsockopt_solaris.s
src.net	src/net/tcpsockopt_stub.s
src.net	src/net/tcpsockopt_unix.s
src.net	src/net/tcpsockopt_windows.s
src.net	src/net/test_net.s
src.net	src/net/udpconn.s
src.net	src/net/udplistener.s
src.net	src/net/udpsock.s
src.net	src/net/udpsock_plan9.s
src.net	src/net/udpsock_posix.s
src.net	src/net/unixsock.s
src.net	src/net/unixsock_plan9.s
src.net	src/net/unixsock_posix.s
src.net	src/net/unixsock_readmsg_cloexec.s
src.net	src/net/unixsock_readmsg_cmsg_cloexec.s
src.net	src/net/unixsock_readmsg_other.s
src.net	src/net/writev_unix.s
src.net.http	src/net/http/client.s
src.net.http	src/net/http/clientconn.s
src.net.http	src/net/http/clone.s
src.net.http	src/net/http/cookie.s
src.net.http	src/net/http/csrf.s
src.net.http	src/net/http/doc.s
src.net.http	src/net/http/filetransport.s
src.net.http	src/net/http/fs.s
src.net.http	src/net/http/header.s
src.net.http	src/net/http/helpers.s
src.net.http	src/net/http/http.s
src.net.http	src/net/http/http2.s
src.net.http	src/net/http/jar.s
src.net.http	src/net/http/mapping.s
src.net.http	src/net/http/method.s
src.net.http	src/net/http/minimal_server.s
src.net.http	src/net/http/omithttp2.s
src.net.http	src/net/http/pattern.s
src.net.http	src/net/http/request.s
src.net.http	src/net/http/response.s
src.net.http	src/net/http/responsecontroller.s
src.net.http	src/net/http/roundtrip.s
src.net.http	src/net/http/roundtrip_js.s
src.net.http	src/net/http/routing_index.s
src.net.http	src/net/http/routing_tree.s
src.net.http	src/net/http/servemux121.s
src.net.http	src/net/http/server.s
src.net.http	src/net/http/sniff.s
src.net.http	src/net/http/socks_bundle.s
src.net.http	src/net/http/status.s
src.net.http	src/net/http/transfer.s
src.net.http	src/net/http/transport.s
src.net.http	src/net/http/transport_default_other.s
src.net.http	src/net/http/transport_default_wasm.s
src.net.http	src/net/http/triv.s
src.net.http.cgi	src/net/http/cgi/cgi_main.s
src.net.http.cgi	src/net/http/cgi/child.s
src.net.http.cgi	src/net/http/cgi/host.s
src.net.http.cookiejar	src/net/http/cookiejar/jar.s
src.net.http.cookiejar	src/net/http/cookiejar/punycode.s
src.net.http.fcgi	src/net/http/fcgi/child.s
src.net.http.fcgi	src/net/http/fcgi/fcgi.s
src.net.http.httptest	src/net/http/httptest/httptest.s
src.net.http.httptest	src/net/http/httptest/recorder.s
src.net.http.httptest	src/net/http/httptest/server.s
src.net.http.httptrace	src/net/http/httptrace/trace.s
src.net.http.httputil	src/net/http/httputil/dump.s
src.net.http.httputil	src/net/http/httputil/httputil.s
src.net.http.httputil	src/net/http/httputil/persist.s
src.net.http.httputil	src/net/http/httputil/reverseproxy.s
src.net.http.internal	src/net/http/internal/chunked.s
src.net.http.internal	src/net/http/internal/common.s
src.net.http.internal	src/net/http/internal/sniff.s
src.net.http.internal.ascii	src/net/http/internal/ascii/print.s
src.net.http.internal.http2	src/net/http/internal/http2/api.s
src.net.http.internal.http2	src/net/http/internal/http2/ascii.s
src.net.http.internal.http2	src/net/http/internal/http2/ciphers.s
src.net.http.internal.http2	src/net/http/internal/http2/client_conn_pool.s
src.net.http.internal.http2	src/net/http/internal/http2/config.s
src.net.http.internal.http2	src/net/http/internal/http2/databuffer.s
src.net.http.internal.http2	src/net/http/internal/http2/errors.s
src.net.http.internal.http2	src/net/http/internal/http2/flow.s
src.net.http.internal.http2	src/net/http/internal/http2/frame.s
src.net.http.internal.http2	src/net/http/internal/http2/gotrack.s
src.net.http.internal.http2	src/net/http/internal/http2/http2.s
src.net.http.internal.http2	src/net/http/internal/http2/pipe.s
src.net.http.internal.http2	src/net/http/internal/http2/server.s
src.net.http.internal.http2	src/net/http/internal/http2/transport.s
src.net.http.internal.http2	src/net/http/internal/http2/write.s
src.net.http.internal.http2	src/net/http/internal/http2/writesched.s
src.net.http.internal.http2	src/net/http/internal/http2/writesched_priority_rfc9218.s
src.net.http.internal.http2	src/net/http/internal/http2/writesched_roundrobin.s
src.net.http.internal.httpcommon	src/net/http/internal/httpcommon/httpcommon.s
src.net.http.internal.httpsfv	src/net/http/internal/httpsfv/httpsfv.s
src.net.http.internal.testcert	src/net/http/internal/testcert/testcert.s
src.net.http.pprof	src/net/http/pprof/pprof.s
src.net.http.pprof.testdata	src/net/http/pprof/testdata/delta_mutex.s
src.net.internal	src/net/internal/socket_core.s
src.net.internal	src/net/internal/socket_types.s
src.net.internal	src/net/internal/syscall_linux_x86_64.s
src.net.internal	src/net/internal/udpconn_new.s
src.net.internal.cgotest	src/net/internal/cgotest/resstate.s
src.net.internal.socktest	src/net/internal/socktest/switch.s
src.net.internal.socktest	src/net/internal/socktest/switch_posix.s
src.net.internal.socktest	src/net/internal/socktest/switch_stub.s
src.net.internal.socktest	src/net/internal/socktest/switch_unix.s
src.net.internal.socktest	src/net/internal/socktest/switch_windows.s
src.net.internal.socktest	src/net/internal/socktest/sys_cloexec.s
src.net.internal.socktest	src/net/internal/socktest/sys_unix.s
src.net.internal.socktest	src/net/internal/socktest/sys_windows.s
src.net.mail	src/net/mail/message.s
src.net.netip	src/net/netip/netip.s
src.net.netip	src/net/netip/uint128.s
src.net.rpc	src/net/rpc/client.s
src.net.rpc	src/net/rpc/debug.s
src.net.rpc	src/net/rpc/server.s
src.net.rpc.jsonrpc	src/net/rpc/jsonrpc/client.s
src.net.rpc.jsonrpc	src/net/rpc/jsonrpc/server.s
src.net.smtp	src/net/smtp/auth.s
src.net.smtp	src/net/smtp/smtp.s
src.net.sroutine_demo	src/net/sroutine_demo.s
src.net.textproto	src/net/textproto/header.s
src.net.textproto	src/net/textproto/pipeline.s
src.net.textproto	src/net/textproto/reader.s
src.net.textproto	src/net/textproto/textproto.s
src.net.textproto	src/net/textproto/writer.s
src.net.url	src/net/url/encoding_table.s
src.net.url	src/net/url/gen_encoding_table.s
src.net.url	src/net/url/url.s
src.os	src/os/dir.s
src.os	src/os/dir_darwin.s
src.os	src/os/dir_plan9.s
src.os	src/os/dir_unix.s
src.os	src/os/dir_windows.s
src.os	src/os/dirent_aix.s
src.os	src/os/dirent_dragonfly.s
src.os	src/os/dirent_freebsd.s
src.os	src/os/dirent_js.s
src.os	src/os/dirent_linux.s
src.os	src/os/dirent_netbsd.s
src.os	src/os/dirent_openbsd.s
src.os	src/os/dirent_solaris.s
src.os	src/os/dirent_wasip1.s
src.os	src/os/eloop_netbsd.s
src.os	src/os/eloop_other.s
src.os	src/os/env.s
src.os	src/os/error.s
src.os	src/os/error_errno.s
src.os	src/os/error_plan9.s
src.os	src/os/exec.s
src.os	src/os/exec_linux.s
src.os	src/os/exec_nohandle.s
src.os	src/os/exec_plan9.s
src.os	src/os/exec_posix.s
src.os	src/os/exec_unix.s
src.os	src/os/exec_windows.s
src.os	src/os/executable.s
src.os	src/os/executable_darwin.s
src.os	src/os/executable_dragonfly.s
src.os	src/os/executable_freebsd.s
src.os	src/os/executable_netbsd.s
src.os	src/os/executable_path.s
src.os	src/os/executable_plan9.s
src.os	src/os/executable_procfs.s
src.os	src/os/executable_solaris.s
src.os	src/os/executable_sysctl.s
src.os	src/os/executable_wasm.s
src.os	src/os/executable_windows.s
src.os	src/os/file.s
src.os	src/os/file_mutex_plan9.s
src.os	src/os/file_open_unix.s
src.os	src/os/file_open_wasip1.s
src.os	src/os/file_ops.s
src.os	src/os/file_plan9.s
src.os	src/os/file_posix.s
src.os	src/os/file_unix.s
src.os	src/os/file_wasip1.s
src.os	src/os/file_windows.s
src.os	src/os/getwd.s
src.os	src/os/path.s
src.os	src/os/path_plan9.s
src.os	src/os/path_unix.s
src.os	src/os/path_windows.s
src.os	src/os/pidfd_linux.s
src.os	src/os/pidfd_other.s
src.os	src/os/pipe2_unix.s
src.os	src/os/pipe_unix.s
src.os	src/os/pipe_wasm.s
src.os	src/os/proc.s
src.os	src/os/rawconn.s
src.os	src/os/removeall_at.s
src.os	src/os/removeall_noat.s
src.os	src/os/removeall_unix.s
src.os	src/os/removeall_windows.s
src.os	src/os/root.s
src.os	src/os/root_js.s
src.os	src/os/root_nonwindows.s
src.os	src/os/root_noopenat.s
src.os	src/os/root_openat.s
src.os	src/os/root_plan9.s
src.os	src/os/root_unix.s
src.os	src/os/root_windows.s
src.os	src/os/stat.s
src.os	src/os/stat_aix.s
src.os	src/os/stat_darwin.s
src.os	src/os/stat_dragonfly.s
src.os	src/os/stat_freebsd.s
src.os	src/os/stat_js.s
src.os	src/os/stat_linux.s
src.os	src/os/stat_netbsd.s
src.os	src/os/stat_openbsd.s
src.os	src/os/stat_plan9.s
src.os	src/os/stat_solaris.s
src.os	src/os/stat_unix.s
src.os	src/os/stat_wasip1.s
src.os	src/os/stat_windows.s
src.os	src/os/statat.s
src.os	src/os/statat_other.s
src.os	src/os/statat_unix.s
src.os	src/os/sticky_bsd.s
src.os	src/os/sticky_notbsd.s
src.os	src/os/sys.s
src.os	src/os/sys_aix.s
src.os	src/os/sys_bsd.s
src.os	src/os/sys_js.s
src.os	src/os/sys_linux.s
src.os	src/os/sys_plan9.s
src.os	src/os/sys_solaris.s
src.os	src/os/sys_unix.s
src.os	src/os/sys_wasip1.s
src.os	src/os/sys_windows.s
src.os	src/os/tempfile.s
src.os	src/os/types.s
src.os	src/os/types_plan9.s
src.os	src/os/types_unix.s
src.os	src/os/types_windows.s
src.os	src/os/wait6_dragonfly.s
src.os	src/os/wait6_freebsd64.s
src.os	src/os/wait6_freebsd_386.s
src.os	src/os/wait6_freebsd_arm.s
src.os	src/os/wait6_netbsd.s
src.os	src/os/wait_unimp.s
src.os	src/os/wait_wait6.s
src.os	src/os/wait_waitid.s
src.os	src/os/zero_copy_freebsd.s
src.os	src/os/zero_copy_linux.s
src.os	src/os/zero_copy_posix.s
src.os	src/os/zero_copy_solaris.s
src.os	src/os/zero_copy_stub.s
src.os.exec	src/os/exec/exec.s
src.os.exec	src/os/exec/exec_plan9.s
src.os.exec	src/os/exec/exec_unix.s
src.os.exec	src/os/exec/exec_windows.s
src.os.exec	src/os/exec/lookpath.s
src.os.exec	src/os/exec/lp_plan9.s
src.os.exec	src/os/exec/lp_unix.s
src.os.exec	src/os/exec/lp_wasm.s
src.os.exec	src/os/exec/lp_windows.s
src.os.exec	src/os/exec/read3.s
src.os.exec.internal.fdtest	src/os/exec/internal/fdtest/exists_plan9.s
src.os.exec.internal.fdtest	src/os/exec/internal/fdtest/exists_unix.s
src.os.exec.internal.fdtest	src/os/exec/internal/fdtest/exists_windows.s
src.os.signal	src/os/signal/doc.s
src.os.signal	src/os/signal/signal.s
src.os.signal	src/os/signal/signal_plan9.s
src.os.signal	src/os/signal/signal_unix.s
src.os.user	src/os/user/cgo_listgroups_unix.s
src.os.user	src/os/user/cgo_lookup_cgo.s
src.os.user	src/os/user/cgo_lookup_syscall.s
src.os.user	src/os/user/cgo_lookup_unix.s
src.os.user	src/os/user/getgrouplist_syscall.s
src.os.user	src/os/user/getgrouplist_unix.s
src.os.user	src/os/user/listgroups_stub.s
src.os.user	src/os/user/listgroups_unix.s
src.os.user	src/os/user/lookup.s
src.os.user	src/os/user/lookup_android.s
src.os.user	src/os/user/lookup_plan9.s
src.os.user	src/os/user/lookup_stubs.s
src.os.user	src/os/user/lookup_unix.s
src.os.user	src/os/user/lookup_windows.s
src.os.user	src/os/user/user.s
src.path	src/path/match.s
src.path	src/path/path.s
src.path.filepath	src/path/filepath/match.s
src.path.filepath	src/path/filepath/path.s
src.path.filepath	src/path/filepath/path_plan9.s
src.path.filepath	src/path/filepath/path_unix.s
src.path.filepath	src/path/filepath/path_windows.s
src.path.filepath	src/path/filepath/symlink.s
src.path.filepath	src/path/filepath/symlink_plan9.s
src.path.filepath	src/path/filepath/symlink_unix.s
src.path.filepath	src/path/filepath/symlink_windows.s
src.plugin	src/plugin/plugin.s
src.plugin	src/plugin/plugin_dlopen.s
src.plugin	src/plugin/plugin_stubs.s
src.reflect	src/reflect/abi.s
src.reflect	src/reflect/arena.s
src.reflect	src/reflect/badlinkname.s
src.reflect	src/reflect/deepequal.s
src.reflect	src/reflect/float32reg_generic.s
src.reflect	src/reflect/iter.s
src.reflect	src/reflect/makefunc.s
src.reflect	src/reflect/map.s
src.reflect	src/reflect/reflect.s
src.reflect	src/reflect/stubs_ppc64x.s
src.reflect	src/reflect/stubs_riscv64.s
src.reflect	src/reflect/stubs_s390x.s
src.reflect	src/reflect/swapper.s
src.reflect	src/reflect/type.s
src.reflect	src/reflect/value.s
src.reflect	src/reflect/visiblefields.s
src.reflect.internal.example1	src/reflect/internal/example1/example.s
src.reflect.internal.example2	src/reflect/internal/example2/example.s
src.regexp	src/regexp/backtrack.s
src.regexp	src/regexp/exec.s
src.regexp	src/regexp/onepass.s
src.regexp	src/regexp/regexp.s
src.regexp.syntax	src/regexp/syntax/compile.s
src.regexp.syntax	src/regexp/syntax/doc.s
src.regexp.syntax	src/regexp/syntax/op_string.s
src.regexp.syntax	src/regexp/syntax/parse.s
src.regexp.syntax	src/regexp/syntax/perl_groups.s
src.regexp.syntax	src/regexp/syntax/prog.s
src.regexp.syntax	src/regexp/syntax/regexp.s
src.regexp.syntax	src/regexp/syntax/simplify.s
src.runtime	src/runtime/alg.s
src.runtime	src/runtime/arena.s
src.runtime	src/runtime/asan.s
src.runtime	src/runtime/asan0.s
src.runtime	src/runtime/atomic_pointer.s
src.runtime	src/runtime/auxv_none.s
src.runtime	src/runtime/badlinkname.s
src.runtime	src/runtime/badlinkname_linux.s
src.runtime	src/runtime/cgo.s
src.runtime	src/runtime/cgo_mmap.s
src.runtime	src/runtime/cgo_ppc64x.s
src.runtime	src/runtime/cgo_sigaction.s
src.runtime	src/runtime/cgocall.s
src.runtime	src/runtime/cgocallback.s
src.runtime	src/runtime/cgocheck.s
src.runtime	src/runtime/cgroup_linux.s
src.runtime	src/runtime/cgroup_stubs.s
src.runtime	src/runtime/chan.s
src.runtime	src/runtime/channel.s
src.runtime	src/runtime/checkptr.s
src.runtime	src/runtime/compiler.s
src.runtime	src/runtime/complex.s
src.runtime	src/runtime/coro.s
src.runtime	src/runtime/covercounter.s
src.runtime	src/runtime/covermeta.s
src.runtime	src/runtime/cpuflags.s
src.runtime	src/runtime/cpuflags_amd64.s
src.runtime	src/runtime/cpuflags_arm64.s
src.runtime	src/runtime/cpuprof.s
src.runtime	src/runtime/cputicks.s
src.runtime	src/runtime/create_file_nounix.s
src.runtime	src/runtime/create_file_unix.s
src.runtime	src/runtime/debug.s
src.runtime	src/runtime/debug_tools.s
src.runtime	src/runtime/debugcall.s
src.runtime	src/runtime/debuglog.s
src.runtime	src/runtime/debuglog_off.s
src.runtime	src/runtime/debuglog_on.s
src.runtime	src/runtime/defs1_linux.s
src.runtime	src/runtime/defs1_netbsd_386.s
src.runtime	src/runtime/defs1_netbsd_amd64.s
src.runtime	src/runtime/defs1_netbsd_arm.s
src.runtime	src/runtime/defs1_netbsd_arm64.s
src.runtime	src/runtime/defs1_solaris_amd64.s
src.runtime	src/runtime/defs2_linux.s
src.runtime	src/runtime/defs3_linux.s
src.runtime	src/runtime/defs_aix.s
src.runtime	src/runtime/defs_aix_ppc64.s
src.runtime	src/runtime/defs_arm_linux.s
src.runtime	src/runtime/defs_darwin.s
src.runtime	src/runtime/defs_darwin_amd64.s
src.runtime	src/runtime/defs_darwin_arm64.s
src.runtime	src/runtime/defs_dragonfly.s
src.runtime	src/runtime/defs_dragonfly_amd64.s
src.runtime	src/runtime/defs_freebsd.s
src.runtime	src/runtime/defs_freebsd_386.s
src.runtime	src/runtime/defs_freebsd_amd64.s
src.runtime	src/runtime/defs_freebsd_arm.s
src.runtime	src/runtime/defs_freebsd_arm64.s
src.runtime	src/runtime/defs_freebsd_riscv64.s
src.runtime	src/runtime/defs_illumos_amd64.s
src.runtime	src/runtime/defs_linux.s
src.runtime	src/runtime/defs_linux_386.s
src.runtime	src/runtime/defs_linux_amd64.s
src.runtime	src/runtime/defs_linux_arm.s
src.runtime	src/runtime/defs_linux_arm64.s
src.runtime	src/runtime/defs_linux_loong64.s
src.runtime	src/runtime/defs_linux_mips64x.s
src.runtime	src/runtime/defs_linux_mipsx.s
src.runtime	src/runtime/defs_linux_ppc64.s
src.runtime	src/runtime/defs_linux_ppc64le.s
src.runtime	src/runtime/defs_linux_riscv64.s
src.runtime	src/runtime/defs_linux_s390x.s
src.runtime	src/runtime/defs_netbsd.s
src.runtime	src/runtime/defs_netbsd_386.s
src.runtime	src/runtime/defs_netbsd_amd64.s
src.runtime	src/runtime/defs_netbsd_arm.s
src.runtime	src/runtime/defs_openbsd.s
src.runtime	src/runtime/defs_openbsd_386.s
src.runtime	src/runtime/defs_openbsd_amd64.s
src.runtime	src/runtime/defs_openbsd_arm.s
src.runtime	src/runtime/defs_openbsd_arm64.s
src.runtime	src/runtime/defs_openbsd_ppc64.s
src.runtime	src/runtime/defs_openbsd_riscv64.s
src.runtime	src/runtime/defs_plan9_386.s
src.runtime	src/runtime/defs_plan9_amd64.s
src.runtime	src/runtime/defs_plan9_arm.s
src.runtime	src/runtime/defs_solaris.s
src.runtime	src/runtime/defs_solaris_amd64.s
src.runtime	src/runtime/dit.s
src.runtime	src/runtime/env_plan9.s
src.runtime	src/runtime/env_posix.s
src.runtime	src/runtime/error.s
src.runtime	src/runtime/extern.s
src.runtime	src/runtime/fastlog2.s
src.runtime	src/runtime/fastlog2table.s
src.runtime	src/runtime/fds_nonunix.s
src.runtime	src/runtime/fds_unix.s
src.runtime	src/runtime/fipsbypass.s
src.runtime	src/runtime/float.s
src.runtime	src/runtime/gc.s
src.runtime	src/runtime/hash32.s
src.runtime	src/runtime/hash64.s
src.runtime	src/runtime/heapdump.s
src.runtime	src/runtime/hexdump.s
src.runtime	src/runtime/histogram.s
src.runtime	src/runtime/iface.s
src.runtime	src/runtime/lfstack.s
src.runtime	src/runtime/libfuzzer.s
src.runtime	src/runtime/libinit.s
src.runtime	src/runtime/linkname.s
src.runtime	src/runtime/linkname_shim.s
src.runtime	src/runtime/linkname_unix.s
src.runtime	src/runtime/list.s
src.runtime	src/runtime/list_manual.s
src.runtime	src/runtime/lock_futex.s
src.runtime	src/runtime/lock_js.s
src.runtime	src/runtime/lock_sema.s
src.runtime	src/runtime/lock_spinbit.s
src.runtime	src/runtime/lock_wasip1.s
src.runtime	src/runtime/lockrank.s
src.runtime	src/runtime/lockrank_off.s
src.runtime	src/runtime/lockrank_on.s
src.runtime	src/runtime/malloc.s
src.runtime	src/runtime/malloc_generated.s
src.runtime	src/runtime/malloc_stubs.s
src.runtime	src/runtime/malloc_tables_generated.s
src.runtime	src/runtime/malloc_tables_plan9.s
src.runtime	src/runtime/map.s
src.runtime	src/runtime/map_fast32.s
src.runtime	src/runtime/map_fast64.s
src.runtime	src/runtime/map_faststr.s
src.runtime	src/runtime/mbarrier.s
src.runtime	src/runtime/mbitmap.s
src.runtime	src/runtime/mcache.s
src.runtime	src/runtime/mcentral.s
src.runtime	src/runtime/mcheckmark.s
src.runtime	src/runtime/mcleanup.s
src.runtime	src/runtime/mem.s
src.runtime	src/runtime/mem_aix.s
src.runtime	src/runtime/mem_bsd.s
src.runtime	src/runtime/mem_darwin.s
src.runtime	src/runtime/mem_js.s
src.runtime	src/runtime/mem_linux.s
src.runtime	src/runtime/mem_nonsbrk.s
src.runtime	src/runtime/mem_plan9.s
src.runtime	src/runtime/mem_sbrk.s
src.runtime	src/runtime/mem_wasip1.s
src.runtime	src/runtime/mem_wasm.s
src.runtime	src/runtime/mem_windows.s
src.runtime	src/runtime/metrics.s
src.runtime	src/runtime/mfinal.s
src.runtime	src/runtime/mfixalloc.s
src.runtime	src/runtime/mgc.s
src.runtime	src/runtime/mgclimit.s
src.runtime	src/runtime/mgcmark.s
src.runtime	src/runtime/mgcmark_greenteagc.s
src.runtime	src/runtime/mgcmark_nogreenteagc.s
src.runtime	src/runtime/mgcpacer.s
src.runtime	src/runtime/mgcscavenge.s
src.runtime	src/runtime/mgcstack.s
src.runtime	src/runtime/mgcsweep.s
src.runtime	src/runtime/mgcwork.s
src.runtime	src/runtime/mheap.s
src.runtime	src/runtime/minmax.s
src.runtime	src/runtime/mkduff.s
src.runtime	src/runtime/mkfastlog2table.s
src.runtime	src/runtime/mklockrank.s
src.runtime	src/runtime/mkpreempt.s
src.runtime	src/runtime/mmap.s
src.runtime	src/runtime/mpagealloc.s
src.runtime	src/runtime/mpagealloc_32bit.s
src.runtime	src/runtime/mpagealloc_64bit.s
src.runtime	src/runtime/mpagecache.s
src.runtime	src/runtime/mpallocbits.s
src.runtime	src/runtime/mprof.s
src.runtime	src/runtime/mranges.s
src.runtime	src/runtime/msan.s
src.runtime	src/runtime/msan0.s
src.runtime	src/runtime/msize.s
src.runtime	src/runtime/mspanset.s
src.runtime	src/runtime/mstats.s
src.runtime	src/runtime/mwbbuf.s
src.runtime	src/runtime/nbpipe_pipe.s
src.runtime	src/runtime/nbpipe_pipe2.s
src.runtime	src/runtime/net_plan9.s
src.runtime	src/runtime/netpoll.s
src.runtime	src/runtime/netpoll_aix.s
src.runtime	src/runtime/netpoll_epoll.s
src.runtime	src/runtime/netpoll_fake.s
src.runtime	src/runtime/netpoll_kqueue.s
src.runtime	src/runtime/netpoll_kqueue_event.s
src.runtime	src/runtime/netpoll_kqueue_pipe.s
src.runtime	src/runtime/netpoll_solaris.s
src.runtime	src/runtime/netpoll_stub.s
src.runtime	src/runtime/netpoll_wasip1.s
src.runtime	src/runtime/netpoll_windows.s
src.runtime	src/runtime/nonwindows_stub.s
src.runtime	src/runtime/note_js.s
src.runtime	src/runtime/note_other.s
src.runtime	src/runtime/os2_aix.s
src.runtime	src/runtime/os2_freebsd.s
src.runtime	src/runtime/os2_openbsd.s
src.runtime	src/runtime/os2_plan9.s
src.runtime	src/runtime/os2_solaris.s
src.runtime	src/runtime/os3_plan9.s
src.runtime	src/runtime/os3_solaris.s
src.runtime	src/runtime/os_aix.s
src.runtime	src/runtime/os_android.s
src.runtime	src/runtime/os_darwin.s
src.runtime	src/runtime/os_darwin_arm64.s
src.runtime	src/runtime/os_dragonfly.s
src.runtime	src/runtime/os_freebsd.s
src.runtime	src/runtime/os_freebsd2.s
src.runtime	src/runtime/os_freebsd_amd64.s
src.runtime	src/runtime/os_freebsd_arm.s
src.runtime	src/runtime/os_freebsd_arm64.s
src.runtime	src/runtime/os_freebsd_noauxv.s
src.runtime	src/runtime/os_illumos.s
src.runtime	src/runtime/os_js.s
src.runtime	src/runtime/os_linux.s
src.runtime	src/runtime/os_linux32.s
src.runtime	src/runtime/os_linux64.s
src.runtime	src/runtime/os_linux_arm.s
src.runtime	src/runtime/os_linux_arm64.s
src.runtime	src/runtime/os_linux_be64.s
src.runtime	src/runtime/os_linux_generic.s
src.runtime	src/runtime/os_linux_loong64.s
src.runtime	src/runtime/os_linux_mips64x.s
src.runtime	src/runtime/os_linux_mipsx.s
src.runtime	src/runtime/os_linux_noauxv.s
src.runtime	src/runtime/os_linux_novdso.s
src.runtime	src/runtime/os_linux_ppc64x.s
src.runtime	src/runtime/os_linux_riscv64.s
src.runtime	src/runtime/os_linux_s390x.s
src.runtime	src/runtime/os_netbsd.s
src.runtime	src/runtime/os_netbsd_386.s
src.runtime	src/runtime/os_netbsd_amd64.s
src.runtime	src/runtime/os_netbsd_arm.s
src.runtime	src/runtime/os_netbsd_arm64.s
src.runtime	src/runtime/os_nonopenbsd.s
src.runtime	src/runtime/os_only_solaris.s
src.runtime	src/runtime/os_openbsd.s
src.runtime	src/runtime/os_openbsd_arm.s
src.runtime	src/runtime/os_openbsd_arm64.s
src.runtime	src/runtime/os_plan9.s
src.runtime	src/runtime/os_plan9_arm.s
src.runtime	src/runtime/os_solaris.s
src.runtime	src/runtime/os_unix.s
src.runtime	src/runtime/os_unix_nonlinux.s
src.runtime	src/runtime/os_wasip1.s
src.runtime	src/runtime/os_wasm.s
src.runtime	src/runtime/os_windows.s
src.runtime	src/runtime/os_windows_arm64.s
src.runtime	src/runtime/panic.s
src.runtime	src/runtime/panic32.s
src.runtime	src/runtime/pinner.s
src.runtime	src/runtime/plugin.s
src.runtime	src/runtime/preempt.s
src.runtime	src/runtime/preempt_amd64.s
src.runtime	src/runtime/preempt_arm64.s
src.runtime	src/runtime/preempt_loong64.s
src.runtime	src/runtime/preempt_nonwindows.s
src.runtime	src/runtime/preempt_noxreg.s
src.runtime	src/runtime/preempt_xreg.s
src.runtime	src/runtime/print.s
src.runtime	src/runtime/proc.s
src.runtime	src/runtime/profbuf.s
src.runtime	src/runtime/proflabel.s
src.runtime	src/runtime/race.s
src.runtime	src/runtime/race0.s
src.runtime	src/runtime/rand.s
src.runtime	src/runtime/rdebug.s
src.runtime	src/runtime/retry.s
src.runtime	src/runtime/runtime.s
src.runtime	src/runtime/runtime1.s
src.runtime	src/runtime/runtime2.s
src.runtime	src/runtime/runtime_boring.s
src.runtime	src/runtime/runtime_clearenv.s
src.runtime	src/runtime/runtime_foundation.s
src.runtime	src/runtime/runtime_noclearenv.s
src.runtime	src/runtime/rwmutex.s
src.runtime	src/runtime/scheduler.s
src.runtime	src/runtime/secret.s
src.runtime	src/runtime/secret_asm.s
src.runtime	src/runtime/secret_noasm.s
src.runtime	src/runtime/secret_nosecret.s
src.runtime	src/runtime/security_aix.s
src.runtime	src/runtime/security_issetugid.s
src.runtime	src/runtime/security_linux.s
src.runtime	src/runtime/security_nonunix.s
src.runtime	src/runtime/security_unix.s
src.runtime	src/runtime/select.s
src.runtime	src/runtime/sema.s
src.runtime	src/runtime/set_vma_name_linux.s
src.runtime	src/runtime/set_vma_name_stub.s
src.runtime	src/runtime/sigaction.s
src.runtime	src/runtime/signal_386.s
src.runtime	src/runtime/signal_aix_ppc64.s
src.runtime	src/runtime/signal_amd64.s
src.runtime	src/runtime/signal_arm.s
src.runtime	src/runtime/signal_arm64.s
src.runtime	src/runtime/signal_darwin.s
src.runtime	src/runtime/signal_darwin_amd64.s
src.runtime	src/runtime/signal_darwin_arm64.s
src.runtime	src/runtime/signal_dragonfly.s
src.runtime	src/runtime/signal_dragonfly_amd64.s
src.runtime	src/runtime/signal_freebsd.s
src.runtime	src/runtime/signal_freebsd_386.s
src.runtime	src/runtime/signal_freebsd_amd64.s
src.runtime	src/runtime/signal_freebsd_arm.s
src.runtime	src/runtime/signal_freebsd_arm64.s
src.runtime	src/runtime/signal_freebsd_riscv64.s
src.runtime	src/runtime/signal_linux_386.s
src.runtime	src/runtime/signal_linux_amd64.s
src.runtime	src/runtime/signal_linux_arm.s
src.runtime	src/runtime/signal_linux_arm64.s
src.runtime	src/runtime/signal_linux_loong64.s
src.runtime	src/runtime/signal_linux_mips64x.s
src.runtime	src/runtime/signal_linux_mipsx.s
src.runtime	src/runtime/signal_linux_ppc64x.s
src.runtime	src/runtime/signal_linux_riscv64.s
src.runtime	src/runtime/signal_linux_s390x.s
src.runtime	src/runtime/signal_loong64.s
src.runtime	src/runtime/signal_mips64x.s
src.runtime	src/runtime/signal_mipsx.s
src.runtime	src/runtime/signal_netbsd.s
src.runtime	src/runtime/signal_netbsd_386.s
src.runtime	src/runtime/signal_netbsd_amd64.s
src.runtime	src/runtime/signal_netbsd_arm.s
src.runtime	src/runtime/signal_netbsd_arm64.s
src.runtime	src/runtime/signal_openbsd.s
src.runtime	src/runtime/signal_openbsd_386.s
src.runtime	src/runtime/signal_openbsd_amd64.s
src.runtime	src/runtime/signal_openbsd_arm.s
src.runtime	src/runtime/signal_openbsd_arm64.s
src.runtime	src/runtime/signal_openbsd_ppc64.s
src.runtime	src/runtime/signal_openbsd_riscv64.s
src.runtime	src/runtime/signal_plan9.s
src.runtime	src/runtime/signal_ppc64x.s
src.runtime	src/runtime/signal_riscv64.s
src.runtime	src/runtime/signal_solaris.s
src.runtime	src/runtime/signal_solaris_amd64.s
src.runtime	src/runtime/signal_unix.s
src.runtime	src/runtime/signal_windows.s
src.runtime	src/runtime/signal_windows_386.s
src.runtime	src/runtime/signal_windows_amd64.s
src.runtime	src/runtime/signal_windows_arm64.s
src.runtime	src/runtime/sigqueue.s
src.runtime	src/runtime/sigqueue_note.s
src.runtime	src/runtime/sigqueue_plan9.s
src.runtime	src/runtime/sigtab_aix.s
src.runtime	src/runtime/sigtab_linux_generic.s
src.runtime	src/runtime/sigtab_linux_mipsx.s
src.runtime	src/runtime/slice.s
src.runtime	src/runtime/softfloat64.s
src.runtime	src/runtime/sroutine_abi.s
src.runtime	src/runtime/stack.s
src.runtime	src/runtime/stkframe.s
src.runtime	src/runtime/string.s
src.runtime	src/runtime/stubs.s
src.runtime	src/runtime/stubs2.s
src.runtime	src/runtime/stubs3.s
src.runtime	src/runtime/stubs_386.s
src.runtime	src/runtime/stubs_amd64.s
src.runtime	src/runtime/stubs_arm.s
src.runtime	src/runtime/stubs_arm64.s
src.runtime	src/runtime/stubs_linux.s
src.runtime	src/runtime/stubs_loong64.s
src.runtime	src/runtime/stubs_mips64x.s
src.runtime	src/runtime/stubs_mipsx.s
src.runtime	src/runtime/stubs_nonlinux.s
src.runtime	src/runtime/stubs_nonwasm.s
src.runtime	src/runtime/stubs_ppc64.s
src.runtime	src/runtime/stubs_ppc64x.s
src.runtime	src/runtime/stubs_riscv64.s
src.runtime	src/runtime/stubs_s390x.s
src.runtime	src/runtime/stubs_wasm.s
src.runtime	src/runtime/symtab.s
src.runtime	src/runtime/symtabinl.s
src.runtime	src/runtime/synctest.s
src.runtime	src/runtime/sys_arm.s
src.runtime	src/runtime/sys_arm64.s
src.runtime	src/runtime/sys_darwin.s
src.runtime	src/runtime/sys_darwin_arm64.s
src.runtime	src/runtime/sys_libc.s
src.runtime	src/runtime/sys_loong64.s
src.runtime	src/runtime/sys_mips64x.s
src.runtime	src/runtime/sys_mipsx.s
src.runtime	src/runtime/sys_nonppc64x.s
src.runtime	src/runtime/sys_openbsd.s
src.runtime	src/runtime/sys_ppc64x.s
src.runtime	src/runtime/sys_riscv64.s
src.runtime	src/runtime/sys_s390x.s
src.runtime	src/runtime/sys_wasm.s
src.runtime	src/runtime/sys_x86.s
src.runtime	src/runtime/syscall2_solaris.s
src.runtime	src/runtime/syscall_aix.s
src.runtime	src/runtime/syscall_solaris.s
src.runtime	src/runtime/syscall_windows.s
src.runtime	src/runtime/tagptr.s
src.runtime	src/runtime/tagptr_32bit.s
src.runtime	src/runtime/tagptr_64bit.s
src.runtime	src/runtime/test_amd64.s
src.runtime	src/runtime/test_stubs.s
src.runtime	src/runtime/time.s
src.runtime	src/runtime/time_fake.s
src.runtime	src/runtime/time_nofake.s
src.runtime	src/runtime/time_plan9.s
src.runtime	src/runtime/timeasm.s
src.runtime	src/runtime/timestub.s
src.runtime	src/runtime/timestub2.s
src.runtime	src/runtime/tls_stub.s
src.runtime	src/runtime/tls_windows_amd64.s
src.runtime	src/runtime/trace.s
src.runtime	src/runtime/traceallocfree.s
src.runtime	src/runtime/traceback.s
src.runtime	src/runtime/tracebuf.s
src.runtime	src/runtime/tracecpu.s
src.runtime	src/runtime/traceevent.s
src.runtime	src/runtime/tracemap.s
src.runtime	src/runtime/traceregion.s
src.runtime	src/runtime/traceruntime.s
src.runtime	src/runtime/tracestack.s
src.runtime	src/runtime/tracestatus.s
src.runtime	src/runtime/tracestring.s
src.runtime	src/runtime/tracetime.s
src.runtime	src/runtime/tracetype.s
src.runtime	src/runtime/type.s
src.runtime	src/runtime/unsafe.s
src.runtime	src/runtime/utf8.s
src.runtime	src/runtime/valgrind.s
src.runtime	src/runtime/valgrind0.s
src.runtime	src/runtime/vdso_elf32.s
src.runtime	src/runtime/vdso_elf64.s
src.runtime	src/runtime/vdso_freebsd.s
src.runtime	src/runtime/vdso_freebsd_arm.s
src.runtime	src/runtime/vdso_freebsd_arm64.s
src.runtime	src/runtime/vdso_freebsd_riscv64.s
src.runtime	src/runtime/vdso_freebsd_x86.s
src.runtime	src/runtime/vdso_in_none.s
src.runtime	src/runtime/vdso_linux.s
src.runtime	src/runtime/vdso_linux_386.s
src.runtime	src/runtime/vdso_linux_amd64.s
src.runtime	src/runtime/vdso_linux_arm.s
src.runtime	src/runtime/vdso_linux_arm64.s
src.runtime	src/runtime/vdso_linux_loong64.s
src.runtime	src/runtime/vdso_linux_mips64x.s
src.runtime	src/runtime/vdso_linux_ppc64x.s
src.runtime	src/runtime/vdso_linux_riscv64.s
src.runtime	src/runtime/vdso_linux_s390x.s
src.runtime	src/runtime/vgetrandom_linux.s
src.runtime	src/runtime/vgetrandom_unsupported.s
src.runtime	src/runtime/vlrt.s
src.runtime	src/runtime/wincallback.s
src.runtime	src/runtime/write_err.s
src.runtime	src/runtime/write_err_android.s
src.runtime	src/runtime/zcallback_windows.s
src.runtime._mkmalloc	src/runtime/_mkmalloc/constants.s
src.runtime._mkmalloc	src/runtime/_mkmalloc/mkmalloc.s
src.runtime._mkmalloc	src/runtime/_mkmalloc/mksizeclasses.s
src.runtime._mkmalloc.astutil	src/runtime/_mkmalloc/astutil/clone.s
src.runtime.asan	src/runtime/asan/asan.s
src.runtime.cgo	src/runtime/cgo/callbacks.s
src.runtime.cgo	src/runtime/cgo/callbacks_aix.s
src.runtime.cgo	src/runtime/cgo/callbacks_traceback.s
src.runtime.cgo	src/runtime/cgo/cgo.s
src.runtime.cgo	src/runtime/cgo/clearenv.s
src.runtime.cgo	src/runtime/cgo/dragonfly.s
src.runtime.cgo	src/runtime/cgo/freebsd.s
src.runtime.cgo	src/runtime/cgo/handle.s
src.runtime.cgo	src/runtime/cgo/iscgo.s
src.runtime.cgo	src/runtime/cgo/linux.s
src.runtime.cgo	src/runtime/cgo/mmap.s
src.runtime.cgo	src/runtime/cgo/netbsd.s
src.runtime.cgo	src/runtime/cgo/openbsd.s
src.runtime.cgo	src/runtime/cgo/setenv.s
src.runtime.cgo	src/runtime/cgo/sigaction.s
src.runtime.cgo	src/runtime/cgo/windows.s
src.runtime.debug	src/runtime/debug/garbage.s
src.runtime.debug	src/runtime/debug/mod.s
src.runtime.debug	src/runtime/debug/stack.s
src.runtime.debug	src/runtime/debug/stubs.s
src.runtime.metrics	src/runtime/metrics/description.s
src.runtime.metrics	src/runtime/metrics/doc.s
src.runtime.metrics	src/runtime/metrics/histogram.s
src.runtime.metrics	src/runtime/metrics/sample.s
src.runtime.metrics	src/runtime/metrics/value.s
src.runtime.msan	src/runtime/msan/msan.s
src.runtime.pprof	src/runtime/pprof/defs_darwin.s
src.runtime.pprof	src/runtime/pprof/defs_darwin_amd64.s
src.runtime.pprof	src/runtime/pprof/defs_darwin_arm64.s
src.runtime.pprof	src/runtime/pprof/elf.s
src.runtime.pprof	src/runtime/pprof/label.s
src.runtime.pprof	src/runtime/pprof/map.s
src.runtime.pprof	src/runtime/pprof/pe.s
src.runtime.pprof	src/runtime/pprof/pprof.s
src.runtime.pprof	src/runtime/pprof/pprof_norusage.s
src.runtime.pprof	src/runtime/pprof/pprof_rusage.s
src.runtime.pprof	src/runtime/pprof/pprof_windows.s
src.runtime.pprof	src/runtime/pprof/proto.s
src.runtime.pprof	src/runtime/pprof/proto_darwin.s
src.runtime.pprof	src/runtime/pprof/proto_other.s
src.runtime.pprof	src/runtime/pprof/proto_windows.s
src.runtime.pprof	src/runtime/pprof/protobuf.s
src.runtime.pprof	src/runtime/pprof/protomem.s
src.runtime.pprof	src/runtime/pprof/runtime.s
src.runtime.pprof	src/runtime/pprof/vminfo_darwin.s
src.runtime.pprof.testdata.mappingtest	src/runtime/pprof/testdata/mappingtest/main.s
src.runtime.race	src/runtime/race/doc.s
src.runtime.race	src/runtime/race/race.s
src.runtime.race	src/runtime/race/race_darwin_amd64.s
src.runtime.race	src/runtime/race/race_darwin_arm64.s
src.runtime.race	src/runtime/race/race_v1_amd64.s
src.runtime.race	src/runtime/race/race_v3_amd64.s
src.runtime.race.internal.amd64v1	src/runtime/race/internal/amd64v1/doc.s
src.runtime.race.internal.amd64v3	src/runtime/race/internal/amd64v3/doc.s
src.runtime.race.testdata	src/runtime/race/testdata/cgo_test_main.s
src.runtime.secret	src/runtime/secret/doc.s
src.runtime.secret	src/runtime/secret/export.s
src.runtime.secret	src/runtime/secret/secret.s
src.runtime.secret	src/runtime/secret/stubs.s
src.runtime.secret	src/runtime/secret/stubs_noasm.s
src.runtime.secret.testdata	src/runtime/secret/testdata/crash.s
src.runtime.testdata.testexithooks	src/runtime/testdata/testexithooks/testexithooks.s
src.runtime.testdata.testfaketime	src/runtime/testdata/testfaketime/faketime.s
src.runtime.testdata.testfds	src/runtime/testdata/testfds/main.s
src.runtime.testdata.testprog	src/runtime/testdata/testprog/abort.s
src.runtime.testdata.testprog	src/runtime/testdata/testprog/badtraceback.s
src.runtime.testdata.testprog	src/runtime/testdata/testprog/checkfinalizers.s
src.runtime.testdata.testprog	src/runtime/testdata/testprog/checkptr.s
src.runtime.testdata.testprog	src/runtime/testdata/testprog/coro.s
src.runtime.testdata.testprog	src/runtime/testdata/testprog/cpuflags_amd64.s
src.runtime.testdata.testprog	src/runtime/testdata/testprog/crash.s
src.runtime.testdata.testprog	src/runtime/testdata/testprog/crashdump.s
src.runtime.testdata.testprog	src/runtime/testdata/testprog/deadlock.s
src.runtime.testdata.testprog	src/runtime/testdata/testprog/finalizer_deadlock.s
src.runtime.testdata.testprog	src/runtime/testdata/testprog/framepointer.s
src.runtime.testdata.testprog	src/runtime/testdata/testprog/gc.s
src.runtime.testdata.testprog	src/runtime/testdata/testprog/gomaxprocs.s
src.runtime.testdata.testprog	src/runtime/testdata/testprog/gomaxprocs_windows.s
src.runtime.testdata.testprog	src/runtime/testdata/testprog/lockosthread.s
src.runtime.testdata.testprog	src/runtime/testdata/testprog/lockosthread_linux.s
src.runtime.testdata.testprog	src/runtime/testdata/testprog/main.s
src.runtime.testdata.testprog	src/runtime/testdata/testprog/map.s
src.runtime.testdata.testprog	src/runtime/testdata/testprog/memprof.s
src.runtime.testdata.testprog	src/runtime/testdata/testprog/misc.s
src.runtime.testdata.testprog	src/runtime/testdata/testprog/numcpu_freebsd.s
src.runtime.testdata.testprog	src/runtime/testdata/testprog/panicprint.s
src.runtime.testdata.testprog	src/runtime/testdata/testprog/panicrace.s
src.runtime.testdata.testprog	src/runtime/testdata/testprog/pipe_unix.s
src.runtime.testdata.testprog	src/runtime/testdata/testprog/pipe_windows.s
src.runtime.testdata.testprog	src/runtime/testdata/testprog/preempt.s
src.runtime.testdata.testprog	src/runtime/testdata/testprog/schedmetrics.s
src.runtime.testdata.testprog	src/runtime/testdata/testprog/segv.s
src.runtime.testdata.testprog	src/runtime/testdata/testprog/segv_linux.s
src.runtime.testdata.testprog	src/runtime/testdata/testprog/setcgotraceback.s
src.runtime.testdata.testprog	src/runtime/testdata/testprog/signal.s
src.runtime.testdata.testprog	src/runtime/testdata/testprog/signal_bogus.s
src.runtime.testdata.testprog	src/runtime/testdata/testprog/signal_pid1.s
src.runtime.testdata.testprog	src/runtime/testdata/testprog/sleep.s
src.runtime.testdata.testprog	src/runtime/testdata/testprog/stringconcat.s
src.runtime.testdata.testprog	src/runtime/testdata/testprog/stw_mexit.s
src.runtime.testdata.testprog	src/runtime/testdata/testprog/stw_trace.s
src.runtime.testdata.testprog	src/runtime/testdata/testprog/synctest.s
src.runtime.testdata.testprog	src/runtime/testdata/testprog/syscall_windows.s
src.runtime.testdata.testprog	src/runtime/testdata/testprog/syscalls.s
src.runtime.testdata.testprog	src/runtime/testdata/testprog/syscalls_linux.s
src.runtime.testdata.testprog	src/runtime/testdata/testprog/syscalls_none.s
src.runtime.testdata.testprog	src/runtime/testdata/testprog/timeprof.s
src.runtime.testdata.testprog	src/runtime/testdata/testprog/traceback_ancestors.s
src.runtime.testdata.testprog	src/runtime/testdata/testprog/typelinksrace.s
src.runtime.testdata.testprog	src/runtime/testdata/testprog/unsafe.s
src.runtime.testdata.testprog	src/runtime/testdata/testprog/vdso.s
src.runtime.testdata.testprogcgo	src/runtime/testdata/testprogcgo/aprof.s
src.runtime.testdata.testprogcgo	src/runtime/testdata/testprogcgo/bigstack_windows.s
src.runtime.testdata.testprogcgo	src/runtime/testdata/testprogcgo/bindm.s
src.runtime.testdata.testprogcgo	src/runtime/testdata/testprogcgo/callback.s
src.runtime.testdata.testprogcgo	src/runtime/testdata/testprogcgo/callback_pprof.s
src.runtime.testdata.testprogcgo	src/runtime/testdata/testprogcgo/catchpanic.s
src.runtime.testdata.testprogcgo	src/runtime/testdata/testprogcgo/cgo.s
src.runtime.testdata.testprogcgo	src/runtime/testdata/testprogcgo/cgonocallback.s
src.runtime.testdata.testprogcgo	src/runtime/testdata/testprogcgo/cgonoescape.s
src.runtime.testdata.testprogcgo	src/runtime/testdata/testprogcgo/coro.s
src.runtime.testdata.testprogcgo	src/runtime/testdata/testprogcgo/crash.s
src.runtime.testdata.testprogcgo	src/runtime/testdata/testprogcgo/deadlock.s
src.runtime.testdata.testprogcgo	src/runtime/testdata/testprogcgo/destructor.s
src.runtime.testdata.testprogcgo	src/runtime/testdata/testprogcgo/dll_windows.s
src.runtime.testdata.testprogcgo	src/runtime/testdata/testprogcgo/dropm.s
src.runtime.testdata.testprogcgo	src/runtime/testdata/testprogcgo/dropm_stub.s
src.runtime.testdata.testprogcgo	src/runtime/testdata/testprogcgo/eintr.s
src.runtime.testdata.testprogcgo	src/runtime/testdata/testprogcgo/exec.s
src.runtime.testdata.testprogcgo	src/runtime/testdata/testprogcgo/gprof.s
src.runtime.testdata.testprogcgo	src/runtime/testdata/testprogcgo/issue63739.s
src.runtime.testdata.testprogcgo	src/runtime/testdata/testprogcgo/lockosthread.s
src.runtime.testdata.testprogcgo	src/runtime/testdata/testprogcgo/main.s
src.runtime.testdata.testprogcgo	src/runtime/testdata/testprogcgo/needmdeadlock.s
src.runtime.testdata.testprogcgo	src/runtime/testdata/testprogcgo/notingo.s
src.runtime.testdata.testprogcgo	src/runtime/testdata/testprogcgo/numsroutine.s
src.runtime.testdata.testprogcgo	src/runtime/testdata/testprogcgo/panic.s
src.runtime.testdata.testprogcgo	src/runtime/testdata/testprogcgo/pprof.s
src.runtime.testdata.testprogcgo	src/runtime/testdata/testprogcgo/pprof_callback.s
src.runtime.testdata.testprogcgo	src/runtime/testdata/testprogcgo/raceprof.s
src.runtime.testdata.testprogcgo	src/runtime/testdata/testprogcgo/racesig.s
src.runtime.testdata.testprogcgo	src/runtime/testdata/testprogcgo/segv.s
src.runtime.testdata.testprogcgo	src/runtime/testdata/testprogcgo/segv_linux.s
src.runtime.testdata.testprogcgo	src/runtime/testdata/testprogcgo/sigfwd.s
src.runtime.testdata.testprogcgo	src/runtime/testdata/testprogcgo/sigpanic.s
src.runtime.testdata.testprogcgo	src/runtime/testdata/testprogcgo/sigstack.s
src.runtime.testdata.testprogcgo	src/runtime/testdata/testprogcgo/sigthrow.s
src.runtime.testdata.testprogcgo	src/runtime/testdata/testprogcgo/stack_windows.s
src.runtime.testdata.testprogcgo	src/runtime/testdata/testprogcgo/stackswitch.s
src.runtime.testdata.testprogcgo	src/runtime/testdata/testprogcgo/threadpanic.s
src.runtime.testdata.testprogcgo	src/runtime/testdata/testprogcgo/threadpprof.s
src.runtime.testdata.testprogcgo	src/runtime/testdata/testprogcgo/threadprof.s
src.runtime.testdata.testprogcgo	src/runtime/testdata/testprogcgo/trace.s
src.runtime.testdata.testprogcgo	src/runtime/testdata/testprogcgo/traceback.s
src.runtime.testdata.testprogcgo	src/runtime/testdata/testprogcgo/tracebackctxt.s
src.runtime.testdata.testprogcgo.windows	src/runtime/testdata/testprogcgo/windows/win.s
src.runtime.testdata.testprognet	src/runtime/testdata/testprognet/main.s
src.runtime.testdata.testprognet	src/runtime/testdata/testprognet/net.s
src.runtime.testdata.testprognet	src/runtime/testdata/testprognet/signal.s
src.runtime.testdata.testprognet	src/runtime/testdata/testprognet/signalexec.s
src.runtime.testdata.testprognet	src/runtime/testdata/testprognet/waiters.s
src.runtime.testdata.testsroutineleakprofile	src/runtime/testdata/testsroutineleakprofile/commonpatterns.s
src.runtime.testdata.testsroutineleakprofile	src/runtime/testdata/testsroutineleakprofile/main.s
src.runtime.testdata.testsroutineleakprofile	src/runtime/testdata/testsroutineleakprofile/simple.s
src.runtime.testdata.testsroutineleakprofile	src/runtime/testdata/testsroutineleakprofile/stresstests.s
src.runtime.testdata.testsroutineleakprofile.goker	src/runtime/testdata/testsroutineleakprofile/goker/cockroach10214.s
src.runtime.testdata.testsroutineleakprofile.goker	src/runtime/testdata/testsroutineleakprofile/goker/cockroach1055.s
src.runtime.testdata.testsroutineleakprofile.goker	src/runtime/testdata/testsroutineleakprofile/goker/cockroach10790.s
src.runtime.testdata.testsroutineleakprofile.goker	src/runtime/testdata/testsroutineleakprofile/goker/cockroach13197.s
src.runtime.testdata.testsroutineleakprofile.goker	src/runtime/testdata/testsroutineleakprofile/goker/cockroach13755.s
src.runtime.testdata.testsroutineleakprofile.goker	src/runtime/testdata/testsroutineleakprofile/goker/cockroach1462.s
src.runtime.testdata.testsroutineleakprofile.goker	src/runtime/testdata/testsroutineleakprofile/goker/cockroach16167.s
src.runtime.testdata.testsroutineleakprofile.goker	src/runtime/testdata/testsroutineleakprofile/goker/cockroach18101.s
src.runtime.testdata.testsroutineleakprofile.goker	src/runtime/testdata/testsroutineleakprofile/goker/cockroach2448.s
src.runtime.testdata.testsroutineleakprofile.goker	src/runtime/testdata/testsroutineleakprofile/goker/cockroach24808.s
src.runtime.testdata.testsroutineleakprofile.goker	src/runtime/testdata/testsroutineleakprofile/goker/cockroach25456.s
src.runtime.testdata.testsroutineleakprofile.goker	src/runtime/testdata/testsroutineleakprofile/goker/cockroach35073.s
src.runtime.testdata.testsroutineleakprofile.goker	src/runtime/testdata/testsroutineleakprofile/goker/cockroach35931.s
src.runtime.testdata.testsroutineleakprofile.goker	src/runtime/testdata/testsroutineleakprofile/goker/cockroach3710.s
src.runtime.testdata.testsroutineleakprofile.goker	src/runtime/testdata/testsroutineleakprofile/goker/cockroach584.s
src.runtime.testdata.testsroutineleakprofile.goker	src/runtime/testdata/testsroutineleakprofile/goker/cockroach6181.s
src.runtime.testdata.testsroutineleakprofile.goker	src/runtime/testdata/testsroutineleakprofile/goker/cockroach7504.s
src.runtime.testdata.testsroutineleakprofile.goker	src/runtime/testdata/testsroutineleakprofile/goker/cockroach9935.s
src.runtime.testdata.testsroutineleakprofile.goker	src/runtime/testdata/testsroutineleakprofile/goker/etcd10492.s
src.runtime.testdata.testsroutineleakprofile.goker	src/runtime/testdata/testsroutineleakprofile/goker/etcd5509.s
src.runtime.testdata.testsroutineleakprofile.goker	src/runtime/testdata/testsroutineleakprofile/goker/etcd6708.s
src.runtime.testdata.testsroutineleakprofile.goker	src/runtime/testdata/testsroutineleakprofile/goker/etcd6857.s
src.runtime.testdata.testsroutineleakprofile.goker	src/runtime/testdata/testsroutineleakprofile/goker/etcd6873.s
src.runtime.testdata.testsroutineleakprofile.goker	src/runtime/testdata/testsroutineleakprofile/goker/etcd7492.s
src.runtime.testdata.testsroutineleakprofile.goker	src/runtime/testdata/testsroutineleakprofile/goker/etcd7902.s
src.runtime.testdata.testsroutineleakprofile.goker	src/runtime/testdata/testsroutineleakprofile/goker/grpc1275.s
src.runtime.testdata.testsroutineleakprofile.goker	src/runtime/testdata/testsroutineleakprofile/goker/grpc1424.s
src.runtime.testdata.testsroutineleakprofile.goker	src/runtime/testdata/testsroutineleakprofile/goker/grpc1460.s
src.runtime.testdata.testsroutineleakprofile.goker	src/runtime/testdata/testsroutineleakprofile/goker/grpc3017.s
src.runtime.testdata.testsroutineleakprofile.goker	src/runtime/testdata/testsroutineleakprofile/goker/grpc660.s
src.runtime.testdata.testsroutineleakprofile.goker	src/runtime/testdata/testsroutineleakprofile/goker/grpc795.s
src.runtime.testdata.testsroutineleakprofile.goker	src/runtime/testdata/testsroutineleakprofile/goker/grpc862.s
src.runtime.testdata.testsroutineleakprofile.goker	src/runtime/testdata/testsroutineleakprofile/goker/hugo3251.s
src.runtime.testdata.testsroutineleakprofile.goker	src/runtime/testdata/testsroutineleakprofile/goker/hugo5379.s
src.runtime.testdata.testsroutineleakprofile.goker	src/runtime/testdata/testsroutineleakprofile/goker/istio16224.s
src.runtime.testdata.testsroutineleakprofile.goker	src/runtime/testdata/testsroutineleakprofile/goker/istio17860.s
src.runtime.testdata.testsroutineleakprofile.goker	src/runtime/testdata/testsroutineleakprofile/goker/istio18454.s
src.runtime.testdata.testsroutineleakprofile.goker	src/runtime/testdata/testsroutineleakprofile/goker/kubernetes10182.s
src.runtime.testdata.testsroutineleakprofile.goker	src/runtime/testdata/testsroutineleakprofile/goker/kubernetes11298.s
src.runtime.testdata.testsroutineleakprofile.goker	src/runtime/testdata/testsroutineleakprofile/goker/kubernetes13135.s
src.runtime.testdata.testsroutineleakprofile.goker	src/runtime/testdata/testsroutineleakprofile/goker/kubernetes1321.s
src.runtime.testdata.testsroutineleakprofile.goker	src/runtime/testdata/testsroutineleakprofile/goker/kubernetes25331.s
src.runtime.testdata.testsroutineleakprofile.goker	src/runtime/testdata/testsroutineleakprofile/goker/kubernetes26980.s
src.runtime.testdata.testsroutineleakprofile.goker	src/runtime/testdata/testsroutineleakprofile/goker/kubernetes30872.s
src.runtime.testdata.testsroutineleakprofile.goker	src/runtime/testdata/testsroutineleakprofile/goker/kubernetes38669.s
src.runtime.testdata.testsroutineleakprofile.goker	src/runtime/testdata/testsroutineleakprofile/goker/kubernetes5316.s
src.runtime.testdata.testsroutineleakprofile.goker	src/runtime/testdata/testsroutineleakprofile/goker/kubernetes58107.s
src.runtime.testdata.testsroutineleakprofile.goker	src/runtime/testdata/testsroutineleakprofile/goker/kubernetes62464.s
src.runtime.testdata.testsroutineleakprofile.goker	src/runtime/testdata/testsroutineleakprofile/goker/kubernetes6632.s
src.runtime.testdata.testsroutineleakprofile.goker	src/runtime/testdata/testsroutineleakprofile/goker/kubernetes70277.s
src.runtime.testdata.testsroutineleakprofile.goker	src/runtime/testdata/testsroutineleakprofile/goker/main.s
src.runtime.testdata.testsroutineleakprofile.goker	src/runtime/testdata/testsroutineleakprofile/goker/moby17176.s
src.runtime.testdata.testsroutineleakprofile.goker	src/runtime/testdata/testsroutineleakprofile/goker/moby21233.s
src.runtime.testdata.testsroutineleakprofile.goker	src/runtime/testdata/testsroutineleakprofile/goker/moby25384.s
src.runtime.testdata.testsroutineleakprofile.goker	src/runtime/testdata/testsroutineleakprofile/goker/moby27782.s
src.runtime.testdata.testsroutineleakprofile.goker	src/runtime/testdata/testsroutineleakprofile/goker/moby28462.s
src.runtime.testdata.testsroutineleakprofile.goker	src/runtime/testdata/testsroutineleakprofile/goker/moby30408.s
src.runtime.testdata.testsroutineleakprofile.goker	src/runtime/testdata/testsroutineleakprofile/goker/moby33781.s
src.runtime.testdata.testsroutineleakprofile.goker	src/runtime/testdata/testsroutineleakprofile/goker/moby36114.s
src.runtime.testdata.testsroutineleakprofile.goker	src/runtime/testdata/testsroutineleakprofile/goker/moby4951.s
src.runtime.testdata.testsroutineleakprofile.goker	src/runtime/testdata/testsroutineleakprofile/goker/moby7559.s
src.runtime.testdata.testsroutineleakprofile.goker	src/runtime/testdata/testsroutineleakprofile/goker/serving2137.s
src.runtime.testdata.testsroutineleakprofile.goker	src/runtime/testdata/testsroutineleakprofile/goker/syncthing4829.s
src.runtime.testdata.testsroutineleakprofile.goker	src/runtime/testdata/testsroutineleakprofile/goker/syncthing5795.s
src.runtime.testdata.testsuid	src/runtime/testdata/testsuid/main.s
src.runtime.testdata.testsynctest	src/runtime/testdata/testsynctest/main.s
src.runtime.testdata.testsyscall	src/runtime/testdata/testsyscall/testsyscall.s
src.runtime.testdata.testsyscall.testsyscallc	src/runtime/testdata/testsyscall/testsyscallc/testsyscallc.s
src.runtime.testdata.testwinlib	src/runtime/testdata/testwinlib/main.s
src.runtime.testdata.testwinlibsignal	src/runtime/testdata/testwinlibsignal/dummy.s
src.runtime.testdata.testwinlibthrow	src/runtime/testdata/testwinlibthrow/main.s
src.runtime.testdata.testwinsignal	src/runtime/testdata/testwinsignal/main.s
src.runtime.testdata.testwintls	src/runtime/testdata/testwintls/main.s
src.runtime.trace	src/runtime/trace/annotation.s
src.runtime.trace	src/runtime/trace/batch.s
src.runtime.trace	src/runtime/trace/encoding.s
src.runtime.trace	src/runtime/trace/flightrecorder.s
src.runtime.trace	src/runtime/trace/recorder.s
src.runtime.trace	src/runtime/trace/subscribe.s
src.runtime.trace	src/runtime/trace/trace.s
src.simd.archsimd	src/simd/archsimd/compare_gen_amd64.s
src.simd.archsimd	src/simd/archsimd/cpu.s
src.simd.archsimd	src/simd/archsimd/doc.s
src.simd.archsimd	src/simd/archsimd/extra_amd64.s
src.simd.archsimd	src/simd/archsimd/generate.s
src.simd.archsimd	src/simd/archsimd/maskmerge_gen_amd64.s
src.simd.archsimd	src/simd/archsimd/ops_amd64.s
src.simd.archsimd	src/simd/archsimd/ops_internal_amd64.s
src.simd.archsimd	src/simd/archsimd/other_gen_amd64.s
src.simd.archsimd	src/simd/archsimd/shuffles_amd64.s
src.simd.archsimd	src/simd/archsimd/slice_gen_amd64.s
src.simd.archsimd	src/simd/archsimd/slicepart_amd64.s
src.simd.archsimd	src/simd/archsimd/string.s
src.simd.archsimd	src/simd/archsimd/types_amd64.s
src.simd.archsimd	src/simd/archsimd/unsafe_helpers.s
src.simd.archsimd._gen	src/simd/archsimd/_gen/main.s
src.simd.archsimd._gen.simdgen	src/simd/archsimd/_gen/simdgen/gen_simdGenericOps.s
src.simd.archsimd._gen.simdgen	src/simd/archsimd/_gen/simdgen/gen_simdIntrinsics.s
src.simd.archsimd._gen.simdgen	src/simd/archsimd/_gen/simdgen/gen_simdMachineOps.s
src.simd.archsimd._gen.simdgen	src/simd/archsimd/_gen/simdgen/gen_simdTypes.s
src.simd.archsimd._gen.simdgen	src/simd/archsimd/_gen/simdgen/gen_simdrules.s
src.simd.archsimd._gen.simdgen	src/simd/archsimd/_gen/simdgen/gen_simdssa.s
src.simd.archsimd._gen.simdgen	src/simd/archsimd/_gen/simdgen/gen_utility.s
src.simd.archsimd._gen.simdgen	src/simd/archsimd/_gen/simdgen/godefs.s
src.simd.archsimd._gen.simdgen	src/simd/archsimd/_gen/simdgen/main.s
src.simd.archsimd._gen.simdgen	src/simd/archsimd/_gen/simdgen/pprint.s
src.simd.archsimd._gen.simdgen	src/simd/archsimd/_gen/simdgen/xed.s
src.simd.archsimd._gen.tmplgen	src/simd/archsimd/_gen/tmplgen/main.s
src.simd.archsimd._gen.unify	src/simd/archsimd/_gen/unify/closure.s
src.simd.archsimd._gen.unify	src/simd/archsimd/_gen/unify/domain.s
src.simd.archsimd._gen.unify	src/simd/archsimd/_gen/unify/dot.s
src.simd.archsimd._gen.unify	src/simd/archsimd/_gen/unify/env.s
src.simd.archsimd._gen.unify	src/simd/archsimd/_gen/unify/html.s
src.simd.archsimd._gen.unify	src/simd/archsimd/_gen/unify/pos.s
src.simd.archsimd._gen.unify	src/simd/archsimd/_gen/unify/trace.s
src.simd.archsimd._gen.unify	src/simd/archsimd/_gen/unify/unify.s
src.simd.archsimd._gen.unify	src/simd/archsimd/_gen/unify/value.s
src.simd.archsimd._gen.unify	src/simd/archsimd/_gen/unify/yaml.s
src.simd.archsimd.internal.simd_test	src/simd/archsimd/internal/simd_test/generate.s
src.simd.archsimd.internal.test_helpers	src/simd/archsimd/internal/test_helpers/checkslices.s
src.simd.archsimd.testdata	src/simd/archsimd/testdata/sample.s
src.slices	src/slices/iter.s
src.slices	src/slices/sort.s
src.slices	src/slices/zsortanyfunc.s
src.slices	src/slices/zsortordered.s
src.sort	src/sort/gen_sort_variants.s
src.sort	src/sort/search.s
src.sort	src/sort/slice.s
src.sort	src/sort/sort.s
src.sort	src/sort/zsortfunc.s
src.sort	src/sort/zsortinterface.s
src.strconv	src/strconv/bytealg.s
src.strconv	src/strconv/bytealg_bootstrap.s
src.strconv	src/strconv/doc.s
src.strconv	src/strconv/isprint.s
src.strconv	src/strconv/makeisprint.s
src.strconv	src/strconv/number.s
src.strconv	src/strconv/quote.s
src.strings	src/strings/builder.s
src.strings	src/strings/clone.s
src.strings	src/strings/compare.s
src.strings	src/strings/iter.s
src.strings	src/strings/reader.s
src.strings	src/strings/replace.s
src.strings	src/strings/search.s
src.strings	src/strings/strings.s
src.structs	src/structs/doc.s
src.structs	src/structs/hostlayout.s
src.switch	src/math/abs.s
src.switch	src/math/acosh.s
src.switch	src/math/arith_s390x.s
src.switch	src/math/asin.s
src.switch	src/math/asinh.s
src.switch	src/math/atan.s
src.switch	src/math/atan2.s
src.switch	src/math/atanh.s
src.switch	src/math/bits.s
src.switch	src/math/cbrt.s
src.switch	src/math/const.s
src.switch	src/math/copysign.s
src.switch	src/math/dim.s
src.switch	src/math/dim_asm.s
src.switch	src/math/dim_noasm.s
src.switch	src/math/erf.s
src.switch	src/math/erfinv.s
src.switch	src/math/exp.s
src.switch	src/math/exp2_asm.s
src.switch	src/math/exp2_noasm.s
src.switch	src/math/exp_amd64.s
src.switch	src/math/exp_asm.s
src.switch	src/math/exp_noasm.s
src.switch	src/math/expm1.s
src.switch	src/math/floor.s
src.switch	src/math/floor_asm.s
src.switch	src/math/floor_noasm.s
src.switch	src/math/fma.s
src.switch	src/math/frexp.s
src.switch	src/math/gamma.s
src.switch	src/math/hypot.s
src.switch	src/math/hypot_asm.s
src.switch	src/math/hypot_noasm.s
src.switch	src/math/j0.s
src.switch	src/math/j1.s
src.switch	src/math/jn.s
src.switch	src/math/ldexp.s
src.switch	src/math/lgamma.s
src.switch	src/math/log.s
src.switch	src/math/log10.s
src.switch	src/math/log1p.s
src.switch	src/math/log_asm.s
src.switch	src/math/log_stub.s
src.switch	src/math/logb.s
src.switch	src/math/mod.s
src.switch	src/math/modf.s
src.switch	src/math/nextafter.s
src.switch	src/math/pow.s
src.switch	src/math/pow10.s
src.switch	src/math/remainder.s
src.switch	src/math/signbit.s
src.switch	src/math/sin.s
src.switch	src/math/sincos.s
src.switch	src/math/sinh.s
src.switch	src/math/sqrt.s
src.switch	src/math/stubs.s
src.switch	src/math/tan.s
src.switch	src/math/tanh.s
src.switch	src/math/trig_reduce.s
src.switch	src/math/unsafe.s
src.switch.big	src/math/big/accuracy_string.s
src.switch.big	src/math/big/arith.s
src.switch.big	src/math/big/arith_amd64.s
src.switch.big	src/math/big/arith_decl.s
src.switch.big	src/math/big/arith_decl_pure.s
src.switch.big	src/math/big/arithvec_s390x.s
src.switch.big	src/math/big/calibrate_graph.s
src.switch.big	src/math/big/decimal.s
src.switch.big	src/math/big/doc.s
src.switch.big	src/math/big/float.s
src.switch.big	src/math/big/floatconv.s
src.switch.big	src/math/big/floatmarsh.s
src.switch.big	src/math/big/ftoa.s
src.switch.big	src/math/big/int.s
src.switch.big	src/math/big/intconv.s
src.switch.big	src/math/big/intmarsh.s
src.switch.big	src/math/big/nat.s
src.switch.big	src/math/big/natconv.s
src.switch.big	src/math/big/natdiv.s
src.switch.big	src/math/big/natmul.s
src.switch.big	src/math/big/prime.s
src.switch.big	src/math/big/rat.s
src.switch.big	src/math/big/ratconv.s
src.switch.big	src/math/big/ratmarsh.s
src.switch.big	src/math/big/roundingmode_string.s
src.switch.big	src/math/big/sqrt.s
src.switch.big.internal.asmgen	src/math/big/internal/asmgen/386.s
src.switch.big.internal.asmgen	src/math/big/internal/asmgen/add.s
src.switch.big.internal.asmgen	src/math/big/internal/asmgen/amd64.s
src.switch.big.internal.asmgen	src/math/big/internal/asmgen/arch.s
src.switch.big.internal.asmgen	src/math/big/internal/asmgen/arm.s
src.switch.big.internal.asmgen	src/math/big/internal/asmgen/arm64.s
src.switch.big.internal.asmgen	src/math/big/internal/asmgen/asm.s
src.switch.big.internal.asmgen	src/math/big/internal/asmgen/cheat.s
src.switch.big.internal.asmgen	src/math/big/internal/asmgen/func.s
src.switch.big.internal.asmgen	src/math/big/internal/asmgen/loong64.s
src.switch.big.internal.asmgen	src/math/big/internal/asmgen/main.s
src.switch.big.internal.asmgen	src/math/big/internal/asmgen/mips.s
src.switch.big.internal.asmgen	src/math/big/internal/asmgen/mips64.s
src.switch.big.internal.asmgen	src/math/big/internal/asmgen/mul.s
src.switch.big.internal.asmgen	src/math/big/internal/asmgen/pipe.s
src.switch.big.internal.asmgen	src/math/big/internal/asmgen/ppc64.s
src.switch.big.internal.asmgen	src/math/big/internal/asmgen/riscv64.s
src.switch.big.internal.asmgen	src/math/big/internal/asmgen/s390x.s
src.switch.big.internal.asmgen	src/math/big/internal/asmgen/shift.s
src.switch.bits	src/math/bits/bits.s
src.switch.bits	src/math/bits/bits_errors.s
src.switch.bits	src/math/bits/bits_errors_bootstrap.s
src.switch.bits	src/math/bits/bits_tables.s
src.switch.bits	src/math/bits/make_examples.s
src.switch.bits	src/math/bits/make_tables.s
src.switch.cmplx	src/math/cmplx/abs.s
src.switch.cmplx	src/math/cmplx/asin.s
src.switch.cmplx	src/math/cmplx/conj.s
src.switch.cmplx	src/math/cmplx/exp.s
src.switch.cmplx	src/math/cmplx/isinf.s
src.switch.cmplx	src/math/cmplx/isnan.s
src.switch.cmplx	src/math/cmplx/log.s
src.switch.cmplx	src/math/cmplx/phase.s
src.switch.cmplx	src/math/cmplx/polar.s
src.switch.cmplx	src/math/cmplx/pow.s
src.switch.cmplx	src/math/cmplx/rect.s
src.switch.cmplx	src/math/cmplx/sin.s
src.switch.cmplx	src/math/cmplx/sqrt.s
src.switch.cmplx	src/math/cmplx/tan.s
src.switch.rand	src/math/rand/exp.s
src.switch.rand	src/math/rand/gen_cooked.s
src.switch.rand	src/math/rand/normal.s
src.switch.rand	src/math/rand/rand.s
src.switch.rand	src/math/rand/rng.s
src.switch.rand	src/math/rand/zipf.s
src.switch.rand.v2	src/math/rand/v2/chacha8.s
src.switch.rand.v2	src/math/rand/v2/exp.s
src.switch.rand.v2	src/math/rand/v2/normal.s
src.switch.rand.v2	src/math/rand/v2/pcg.s
src.switch.rand.v2	src/math/rand/v2/rand.s
src.switch.rand.v2	src/math/rand/v2/zipf.s
src.sync	src/sync/cond.s
src.sync	src/sync/map.s
src.sync	src/sync/mutex.s
src.sync	src/sync/once.s
src.sync	src/sync/oncefunc.s
src.sync	src/sync/pool.s
src.sync	src/sync/poolqueue.s
src.sync	src/sync/runtime.s
src.sync	src/sync/runtime2.s
src.sync	src/sync/runtime2_lockrank.s
src.sync	src/sync/rwmutex.s
src.sync	src/sync/waitgroup.s
src.sync.atomic	src/sync/atomic/doc.s
src.sync.atomic	src/sync/atomic/doc_32.s
src.sync.atomic	src/sync/atomic/doc_64.s
src.sync.atomic	src/sync/atomic/type.s
src.sync.atomic	src/sync/atomic/value.s
src.syscall	src/syscall/badlinkname_unix.s
src.syscall	src/syscall/bpf_bsd.s
src.syscall	src/syscall/const_plan9.s
src.syscall	src/syscall/dir_plan9.s
src.syscall	src/syscall/dirent.s
src.syscall	src/syscall/dll_windows.s
src.syscall	src/syscall/env_unix.s
src.syscall	src/syscall/env_windows.s
src.syscall	src/syscall/errors_plan9.s
src.syscall	src/syscall/exec_bsd.s
src.syscall	src/syscall/exec_freebsd.s
src.syscall	src/syscall/exec_libc.s
src.syscall	src/syscall/exec_libc2.s
src.syscall	src/syscall/exec_linux.s
src.syscall	src/syscall/exec_plan9.s
src.syscall	src/syscall/exec_unix.s
src.syscall	src/syscall/exec_windows.s
src.syscall	src/syscall/flock_aix.s
src.syscall	src/syscall/flock_bsd.s
src.syscall	src/syscall/flock_linux.s
src.syscall	src/syscall/flock_linux_32bit.s
src.syscall	src/syscall/forkpipe.s
src.syscall	src/syscall/forkpipe2.s
src.syscall	src/syscall/fs_js.s
src.syscall	src/syscall/fs_wasip1.s
src.syscall	src/syscall/linkname_bsd.s
src.syscall	src/syscall/linkname_darwin.s
src.syscall	src/syscall/linkname_libc.s
src.syscall	src/syscall/linkname_openbsd.s
src.syscall	src/syscall/linkname_unix.s
src.syscall	src/syscall/lsf_linux.s
src.syscall	src/syscall/mkasm.s
src.syscall	src/syscall/mkpost.s
src.syscall	src/syscall/mksyscall_windows.s
src.syscall	src/syscall/net.s
src.syscall	src/syscall/net_fake.s
src.syscall	src/syscall/net_js.s
src.syscall	src/syscall/net_wasip1.s
src.syscall	src/syscall/netlink_linux.s
src.syscall	src/syscall/os_wasip1.s
src.syscall	src/syscall/pwd_plan9.s
src.syscall	src/syscall/rlimit.s
src.syscall	src/syscall/rlimit_darwin.s
src.syscall	src/syscall/rlimit_stub.s
src.syscall	src/syscall/route_bsd.s
src.syscall	src/syscall/route_darwin.s
src.syscall	src/syscall/route_dragonfly.s
src.syscall	src/syscall/route_freebsd.s
src.syscall	src/syscall/route_freebsd_32bit.s
src.syscall	src/syscall/route_freebsd_64bit.s
src.syscall	src/syscall/route_netbsd.s
src.syscall	src/syscall/route_openbsd.s
src.syscall	src/syscall/security_windows.s
src.syscall	src/syscall/setuidgid_32_linux.s
src.syscall	src/syscall/setuidgid_linux.s
src.syscall	src/syscall/sockcmsg_dragonfly.s
src.syscall	src/syscall/sockcmsg_linux.s
src.syscall	src/syscall/sockcmsg_unix.s
src.syscall	src/syscall/sockcmsg_unix_other.s
src.syscall	src/syscall/syscall.s
src.syscall	src/syscall/syscall_aix.s
src.syscall	src/syscall/syscall_aix_ppc64.s
src.syscall	src/syscall/syscall_bsd.s
src.syscall	src/syscall/syscall_darwin.s
src.syscall	src/syscall/syscall_darwin_amd64.s
src.syscall	src/syscall/syscall_darwin_arm64.s
src.syscall	src/syscall/syscall_dragonfly.s
src.syscall	src/syscall/syscall_dragonfly_amd64.s
src.syscall	src/syscall/syscall_freebsd.s
src.syscall	src/syscall/syscall_freebsd_386.s
src.syscall	src/syscall/syscall_freebsd_amd64.s
src.syscall	src/syscall/syscall_freebsd_arm.s
src.syscall	src/syscall/syscall_freebsd_arm64.s
src.syscall	src/syscall/syscall_freebsd_riscv64.s
src.syscall	src/syscall/syscall_illumos.s
src.syscall	src/syscall/syscall_js.s
src.syscall	src/syscall/syscall_linux.s
src.syscall	src/syscall/syscall_linux_386.s
src.syscall	src/syscall/syscall_linux_amd64.s
src.syscall	src/syscall/syscall_linux_arm.s
src.syscall	src/syscall/syscall_linux_arm64.s
src.syscall	src/syscall/syscall_linux_loong64.s
src.syscall	src/syscall/syscall_linux_mips64x.s
src.syscall	src/syscall/syscall_linux_mipsx.s
src.syscall	src/syscall/syscall_linux_ppc64x.s
src.syscall	src/syscall/syscall_linux_riscv64.s
src.syscall	src/syscall/syscall_linux_s390x.s
src.syscall	src/syscall/syscall_netbsd.s
src.syscall	src/syscall/syscall_netbsd_386.s
src.syscall	src/syscall/syscall_netbsd_amd64.s
src.syscall	src/syscall/syscall_netbsd_arm.s
src.syscall	src/syscall/syscall_netbsd_arm64.s
src.syscall	src/syscall/syscall_openbsd.s
src.syscall	src/syscall/syscall_openbsd_386.s
src.syscall	src/syscall/syscall_openbsd_amd64.s
src.syscall	src/syscall/syscall_openbsd_arm.s
src.syscall	src/syscall/syscall_openbsd_arm64.s
src.syscall	src/syscall/syscall_openbsd_ppc64.s
src.syscall	src/syscall/syscall_openbsd_riscv64.s
src.syscall	src/syscall/syscall_plan9.s
src.syscall	src/syscall/syscall_solaris.s
src.syscall	src/syscall/syscall_solaris_amd64.s
src.syscall	src/syscall/syscall_solarisonly.s
src.syscall	src/syscall/syscall_unix.s
src.syscall	src/syscall/syscall_wasip1.s
src.syscall	src/syscall/syscall_windows.s
src.syscall	src/syscall/tables_js.s
src.syscall	src/syscall/tables_wasip1.s
src.syscall	src/syscall/time_fake.s
src.syscall	src/syscall/time_nofake.s
src.syscall	src/syscall/timestruct.s
src.syscall	src/syscall/types_aix.s
src.syscall	src/syscall/types_darwin.s
src.syscall	src/syscall/types_dragonfly.s
src.syscall	src/syscall/types_freebsd.s
src.syscall	src/syscall/types_illumos_amd64.s
src.syscall	src/syscall/types_linux.s
src.syscall	src/syscall/types_netbsd.s
src.syscall	src/syscall/types_openbsd.s
src.syscall	src/syscall/types_solaris.s
src.syscall	src/syscall/types_windows.s
src.syscall	src/syscall/types_windows_386.s
src.syscall	src/syscall/types_windows_amd64.s
src.syscall	src/syscall/types_windows_arm64.s
src.syscall	src/syscall/wtf8_windows.s
src.syscall	src/syscall/zerrors_aix_ppc64.s
src.syscall	src/syscall/zerrors_darwin_amd64.s
src.syscall	src/syscall/zerrors_darwin_arm64.s
src.syscall	src/syscall/zerrors_dragonfly_amd64.s
src.syscall	src/syscall/zerrors_freebsd_386.s
src.syscall	src/syscall/zerrors_freebsd_amd64.s
src.syscall	src/syscall/zerrors_freebsd_arm.s
src.syscall	src/syscall/zerrors_freebsd_arm64.s
src.syscall	src/syscall/zerrors_freebsd_riscv64.s
src.syscall	src/syscall/zerrors_linux_386.s
src.syscall	src/syscall/zerrors_linux_amd64.s
src.syscall	src/syscall/zerrors_linux_arm.s
src.syscall	src/syscall/zerrors_linux_arm64.s
src.syscall	src/syscall/zerrors_linux_loong64.s
src.syscall	src/syscall/zerrors_linux_mips.s
src.syscall	src/syscall/zerrors_linux_mips64.s
src.syscall	src/syscall/zerrors_linux_mips64le.s
src.syscall	src/syscall/zerrors_linux_mipsle.s
src.syscall	src/syscall/zerrors_linux_ppc64.s
src.syscall	src/syscall/zerrors_linux_ppc64le.s
src.syscall	src/syscall/zerrors_linux_riscv64.s
src.syscall	src/syscall/zerrors_linux_s390x.s
src.syscall	src/syscall/zerrors_netbsd_386.s
src.syscall	src/syscall/zerrors_netbsd_amd64.s
src.syscall	src/syscall/zerrors_netbsd_arm.s
src.syscall	src/syscall/zerrors_netbsd_arm64.s
src.syscall	src/syscall/zerrors_openbsd_386.s
src.syscall	src/syscall/zerrors_openbsd_amd64.s
src.syscall	src/syscall/zerrors_openbsd_arm.s
src.syscall	src/syscall/zerrors_openbsd_arm64.s
src.syscall	src/syscall/zerrors_openbsd_ppc64.s
src.syscall	src/syscall/zerrors_openbsd_riscv64.s
src.syscall	src/syscall/zerrors_solaris_amd64.s
src.syscall	src/syscall/zerrors_windows.s
src.syscall	src/syscall/zsyscall_aix_ppc64.s
src.syscall	src/syscall/zsyscall_darwin_amd64.s
src.syscall	src/syscall/zsyscall_darwin_arm64.s
src.syscall	src/syscall/zsyscall_dragonfly_amd64.s
src.syscall	src/syscall/zsyscall_freebsd_386.s
src.syscall	src/syscall/zsyscall_freebsd_amd64.s
src.syscall	src/syscall/zsyscall_freebsd_arm.s
src.syscall	src/syscall/zsyscall_freebsd_arm64.s
src.syscall	src/syscall/zsyscall_freebsd_riscv64.s
src.syscall	src/syscall/zsyscall_linux_386.s
src.syscall	src/syscall/zsyscall_linux_amd64.s
src.syscall	src/syscall/zsyscall_linux_arm.s
src.syscall	src/syscall/zsyscall_linux_arm64.s
src.syscall	src/syscall/zsyscall_linux_loong64.s
src.syscall	src/syscall/zsyscall_linux_mips.s
src.syscall	src/syscall/zsyscall_linux_mips64.s
src.syscall	src/syscall/zsyscall_linux_mips64le.s
src.syscall	src/syscall/zsyscall_linux_mipsle.s
src.syscall	src/syscall/zsyscall_linux_ppc64.s
src.syscall	src/syscall/zsyscall_linux_ppc64le.s
src.syscall	src/syscall/zsyscall_linux_riscv64.s
src.syscall	src/syscall/zsyscall_linux_s390x.s
src.syscall	src/syscall/zsyscall_netbsd_386.s
src.syscall	src/syscall/zsyscall_netbsd_amd64.s
src.syscall	src/syscall/zsyscall_netbsd_arm.s
src.syscall	src/syscall/zsyscall_netbsd_arm64.s
src.syscall	src/syscall/zsyscall_openbsd_386.s
src.syscall	src/syscall/zsyscall_openbsd_amd64.s
src.syscall	src/syscall/zsyscall_openbsd_arm.s
src.syscall	src/syscall/zsyscall_openbsd_arm64.s
src.syscall	src/syscall/zsyscall_openbsd_ppc64.s
src.syscall	src/syscall/zsyscall_openbsd_riscv64.s
src.syscall	src/syscall/zsyscall_plan9_386.s
src.syscall	src/syscall/zsyscall_plan9_amd64.s
src.syscall	src/syscall/zsyscall_plan9_arm.s
src.syscall	src/syscall/zsyscall_solaris_amd64.s
src.syscall	src/syscall/zsyscall_windows.s
src.syscall	src/syscall/zsysctl_openbsd.s
src.syscall	src/syscall/zsysnum_darwin_amd64.s
src.syscall	src/syscall/zsysnum_darwin_arm64.s
src.syscall	src/syscall/zsysnum_dragonfly_amd64.s
src.syscall	src/syscall/zsysnum_freebsd_386.s
src.syscall	src/syscall/zsysnum_freebsd_amd64.s
src.syscall	src/syscall/zsysnum_freebsd_arm.s
src.syscall	src/syscall/zsysnum_freebsd_arm64.s
src.syscall	src/syscall/zsysnum_freebsd_riscv64.s
src.syscall	src/syscall/zsysnum_linux_386.s
src.syscall	src/syscall/zsysnum_linux_amd64.s
src.syscall	src/syscall/zsysnum_linux_arm.s
src.syscall	src/syscall/zsysnum_linux_arm64.s
src.syscall	src/syscall/zsysnum_linux_loong64.s
src.syscall	src/syscall/zsysnum_linux_mips.s
src.syscall	src/syscall/zsysnum_linux_mips64.s
src.syscall	src/syscall/zsysnum_linux_mips64le.s
src.syscall	src/syscall/zsysnum_linux_mipsle.s
src.syscall	src/syscall/zsysnum_linux_ppc64.s
src.syscall	src/syscall/zsysnum_linux_ppc64le.s
src.syscall	src/syscall/zsysnum_linux_riscv64.s
src.syscall	src/syscall/zsysnum_linux_s390x.s
src.syscall	src/syscall/zsysnum_netbsd_386.s
src.syscall	src/syscall/zsysnum_netbsd_amd64.s
src.syscall	src/syscall/zsysnum_netbsd_arm.s
src.syscall	src/syscall/zsysnum_netbsd_arm64.s
src.syscall	src/syscall/zsysnum_openbsd_386.s
src.syscall	src/syscall/zsysnum_openbsd_amd64.s
src.syscall	src/syscall/zsysnum_openbsd_arm.s
src.syscall	src/syscall/zsysnum_openbsd_arm64.s
src.syscall	src/syscall/zsysnum_openbsd_ppc64.s
src.syscall	src/syscall/zsysnum_openbsd_riscv64.s
src.syscall	src/syscall/zsysnum_plan9.s
src.syscall	src/syscall/zsysnum_solaris_amd64.s
src.syscall	src/syscall/ztypes_aix_ppc64.s
src.syscall	src/syscall/ztypes_darwin_amd64.s
src.syscall	src/syscall/ztypes_darwin_arm64.s
src.syscall	src/syscall/ztypes_dragonfly_amd64.s
src.syscall	src/syscall/ztypes_freebsd_386.s
src.syscall	src/syscall/ztypes_freebsd_amd64.s
src.syscall	src/syscall/ztypes_freebsd_arm.s
src.syscall	src/syscall/ztypes_freebsd_arm64.s
src.syscall	src/syscall/ztypes_freebsd_riscv64.s
src.syscall	src/syscall/ztypes_linux_386.s
src.syscall	src/syscall/ztypes_linux_amd64.s
src.syscall	src/syscall/ztypes_linux_arm.s
src.syscall	src/syscall/ztypes_linux_arm64.s
src.syscall	src/syscall/ztypes_linux_loong64.s
src.syscall	src/syscall/ztypes_linux_mips.s
src.syscall	src/syscall/ztypes_linux_mips64.s
src.syscall	src/syscall/ztypes_linux_mips64le.s
src.syscall	src/syscall/ztypes_linux_mipsle.s
src.syscall	src/syscall/ztypes_linux_ppc64.s
src.syscall	src/syscall/ztypes_linux_ppc64le.s
src.syscall	src/syscall/ztypes_linux_riscv64.s
src.syscall	src/syscall/ztypes_linux_s390x.s
src.syscall	src/syscall/ztypes_netbsd_386.s
src.syscall	src/syscall/ztypes_netbsd_amd64.s
src.syscall	src/syscall/ztypes_netbsd_arm.s
src.syscall	src/syscall/ztypes_netbsd_arm64.s
src.syscall	src/syscall/ztypes_openbsd_386.s
src.syscall	src/syscall/ztypes_openbsd_amd64.s
src.syscall	src/syscall/ztypes_openbsd_arm.s
src.syscall	src/syscall/ztypes_openbsd_arm64.s
src.syscall	src/syscall/ztypes_openbsd_ppc64.s
src.syscall	src/syscall/ztypes_openbsd_riscv64.s
src.syscall	src/syscall/ztypes_solaris_amd64.s
src.syscall.js	src/syscall/js/func.s
src.syscall.js	src/syscall/js/js.s
src.testing	src/testing/allocs.s
src.testing	src/testing/benchmark.s
src.testing	src/testing/cover.s
src.testing	src/testing/example.s
src.testing	src/testing/fuzz.s
src.testing	src/testing/match.s
src.testing	src/testing/newcover.s
src.testing	src/testing/run_example.s
src.testing	src/testing/run_example_wasm.s
src.testing	src/testing/testing.s
src.testing	src/testing/testing_other.s
src.testing	src/testing/testing_windows.s
src.testing.cryptotest	src/testing/cryptotest/rand.s
src.testing.fstest	src/testing/fstest/mapfs.s
src.testing.fstest	src/testing/fstest/testfs.s
src.testing.internal.testdeps	src/testing/internal/testdeps/deps.s
src.testing.iotest	src/testing/iotest/logger.s
src.testing.iotest	src/testing/iotest/reader.s
src.testing.iotest	src/testing/iotest/writer.s
src.testing.quick	src/testing/quick/quick.s
src.testing.slogtest	src/testing/slogtest/slogtest.s
src.testing.synctest	src/testing/synctest/synctest.s
src.text.scanner	src/text/scanner/scanner.s
src.text.tabwriter	src/text/tabwriter/tabwriter.s
src.text.template	src/text/template/doc.s
src.text.template	src/text/template/exec.s
src.text.template	src/text/template/funcs.s
src.text.template	src/text/template/helper.s
src.text.template	src/text/template/option.s
src.text.template	src/text/template/template.s
src.text.template.parse	src/text/template/parse/lex.s
src.text.template.parse	src/text/template/parse/node.s
src.text.template.parse	src/text/template/parse/parse.s
src.time	src/time/embed.s
src.time	src/time/format.s
src.time	src/time/format_rfc3339.s
src.time	src/time/genzabbrs.s
src.time	src/time/sleep.s
src.time	src/time/sys_plan9.s
src.time	src/time/sys_unix.s
src.time	src/time/sys_windows.s
src.time	src/time/tick.s
src.time	src/time/time.s
src.time	src/time/zoneinfo.s
src.time	src/time/zoneinfo_abbrs_windows.s
src.time	src/time/zoneinfo_android.s
src.time	src/time/zoneinfo_goroot.s
src.time	src/time/zoneinfo_ios.s
src.time	src/time/zoneinfo_js.s
src.time	src/time/zoneinfo_plan9.s
src.time	src/time/zoneinfo_read.s
src.time	src/time/zoneinfo_unix.s
src.time	src/time/zoneinfo_wasip1.s
src.time	src/time/zoneinfo_windows.s
src.time.tzdata	src/time/tzdata/tzdata.s
src.unicode	src/unicode/casetables.s
src.unicode	src/unicode/digit.s
src.unicode	src/unicode/graphic.s
src.unicode	src/unicode/letter.s
src.unicode	src/unicode/tables.s
src.unicode.utf16	src/unicode/utf16/utf16.s
src.unicode.utf8	src/unicode/utf8/utf8.s
src.unique	src/unique/canonmap.s
src.unique	src/unique/clone.s
src.unique	src/unique/doc.s
src.unique	src/unique/handle.s
src.unsafe	src/unsafe/unsafe.s
src.uuid	src/uuid/uuid.s
src.vendor.golang.org.x.crypto.chacha20	src/vendor/golang.org/x/crypto/chacha20/chacha_arm64.s
src.vendor.golang.org.x.crypto.chacha20	src/vendor/golang.org/x/crypto/chacha20/chacha_generic.s
src.vendor.golang.org.x.crypto.chacha20	src/vendor/golang.org/x/crypto/chacha20/chacha_noasm.s
src.vendor.golang.org.x.crypto.chacha20	src/vendor/golang.org/x/crypto/chacha20/chacha_ppc64x.s
src.vendor.golang.org.x.crypto.chacha20	src/vendor/golang.org/x/crypto/chacha20/chacha_s390x.s
src.vendor.golang.org.x.crypto.chacha20	src/vendor/golang.org/x/crypto/chacha20/xor.s
src.vendor.golang.org.x.crypto.chacha20poly1305	src/vendor/golang.org/x/crypto/chacha20poly1305/chacha20poly1305.s
src.vendor.golang.org.x.crypto.chacha20poly1305	src/vendor/golang.org/x/crypto/chacha20poly1305/chacha20poly1305_amd64.s
src.vendor.golang.org.x.crypto.chacha20poly1305	src/vendor/golang.org/x/crypto/chacha20poly1305/chacha20poly1305_generic.s
src.vendor.golang.org.x.crypto.chacha20poly1305	src/vendor/golang.org/x/crypto/chacha20poly1305/chacha20poly1305_noasm.s
src.vendor.golang.org.x.crypto.chacha20poly1305	src/vendor/golang.org/x/crypto/chacha20poly1305/fips140only_compat.s
src.vendor.golang.org.x.crypto.chacha20poly1305	src/vendor/golang.org/x/crypto/chacha20poly1305/fips140only_go1.26.s
src.vendor.golang.org.x.crypto.chacha20poly1305	src/vendor/golang.org/x/crypto/chacha20poly1305/xchacha20poly1305.s
src.vendor.golang.org.x.crypto.cryptobyte	src/vendor/golang.org/x/crypto/cryptobyte/asn1.s
src.vendor.golang.org.x.crypto.cryptobyte	src/vendor/golang.org/x/crypto/cryptobyte/builder.s
src.vendor.golang.org.x.crypto.cryptobyte	src/vendor/golang.org/x/crypto/cryptobyte/string.s
src.vendor.golang.org.x.crypto.cryptobyte.asn1	src/vendor/golang.org/x/crypto/cryptobyte/asn1/asn1.s
src.vendor.golang.org.x.crypto.hkdf	src/vendor/golang.org/x/crypto/hkdf/hkdf.s
src.vendor.golang.org.x.crypto.internal.alias	src/vendor/golang.org/x/crypto/internal/alias/alias.s
src.vendor.golang.org.x.crypto.internal.alias	src/vendor/golang.org/x/crypto/internal/alias/alias_purego.s
src.vendor.golang.org.x.crypto.internal.poly1305	src/vendor/golang.org/x/crypto/internal/poly1305/mac_noasm.s
src.vendor.golang.org.x.crypto.internal.poly1305	src/vendor/golang.org/x/crypto/internal/poly1305/poly1305.s
src.vendor.golang.org.x.crypto.internal.poly1305	src/vendor/golang.org/x/crypto/internal/poly1305/sum_asm.s
src.vendor.golang.org.x.crypto.internal.poly1305	src/vendor/golang.org/x/crypto/internal/poly1305/sum_generic.s
src.vendor.golang.org.x.crypto.internal.poly1305	src/vendor/golang.org/x/crypto/internal/poly1305/sum_s390x.s
src.vendor.golang.org.x.net.dns.dnsmessage	src/vendor/golang.org/x/net/dns/dnsmessage/message.s
src.vendor.golang.org.x.net.dns.dnsmessage	src/vendor/golang.org/x/net/dns/dnsmessage/svcb.s
src.vendor.golang.org.x.net.http.httpguts	src/vendor/golang.org/x/net/http/httpguts/guts.s
src.vendor.golang.org.x.net.http.httpguts	src/vendor/golang.org/x/net/http/httpguts/httplex.s
src.vendor.golang.org.x.net.http.httpproxy	src/vendor/golang.org/x/net/http/httpproxy/proxy.s
src.vendor.golang.org.x.net.http2.hpack	src/vendor/golang.org/x/net/http2/hpack/encode.s
src.vendor.golang.org.x.net.http2.hpack	src/vendor/golang.org/x/net/http2/hpack/hpack.s
src.vendor.golang.org.x.net.http2.hpack	src/vendor/golang.org/x/net/http2/hpack/huffman.s
src.vendor.golang.org.x.net.http2.hpack	src/vendor/golang.org/x/net/http2/hpack/static_table.s
src.vendor.golang.org.x.net.http2.hpack	src/vendor/golang.org/x/net/http2/hpack/tables.s
src.vendor.golang.org.x.net.http3	src/vendor/golang.org/x/net/http3/http3.s
src.vendor.golang.org.x.net.idna	src/vendor/golang.org/x/net/idna/idna.s
src.vendor.golang.org.x.net.idna	src/vendor/golang.org/x/net/idna/punycode.s
src.vendor.golang.org.x.net.idna	src/vendor/golang.org/x/net/idna/tables15.0.0.s
src.vendor.golang.org.x.net.idna	src/vendor/golang.org/x/net/idna/tables17.0.0.s
src.vendor.golang.org.x.net.idna	src/vendor/golang.org/x/net/idna/trie.s
src.vendor.golang.org.x.net.idna	src/vendor/golang.org/x/net/idna/trieval.s
src.vendor.golang.org.x.net.internal.http3	src/vendor/golang.org/x/net/internal/http3/body.s
src.vendor.golang.org.x.net.internal.http3	src/vendor/golang.org/x/net/internal/http3/conn.s
src.vendor.golang.org.x.net.internal.http3	src/vendor/golang.org/x/net/internal/http3/doc.s
src.vendor.golang.org.x.net.internal.http3	src/vendor/golang.org/x/net/internal/http3/errors.s
src.vendor.golang.org.x.net.internal.http3	src/vendor/golang.org/x/net/internal/http3/http3.s
src.vendor.golang.org.x.net.internal.http3	src/vendor/golang.org/x/net/internal/http3/qpack.s
src.vendor.golang.org.x.net.internal.http3	src/vendor/golang.org/x/net/internal/http3/qpack_decode.s
src.vendor.golang.org.x.net.internal.http3	src/vendor/golang.org/x/net/internal/http3/qpack_encode.s
src.vendor.golang.org.x.net.internal.http3	src/vendor/golang.org/x/net/internal/http3/qpack_static.s
src.vendor.golang.org.x.net.internal.http3	src/vendor/golang.org/x/net/internal/http3/quic.s
src.vendor.golang.org.x.net.internal.http3	src/vendor/golang.org/x/net/internal/http3/roundtrip.s
src.vendor.golang.org.x.net.internal.http3	src/vendor/golang.org/x/net/internal/http3/server.s
src.vendor.golang.org.x.net.internal.http3	src/vendor/golang.org/x/net/internal/http3/settings.s
src.vendor.golang.org.x.net.internal.http3	src/vendor/golang.org/x/net/internal/http3/stream.s
src.vendor.golang.org.x.net.internal.http3	src/vendor/golang.org/x/net/internal/http3/transport.s
src.vendor.golang.org.x.net.internal.http3	src/vendor/golang.org/x/net/internal/http3/varint.s
src.vendor.golang.org.x.net.internal.httpcommon	src/vendor/golang.org/x/net/internal/httpcommon/ascii.s
src.vendor.golang.org.x.net.internal.httpcommon	src/vendor/golang.org/x/net/internal/httpcommon/headermap.s
src.vendor.golang.org.x.net.internal.httpcommon	src/vendor/golang.org/x/net/internal/httpcommon/request.s
src.vendor.golang.org.x.net.internal.quic.quicwire	src/vendor/golang.org/x/net/internal/quic/quicwire/wire.s
src.vendor.golang.org.x.net.lif	src/vendor/golang.org/x/net/lif/address.s
src.vendor.golang.org.x.net.lif	src/vendor/golang.org/x/net/lif/binary.s
src.vendor.golang.org.x.net.lif	src/vendor/golang.org/x/net/lif/lif.s
src.vendor.golang.org.x.net.lif	src/vendor/golang.org/x/net/lif/link.s
src.vendor.golang.org.x.net.lif	src/vendor/golang.org/x/net/lif/sys.s
src.vendor.golang.org.x.net.lif	src/vendor/golang.org/x/net/lif/syscall.s
src.vendor.golang.org.x.net.lif	src/vendor/golang.org/x/net/lif/zsys_solaris_amd64.s
src.vendor.golang.org.x.net.nettest	src/vendor/golang.org/x/net/nettest/conntest.s
src.vendor.golang.org.x.net.nettest	src/vendor/golang.org/x/net/nettest/nettest.s
src.vendor.golang.org.x.net.nettest	src/vendor/golang.org/x/net/nettest/nettest_stub.s
src.vendor.golang.org.x.net.nettest	src/vendor/golang.org/x/net/nettest/nettest_unix.s
src.vendor.golang.org.x.net.nettest	src/vendor/golang.org/x/net/nettest/nettest_windows.s
src.vendor.golang.org.x.net.quic	src/vendor/golang.org/x/net/quic/ack_delay.s
src.vendor.golang.org.x.net.quic	src/vendor/golang.org/x/net/quic/acks.s
src.vendor.golang.org.x.net.quic	src/vendor/golang.org/x/net/quic/atomic_bits.s
src.vendor.golang.org.x.net.quic	src/vendor/golang.org/x/net/quic/config.s
src.vendor.golang.org.x.net.quic	src/vendor/golang.org/x/net/quic/congestion_reno.s
src.vendor.golang.org.x.net.quic	src/vendor/golang.org/x/net/quic/conn.s
src.vendor.golang.org.x.net.quic	src/vendor/golang.org/x/net/quic/conn_close.s
src.vendor.golang.org.x.net.quic	src/vendor/golang.org/x/net/quic/conn_flow.s
src.vendor.golang.org.x.net.quic	src/vendor/golang.org/x/net/quic/conn_id.s
src.vendor.golang.org.x.net.quic	src/vendor/golang.org/x/net/quic/conn_loss.s
src.vendor.golang.org.x.net.quic	src/vendor/golang.org/x/net/quic/conn_recv.s
src.vendor.golang.org.x.net.quic	src/vendor/golang.org/x/net/quic/conn_send.s
src.vendor.golang.org.x.net.quic	src/vendor/golang.org/x/net/quic/conn_streams.s
src.vendor.golang.org.x.net.quic	src/vendor/golang.org/x/net/quic/crypto_stream.s
src.vendor.golang.org.x.net.quic	src/vendor/golang.org/x/net/quic/dgram.s
src.vendor.golang.org.x.net.quic	src/vendor/golang.org/x/net/quic/doc.s
src.vendor.golang.org.x.net.quic	src/vendor/golang.org/x/net/quic/endpoint.s
src.vendor.golang.org.x.net.quic	src/vendor/golang.org/x/net/quic/errors.s
src.vendor.golang.org.x.net.quic	src/vendor/golang.org/x/net/quic/frame_debug.s
src.vendor.golang.org.x.net.quic	src/vendor/golang.org/x/net/quic/gate.s
src.vendor.golang.org.x.net.quic	src/vendor/golang.org/x/net/quic/idle.s
src.vendor.golang.org.x.net.quic	src/vendor/golang.org/x/net/quic/log.s
src.vendor.golang.org.x.net.quic	src/vendor/golang.org/x/net/quic/loss.s
src.vendor.golang.org.x.net.quic	src/vendor/golang.org/x/net/quic/math.s
src.vendor.golang.org.x.net.quic	src/vendor/golang.org/x/net/quic/pacer.s
src.vendor.golang.org.x.net.quic	src/vendor/golang.org/x/net/quic/packet.s
src.vendor.golang.org.x.net.quic	src/vendor/golang.org/x/net/quic/packet_number.s
src.vendor.golang.org.x.net.quic	src/vendor/golang.org/x/net/quic/packet_parser.s
src.vendor.golang.org.x.net.quic	src/vendor/golang.org/x/net/quic/packet_protection.s
src.vendor.golang.org.x.net.quic	src/vendor/golang.org/x/net/quic/packet_writer.s
src.vendor.golang.org.x.net.quic	src/vendor/golang.org/x/net/quic/path.s
src.vendor.golang.org.x.net.quic	src/vendor/golang.org/x/net/quic/ping.s
src.vendor.golang.org.x.net.quic	src/vendor/golang.org/x/net/quic/pipe.s
src.vendor.golang.org.x.net.quic	src/vendor/golang.org/x/net/quic/qlog.s
src.vendor.golang.org.x.net.quic	src/vendor/golang.org/x/net/quic/queue.s
src.vendor.golang.org.x.net.quic	src/vendor/golang.org/x/net/quic/quic.s
src.vendor.golang.org.x.net.quic	src/vendor/golang.org/x/net/quic/rangeset.s
src.vendor.golang.org.x.net.quic	src/vendor/golang.org/x/net/quic/retry.s
src.vendor.golang.org.x.net.quic	src/vendor/golang.org/x/net/quic/rtt.s
src.vendor.golang.org.x.net.quic	src/vendor/golang.org/x/net/quic/sent_packet.s
src.vendor.golang.org.x.net.quic	src/vendor/golang.org/x/net/quic/sent_packet_list.s
src.vendor.golang.org.x.net.quic	src/vendor/golang.org/x/net/quic/sent_val.s
src.vendor.golang.org.x.net.quic	src/vendor/golang.org/x/net/quic/skip.s
src.vendor.golang.org.x.net.quic	src/vendor/golang.org/x/net/quic/stateless_reset.s
src.vendor.golang.org.x.net.quic	src/vendor/golang.org/x/net/quic/stream.s
src.vendor.golang.org.x.net.quic	src/vendor/golang.org/x/net/quic/stream_limits.s
src.vendor.golang.org.x.net.quic	src/vendor/golang.org/x/net/quic/tls.s
src.vendor.golang.org.x.net.quic	src/vendor/golang.org/x/net/quic/transport_params.s
src.vendor.golang.org.x.net.quic	src/vendor/golang.org/x/net/quic/udp.s
src.vendor.golang.org.x.net.quic	src/vendor/golang.org/x/net/quic/udp_darwin.s
src.vendor.golang.org.x.net.quic	src/vendor/golang.org/x/net/quic/udp_linux.s
src.vendor.golang.org.x.net.quic	src/vendor/golang.org/x/net/quic/udp_msg.s
src.vendor.golang.org.x.net.quic	src/vendor/golang.org/x/net/quic/udp_other.s
src.vendor.golang.org.x.net.quic	src/vendor/golang.org/x/net/quic/udp_packetconn.s
src.vendor.golang.org.x.sys.cpu	src/vendor/golang.org/x/sys/cpu/byteorder.s
src.vendor.golang.org.x.sys.cpu	src/vendor/golang.org/x/sys/cpu/cpu.s
src.vendor.golang.org.x.sys.cpu	src/vendor/golang.org/x/sys/cpu/cpu_aix.s
src.vendor.golang.org.x.sys.cpu	src/vendor/golang.org/x/sys/cpu/cpu_arm.s
src.vendor.golang.org.x.sys.cpu	src/vendor/golang.org/x/sys/cpu/cpu_arm64.s
src.vendor.golang.org.x.sys.cpu	src/vendor/golang.org/x/sys/cpu/cpu_darwin_arm64.s
src.vendor.golang.org.x.sys.cpu	src/vendor/golang.org/x/sys/cpu/cpu_darwin_arm64_other.s
src.vendor.golang.org.x.sys.cpu	src/vendor/golang.org/x/sys/cpu/cpu_darwin_x86.s
src.vendor.golang.org.x.sys.cpu	src/vendor/golang.org/x/sys/cpu/cpu_gc_arm64.s
src.vendor.golang.org.x.sys.cpu	src/vendor/golang.org/x/sys/cpu/cpu_gc_s390x.s
src.vendor.golang.org.x.sys.cpu	src/vendor/golang.org/x/sys/cpu/cpu_gc_x86.s
src.vendor.golang.org.x.sys.cpu	src/vendor/golang.org/x/sys/cpu/cpu_gccgo_arm64.s
src.vendor.golang.org.x.sys.cpu	src/vendor/golang.org/x/sys/cpu/cpu_gccgo_s390x.s
src.vendor.golang.org.x.sys.cpu	src/vendor/golang.org/x/sys/cpu/cpu_gccgo_x86.s
src.vendor.golang.org.x.sys.cpu	src/vendor/golang.org/x/sys/cpu/cpu_linux.s
src.vendor.golang.org.x.sys.cpu	src/vendor/golang.org/x/sys/cpu/cpu_linux_arm.s
src.vendor.golang.org.x.sys.cpu	src/vendor/golang.org/x/sys/cpu/cpu_linux_arm64.s
src.vendor.golang.org.x.sys.cpu	src/vendor/golang.org/x/sys/cpu/cpu_linux_loong64.s
src.vendor.golang.org.x.sys.cpu	src/vendor/golang.org/x/sys/cpu/cpu_linux_mips64x.s
src.vendor.golang.org.x.sys.cpu	src/vendor/golang.org/x/sys/cpu/cpu_linux_noinit.s
src.vendor.golang.org.x.sys.cpu	src/vendor/golang.org/x/sys/cpu/cpu_linux_ppc64x.s
src.vendor.golang.org.x.sys.cpu	src/vendor/golang.org/x/sys/cpu/cpu_linux_riscv64.s
src.vendor.golang.org.x.sys.cpu	src/vendor/golang.org/x/sys/cpu/cpu_linux_s390x.s
src.vendor.golang.org.x.sys.cpu	src/vendor/golang.org/x/sys/cpu/cpu_loong64.s
src.vendor.golang.org.x.sys.cpu	src/vendor/golang.org/x/sys/cpu/cpu_mips64x.s
src.vendor.golang.org.x.sys.cpu	src/vendor/golang.org/x/sys/cpu/cpu_mipsx.s
src.vendor.golang.org.x.sys.cpu	src/vendor/golang.org/x/sys/cpu/cpu_netbsd_arm64.s
src.vendor.golang.org.x.sys.cpu	src/vendor/golang.org/x/sys/cpu/cpu_openbsd_arm64.s
src.vendor.golang.org.x.sys.cpu	src/vendor/golang.org/x/sys/cpu/cpu_other_arm.s
src.vendor.golang.org.x.sys.cpu	src/vendor/golang.org/x/sys/cpu/cpu_other_arm64.s
src.vendor.golang.org.x.sys.cpu	src/vendor/golang.org/x/sys/cpu/cpu_other_mips64x.s
src.vendor.golang.org.x.sys.cpu	src/vendor/golang.org/x/sys/cpu/cpu_other_ppc64x.s
src.vendor.golang.org.x.sys.cpu	src/vendor/golang.org/x/sys/cpu/cpu_other_riscv64.s
src.vendor.golang.org.x.sys.cpu	src/vendor/golang.org/x/sys/cpu/cpu_other_x86.s
src.vendor.golang.org.x.sys.cpu	src/vendor/golang.org/x/sys/cpu/cpu_ppc64x.s
src.vendor.golang.org.x.sys.cpu	src/vendor/golang.org/x/sys/cpu/cpu_riscv64.s
src.vendor.golang.org.x.sys.cpu	src/vendor/golang.org/x/sys/cpu/cpu_s390x.s
src.vendor.golang.org.x.sys.cpu	src/vendor/golang.org/x/sys/cpu/cpu_wasm.s
src.vendor.golang.org.x.sys.cpu	src/vendor/golang.org/x/sys/cpu/cpu_x86.s
src.vendor.golang.org.x.sys.cpu	src/vendor/golang.org/x/sys/cpu/cpu_zos.s
src.vendor.golang.org.x.sys.cpu	src/vendor/golang.org/x/sys/cpu/cpu_zos_s390x.s
src.vendor.golang.org.x.sys.cpu	src/vendor/golang.org/x/sys/cpu/endian_big.s
src.vendor.golang.org.x.sys.cpu	src/vendor/golang.org/x/sys/cpu/endian_little.s
src.vendor.golang.org.x.sys.cpu	src/vendor/golang.org/x/sys/cpu/hwcap_linux.s
src.vendor.golang.org.x.sys.cpu	src/vendor/golang.org/x/sys/cpu/parse.s
src.vendor.golang.org.x.sys.cpu	src/vendor/golang.org/x/sys/cpu/proc_cpuinfo_linux.s
src.vendor.golang.org.x.sys.cpu	src/vendor/golang.org/x/sys/cpu/runtime_auxv.s
src.vendor.golang.org.x.sys.cpu	src/vendor/golang.org/x/sys/cpu/runtime_auxv_go121.s
src.vendor.golang.org.x.sys.cpu	src/vendor/golang.org/x/sys/cpu/syscall_aix_gccgo.s
src.vendor.golang.org.x.sys.cpu	src/vendor/golang.org/x/sys/cpu/syscall_aix_ppc64_gc.s
src.vendor.golang.org.x.sys.cpu	src/vendor/golang.org/x/sys/cpu/syscall_darwin_arm64_gc.s
src.vendor.golang.org.x.sys.cpu	src/vendor/golang.org/x/sys/cpu/syscall_darwin_x86_gc.s
src.vendor.golang.org.x.text.secure.bidirule	src/vendor/golang.org/x/text/secure/bidirule/bidirule.s
src.vendor.golang.org.x.text.transform	src/vendor/golang.org/x/text/transform/transform.s
src.vendor.golang.org.x.text.unicode.bidi	src/vendor/golang.org/x/text/unicode/bidi/bidi.s
src.vendor.golang.org.x.text.unicode.bidi	src/vendor/golang.org/x/text/unicode/bidi/bracket.s
src.vendor.golang.org.x.text.unicode.bidi	src/vendor/golang.org/x/text/unicode/bidi/core.s
src.vendor.golang.org.x.text.unicode.bidi	src/vendor/golang.org/x/text/unicode/bidi/prop.s
src.vendor.golang.org.x.text.unicode.bidi	src/vendor/golang.org/x/text/unicode/bidi/tables15.0.0.s
src.vendor.golang.org.x.text.unicode.bidi	src/vendor/golang.org/x/text/unicode/bidi/tables17.0.0.s
src.vendor.golang.org.x.text.unicode.bidi	src/vendor/golang.org/x/text/unicode/bidi/trieval.s
src.vendor.golang.org.x.text.unicode.norm	src/vendor/golang.org/x/text/unicode/norm/composition.s
src.vendor.golang.org.x.text.unicode.norm	src/vendor/golang.org/x/text/unicode/norm/forminfo.s
src.vendor.golang.org.x.text.unicode.norm	src/vendor/golang.org/x/text/unicode/norm/input.s
src.vendor.golang.org.x.text.unicode.norm	src/vendor/golang.org/x/text/unicode/norm/iter.s
src.vendor.golang.org.x.text.unicode.norm	src/vendor/golang.org/x/text/unicode/norm/normalize.s
src.vendor.golang.org.x.text.unicode.norm	src/vendor/golang.org/x/text/unicode/norm/readwriter.s
src.vendor.golang.org.x.text.unicode.norm	src/vendor/golang.org/x/text/unicode/norm/tables15.0.0.s
src.vendor.golang.org.x.text.unicode.norm	src/vendor/golang.org/x/text/unicode/norm/tables17.0.0.s
src.vendor.golang.org.x.text.unicode.norm	src/vendor/golang.org/x/text/unicode/norm/transform.s
src.vendor.golang.org.x.text.unicode.norm	src/vendor/golang.org/x/text/unicode/norm/trie.s
src.weak	src/weak/doc.s
src.weak	src/weak/pointer.s
ssa	src/cmd/compile/internal/ssa/rules_engine.s
ssa_form	src/cmd/compile/internal/ssa/ssa_form.s
ssa_rules	src/cmd/compile/internal/ssa/ssa_rules.s
ssa_x86_rules	src/cmd/compile/internal/ssa/ssa_x86_rules.s
std.ai.autograd	src/std/ai/autograd.s
std.ai.nn	src/std/ai/nn/modules.s
std.autograd	src/std/autograd.s
std.binary	src/binary/binary.s
std.conv	src/std/conv.s
std.encoding	src/std/encoding.s
std.env	src/env/env.s
std.fs	src/fs/fs.s
std.io	src/io/io.s
std.io_syscall	src/std/io_syscall.s
std.math_dl	src/std/math_dl.s
std.option	src/option/option.s
std.prelude	src/prelude/prelude.s
std.process	src/process/process.s
std.process	src/std/process.s
std.result	src/result/result.s
std.runtime_nostdlib	src/std/runtime_nostdlib.s
std.slices	src/slices/slices.s
std.switch	src/std/math_enhanced.s
std.syscall	src/std/syscall.s
std.tensor	src/std/tensor.s
std.tensor_core	src/std/tensor_core.s
std.text	src/text/text.s
std.training_io	src/std/training_io.s
std.vec	src/vec/vec.s
test_backend	src/cmd/compile/internal/backend/test_backend.s
test_optimizations	src/cmd/compile/internal/tests/test_optimizations.s
testing	src/cmd/compile/testing/regression.s
toolchain	src/cmd/toolchain.s
types_complete	src/cmd/compile/internal/types/complete_types.s
